order_id,customer_id,order_date,product_category,order_value,payment_mode
ORD0001,CUST434,2024-04-20,Food,1048,Card
ORD0002,CUST452,2024-09-27,Automotive,13985,Card
ORD0003,CUST392,2025-02-16,Clothing,1370,UPI
ORD0004,CUST206,2024-02-22,Healthcare,10204,COD
ORD0005,CUST100,2025-01-06,Healthcare,5728,Card
ORD0006,CUST038,2025-01-30,Healthcare,8378,UPI
ORD0007,CUST392,2025-07-17,Clothing,7760,COD
ORD0008,CUST320,2025-11-27,Healthcare,2946,COD
ORD0009,CUST066,2024-04-09,Food,2028,COD
ORD0010,CUST407,2024-12-13,Healthcare,6990,Net Banking
ORD0011,CUST387,2024-05-27,Furniture,22741,Card
ORD0012,CUST261,2025-02-15,Healthcare,1659,UPI
ORD0013,CUST024,2024-02-09,Furniture,26382,COD
ORD0014,CUST171,2025-04-30,Healthcare,8487,COD
ORD0015,CUST077,2025-09-12,Healthcare,3290,UPI
ORD0016,CUST168,2025-09-19,Clothing,2331,UPI
ORD0017,CUST202,2025-09-23,Automotive,11805,UPI
ORD0018,CUST304,2024-12-10,Healthcare,14570,COD
ORD0019,CUST261,2025-06-29,Food,2805,COD
ORD0020,CUST154,2025-05-01,Electronics,29140,UPI
ORD0021,CUST170,2025-11-20,Electronics,32298,Card
ORD0022,CUST299,2024-11-11,Automotive,24545,UPI
ORD0023,CUST323,2024-01-28,Healthcare,8775,COD
ORD0024,CUST136,2025-11-02,Healthcare,10463,COD
ORD0025,CUST117,2024-02-22,Healthcare,8871,COD
ORD0026,CUST088,2025-06-20,Automotive,22307,Card
ORD0027,CUST397,2025-01-24,Furniture,29924,UPI
ORD0028,CUST349,2024-09-05,Electronics,42523,UPI
ORD0029,CUST486,2025-12-18,Electronics,17503,UPI
ORD0030,CUST010,2025-03-27,Clothing,4430,COD
ORD0031,CUST078,2025-02-26,Automotive,8681,COD
ORD0032,CUST211,2025-05-28,Healthcare,8726,COD
ORD0033,CUST447,2024-03-04,Automotive,6524,COD
ORD0034,CUST266,2024-07-31,Healthcare,6325,Card
ORD0035,CUST340,2025-05-04,Healthcare,7173,Net Banking
ORD0036,CUST161,2024-06-26,Food,2683,COD
ORD0037,CUST176,2025-07-13,Clothing,6536,COD
ORD0038,CUST396,2025-11-28,Automotive,24718,UPI
ORD0039,CUST136,2025-09-16,Food,1287,Card
ORD0040,CUST491,2024-09-09,Clothing,5571,UPI
ORD0041,CUST153,2024-08-18,Clothing,7317,COD
ORD0042,CUST148,2025-12-22,Furniture,25617,Card
ORD0043,CUST361,2025-05-15,Clothing,4930,UPI
ORD0044,CUST179,2025-07-27,Automotive,10960,Card
ORD0045,CUST148,2024-05-04,Healthcare,12085,Card
ORD0046,CUST279,2025-01-23,Food,1913,UPI
ORD0047,CUST489,2024-05-29,Clothing,1344,UPI
ORD0048,CUST148,2024-03-21,Clothing,4623,Card
ORD0049,CUST336,2024-09-19,Automotive,17698,Card
ORD0050,CUST110,2024-07-25,Healthcare,5442,Net Banking
ORD0051,CUST478,2025-07-29,Automotive,10900,Card
ORD0052,CUST071,2024-04-21,Healthcare,13138,COD
ORD0053,CUST301,2024-09-02,Furniture,4663,Card
ORD0054,CUST343,2025-06-27,Furniture,23904,Card
ORD0055,CUST120,2024-02-23,Electronics,32086,COD
ORD0056,CUST170,2025-04-28,Electronics,49642,UPI
ORD0057,CUST395,2024-05-20,Electronics,41067,UPI
ORD0058,CUST476,2024-06-10,Food,2448,UPI
ORD0059,CUST245,2025-10-28,Furniture,27769,Net Banking
ORD0060,CUST494,2024-10-21,Clothing,3338,Card
ORD0061,CUST331,2024-03-01,Electronics,47749,Net Banking
ORD0062,CUST294,2024-08-25,Healthcare,13102,UPI
ORD0063,CUST371,2024-02-08,Furniture,16693,UPI
ORD0064,CUST452,2024-06-29,Electronics,31017,UPI
ORD0065,CUST404,2025-05-22,Furniture,27543,UPI
ORD0066,CUST493,2024-10-23,Electronics,5607,Card
ORD0067,CUST153,2025-08-04,Healthcare,2758,UPI
ORD0068,CUST476,2024-12-09,Clothing,4722,UPI
ORD0069,CUST329,2025-07-10,Healthcare,9092,COD
ORD0070,CUST456,2024-05-17,Healthcare,8668,UPI
ORD0071,CUST140,2024-07-16,Electronics,26671,Card
ORD0072,CUST084,2025-04-14,Automotive,10430,Net Banking
ORD0073,CUST368,2024-07-09,Electronics,27092,UPI
ORD0074,CUST405,2024-10-29,Healthcare,12049,Card
ORD0075,CUST388,2024-07-16,Furniture,23019,COD
ORD0076,CUST439,2025-10-16,Food,2251,COD
ORD0077,CUST264,2024-12-01,Electronics,31269,UPI
ORD0078,CUST343,2024-04-07,Furniture,7607,COD
ORD0079,CUST245,2024-11-27,Furniture,3223,Card
ORD0080,CUST134,2025-01-27,Furniture,17638,UPI
ORD0081,CUST386,2024-09-30,Clothing,3473,Card
ORD0082,CUST299,2025-08-09,Electronics,22141,COD
ORD0083,CUST335,2025-01-03,Automotive,9743,Card
ORD0084,CUST032,2025-11-14,Electronics,35500,UPI
ORD0085,CUST158,2024-06-12,Food,2558,Card
ORD0086,CUST473,2025-12-21,Clothing,6654,UPI
ORD0087,CUST061,2025-10-16,Clothing,4010,UPI
ORD0088,CUST315,2024-08-14,Furniture,7376,UPI
ORD0089,CUST245,2024-06-05,Food,2981,UPI
ORD0090,CUST192,2025-03-01,Automotive,19997,UPI
ORD0091,CUST468,2025-04-27,Healthcare,14139,UPI
ORD0092,CUST341,2024-08-11,Furniture,25293,Card
ORD0093,CUST387,2025-09-02,Electronics,39439,UPI
ORD0094,CUST229,2025-06-24,Automotive,13854,UPI
ORD0095,CUST040,2025-07-31,Electronics,9047,COD
ORD0096,CUST425,2025-07-14,Healthcare,4312,Card
ORD0097,CUST294,2025-07-03,Furniture,8391,Card
ORD0098,CUST168,2025-06-16,Food,976,UPI
ORD0099,CUST349,2024-07-29,Automotive,21108,UPI
ORD0100,CUST251,2024-04-03,Healthcare,8298,UPI
ORD0101,CUST415,2024-02-26,Food,1040,UPI
ORD0102,CUST263,2025-03-01,Food,2809,UPI
ORD0103,CUST030,2025-07-26,Food,1762,UPI
ORD0104,CUST371,2024-01-23,Food,1542,UPI
ORD0105,CUST419,2024-01-04,Automotive,9140,UPI
ORD0106,CUST297,2024-03-15,Electronics,32767,Card
ORD0107,CUST177,2025-12-18,Electronics,40465,UPI
ORD0108,CUST031,2024-03-11,Food,629,UPI
ORD0109,CUST147,2025-02-22,Furniture,28197,Card
ORD0110,CUST070,2025-10-18,Automotive,23164,Card
ORD0111,CUST494,2025-03-06,Clothing,4133,UPI
ORD0112,CUST230,2025-01-21,Food,828,Net Banking
ORD0113,CUST350,2025-11-08,Healthcare,3178,Card
ORD0114,CUST335,2024-12-22,Electronics,16696,UPI
ORD0115,CUST276,2025-02-06,Healthcare,3086,COD
ORD0116,CUST373,2024-08-16,Electronics,6489,COD
ORD0117,CUST153,2025-04-19,Automotive,19840,UPI
ORD0118,CUST218,2025-06-28,Food,1440,UPI
ORD0119,CUST127,2025-04-16,Clothing,2270,COD
ORD0120,CUST142,2024-07-12,Automotive,5697,Net Banking
ORD0121,CUST017,2025-11-07,Food,564,UPI
ORD0122,CUST124,2024-07-30,Electronics,11612,UPI
ORD0123,CUST305,2024-02-04,Food,2948,UPI
ORD0124,CUST345,2025-12-21,Electronics,21038,Card
ORD0125,CUST380,2024-02-15,Food,2297,Card
ORD0126,CUST120,2025-07-06,Furniture,27719,UPI
ORD0127,CUST443,2024-02-27,Furniture,19511,Card
ORD0128,CUST149,2024-08-27,Automotive,20877,Net Banking
ORD0129,CUST164,2025-08-14,Healthcare,13657,UPI
ORD0130,CUST345,2024-11-24,Furniture,12888,UPI
ORD0131,CUST449,2024-05-26,Automotive,19080,Net Banking
ORD0132,CUST114,2025-02-27,Clothing,3254,COD
ORD0133,CUST032,2025-07-24,Healthcare,13045,Card
ORD0134,CUST467,2024-06-28,Automotive,24241,Card
ORD0135,CUST219,2025-07-23,Food,692,UPI
ORD0136,CUST498,2024-12-18,Automotive,23998,UPI
ORD0137,CUST196,2025-06-21,Clothing,6704,Card
ORD0138,CUST214,2025-02-22,Furniture,12826,UPI
ORD0139,CUST193,2024-07-07,Healthcare,8758,UPI
ORD0140,CUST124,2024-08-18,Clothing,6796,UPI
ORD0141,CUST074,2025-04-19,Electronics,41856,UPI
ORD0142,CUST212,2025-03-02,Healthcare,9683,UPI
ORD0143,CUST069,2025-02-01,Furniture,11355,UPI
ORD0144,CUST105,2024-12-04,Automotive,4590,UPI
ORD0145,CUST473,2025-04-05,Clothing,1757,UPI
ORD0146,CUST275,2024-07-14,Electronics,22593,COD
ORD0147,CUST194,2025-11-20,Healthcare,10878,Card
ORD0148,CUST021,2024-03-15,Furniture,29366,Card
ORD0149,CUST390,2025-08-24,Automotive,24002,Net Banking
ORD0150,CUST287,2024-08-10,Food,1355,Card
ORD0151,CUST446,2024-12-06,Clothing,1125,UPI
ORD0152,CUST109,2024-07-13,Automotive,5844,Card
ORD0153,CUST383,2025-05-05,Furniture,25794,Card
ORD0154,CUST310,2025-12-21,Furniture,15996,Net Banking
ORD0155,CUST469,2024-09-02,Healthcare,6269,UPI
ORD0156,CUST398,2024-10-16,Food,2409,UPI
ORD0157,CUST274,2025-10-26,Clothing,3526,UPI
ORD0158,CUST134,2025-01-03,Healthcare,9147,UPI
ORD0159,CUST239,2024-04-10,Automotive,17384,Card
ORD0160,CUST390,2024-11-23,Furniture,15147,Card
ORD0161,CUST161,2025-02-27,Electronics,41865,UPI
ORD0162,CUST443,2024-08-14,Automotive,6781,COD
ORD0163,CUST009,2024-09-24,Healthcare,10568,Card
ORD0164,CUST297,2025-03-03,Clothing,2248,UPI
ORD0165,CUST101,2024-12-03,Furniture,15446,UPI
ORD0166,CUST292,2024-09-08,Food,2755,UPI
ORD0167,CUST336,2025-12-02,Clothing,3108,UPI
ORD0168,CUST391,2025-05-15,Automotive,23027,UPI
ORD0169,CUST379,2025-05-17,Food,1189,UPI
ORD0170,CUST376,2024-12-26,Furniture,7586,UPI
ORD0171,CUST369,2025-07-13,Food,1253,UPI
ORD0172,CUST470,2025-07-09,Automotive,3924,COD
ORD0173,CUST269,2024-02-04,Electronics,48792,UPI
ORD0174,CUST025,2024-01-07,Food,1063,Card
ORD0175,CUST432,2025-10-07,Furniture,5227,UPI
ORD0176,CUST363,2024-06-03,Electronics,19334,COD
ORD0177,CUST259,2025-04-11,Clothing,1495,UPI
ORD0178,CUST317,2025-10-15,Automotive,22202,UPI
ORD0179,CUST468,2025-05-09,Automotive,17986,COD
ORD0180,CUST009,2024-01-07,Healthcare,10038,COD
ORD0181,CUST211,2024-01-13,Electronics,39695,COD
ORD0182,CUST370,2024-10-08,Healthcare,5697,UPI
ORD0183,CUST009,2025-05-29,Automotive,24086,UPI
ORD0184,CUST221,2024-07-02,Electronics,11312,Card
ORD0185,CUST269,2024-06-01,Furniture,9289,COD
ORD0186,CUST318,2025-06-23,Clothing,7678,Card
ORD0187,CUST182,2024-09-30,Food,823,Card
ORD0188,CUST192,2025-02-19,Food,2814,UPI
ORD0189,CUST125,2025-12-14,Furniture,12829,Net Banking
ORD0190,CUST351,2024-03-23,Automotive,23295,UPI
ORD0191,CUST389,2024-02-02,Electronics,31560,UPI
ORD0192,CUST195,2025-01-21,Healthcare,8798,UPI
ORD0193,CUST029,2025-10-14,Electronics,16231,Card
ORD0194,CUST043,2025-05-26,Food,1856,UPI
ORD0195,CUST290,2024-04-07,Healthcare,1697,UPI
ORD0196,CUST118,2024-08-04,Automotive,20572,Card
ORD0197,CUST244,2024-10-04,Electronics,9872,UPI
ORD0198,CUST351,2024-10-14,Healthcare,10232,Card
ORD0199,CUST337,2024-02-03,Furniture,13305,UPI
ORD0200,CUST009,2024-07-31,Healthcare,3362,Card
ORD0201,CUST386,2025-12-30,Food,815,Card
ORD0202,CUST154,2024-06-15,Healthcare,4939,UPI
ORD0203,CUST291,2025-02-02,Automotive,19713,UPI
ORD0204,CUST170,2025-01-28,Automotive,6585,UPI
ORD0205,CUST405,2025-12-06,Automotive,4569,UPI
ORD0206,CUST257,2024-12-20,Electronics,11401,COD
ORD0207,CUST224,2024-08-25,Electronics,27321,UPI
ORD0208,CUST310,2025-09-20,Healthcare,7499,COD
ORD0209,CUST497,2024-11-30,Electronics,46557,UPI
ORD0210,CUST140,2025-04-06,Food,1434,Card
ORD0211,CUST183,2025-07-20,Food,2268,Net Banking
ORD0212,CUST096,2025-11-27,Healthcare,11824,Card
ORD0213,CUST195,2024-03-28,Healthcare,5839,Card
ORD0214,CUST409,2024-09-09,Automotive,4408,UPI
ORD0215,CUST043,2024-10-01,Furniture,15451,UPI
ORD0216,CUST365,2025-10-11,Furniture,27237,COD
ORD0217,CUST200,2024-11-20,Clothing,1872,COD
ORD0218,CUST047,2024-01-06,Clothing,4643,COD
ORD0219,CUST185,2024-10-03,Electronics,13683,UPI
ORD0220,CUST045,2024-07-10,Food,2338,Net Banking
ORD0221,CUST286,2025-07-22,Healthcare,7685,COD
ORD0222,CUST053,2024-01-27,Electronics,28194,UPI
ORD0223,CUST284,2024-04-05,Healthcare,10798,UPI
ORD0224,CUST402,2024-11-28,Food,550,Net Banking
ORD0225,CUST150,2025-02-27,Food,846,Card
ORD0226,CUST372,2025-07-26,Furniture,21741,COD
ORD0227,CUST267,2024-06-22,Automotive,14475,UPI
ORD0228,CUST087,2024-05-22,Clothing,3466,Net Banking
ORD0229,CUST138,2025-05-19,Furniture,5073,UPI
ORD0230,CUST086,2025-03-21,Clothing,4449,UPI
ORD0231,CUST154,2025-05-10,Electronics,28666,UPI
ORD0232,CUST129,2024-09-09,Automotive,22481,COD
ORD0233,CUST254,2025-08-31,Healthcare,4203,Card
ORD0234,CUST235,2024-04-19,Furniture,12983,Card
ORD0235,CUST004,2025-02-09,Clothing,7894,UPI
ORD0236,CUST318,2025-01-24,Clothing,4606,COD
ORD0237,CUST172,2025-03-16,Automotive,21477,UPI
ORD0238,CUST070,2024-11-03,Clothing,5941,COD
ORD0239,CUST486,2025-12-12,Furniture,18696,UPI
ORD0240,CUST161,2024-06-30,Food,1807,UPI
ORD0241,CUST150,2025-12-12,Automotive,18089,Card
ORD0242,CUST496,2025-08-12,Furniture,13678,UPI
ORD0243,CUST193,2024-10-14,Food,1995,Net Banking
ORD0244,CUST059,2025-07-31,Furniture,22406,Card
ORD0245,CUST280,2024-07-03,Automotive,20025,UPI
ORD0246,CUST014,2025-04-17,Automotive,8869,COD
ORD0247,CUST225,2024-10-25,Automotive,4266,UPI
ORD0248,CUST420,2025-02-22,Automotive,18361,Card
ORD0249,CUST072,2025-10-10,Clothing,2982,COD
ORD0250,CUST130,2025-11-05,Furniture,26436,Card
ORD0251,CUST217,2025-01-21,Electronics,34430,UPI
ORD0252,CUST307,2025-05-05,Healthcare,7566,COD
ORD0253,CUST274,2025-06-02,Automotive,15706,Card
ORD0254,CUST279,2024-02-07,Clothing,6747,UPI
ORD0255,CUST459,2025-07-03,Healthcare,11455,UPI
ORD0256,CUST469,2024-03-28,Electronics,21268,Net Banking
ORD0257,CUST337,2025-11-11,Clothing,2362,Card
ORD0258,CUST332,2025-09-19,Electronics,41911,Card
ORD0259,CUST331,2025-11-24,Automotive,15094,COD
ORD0260,CUST496,2024-12-05,Food,933,Net Banking
ORD0261,CUST006,2024-04-10,Clothing,2818,UPI
ORD0262,CUST262,2025-06-15,Healthcare,10511,UPI
ORD0263,CUST353,2025-08-12,Furniture,17607,UPI
ORD0264,CUST192,2025-02-04,Food,2910,Net Banking
ORD0265,CUST354,2025-05-27,Furniture,14303,UPI
ORD0266,CUST013,2025-05-09,Electronics,24361,Card
ORD0267,CUST213,2024-03-28,Electronics,14284,Net Banking
ORD0268,CUST179,2024-11-15,Clothing,4730,COD
ORD0269,CUST402,2024-07-30,Healthcare,8912,UPI
ORD0270,CUST179,2025-05-02,Electronics,33715,COD
ORD0271,CUST370,2025-12-14,Food,1806,UPI
ORD0272,CUST035,2024-11-03,Electronics,12542,COD
ORD0273,CUST012,2024-12-17,Automotive,5583,UPI
ORD0274,CUST347,2024-06-17,Automotive,9992,UPI
ORD0275,CUST265,2024-06-27,Healthcare,3623,Net Banking
ORD0276,CUST170,2025-07-27,Food,2392,UPI
ORD0277,CUST119,2025-02-18,Automotive,8044,UPI
ORD0278,CUST096,2025-10-17,Automotive,16160,Net Banking
ORD0279,CUST203,2024-01-30,Automotive,22123,Net Banking
ORD0280,CUST453,2024-07-21,Food,2925,Card
ORD0281,CUST220,2025-02-02,Electronics,19076,Card
ORD0282,CUST106,2024-10-12,Automotive,4050,Card
ORD0283,CUST296,2024-04-14,Healthcare,4063,UPI
ORD0284,CUST188,2024-11-29,Furniture,17993,UPI
ORD0285,CUST059,2024-09-25,Automotive,18039,UPI
ORD0286,CUST271,2025-10-16,Clothing,5890,COD
ORD0287,CUST199,2025-09-17,Food,2904,Card
ORD0288,CUST059,2024-12-22,Clothing,7926,UPI
ORD0289,CUST235,2025-09-24,Furniture,29664,Card
ORD0290,CUST345,2025-12-23,Clothing,6033,COD
ORD0291,CUST303,2024-03-27,Automotive,6389,UPI
ORD0292,CUST161,2024-04-30,Furniture,13006,Card
ORD0293,CUST060,2024-07-06,Clothing,6680,Card
ORD0294,CUST073,2025-06-07,Food,2213,Card
ORD0295,CUST306,2024-05-21,Healthcare,7286,UPI
ORD0296,CUST217,2024-07-09,Food,2701,COD
ORD0297,CUST356,2025-10-22,Furniture,21183,COD
ORD0298,CUST086,2025-05-16,Clothing,2149,Card
ORD0299,CUST096,2024-11-18,Food,719,Card
ORD0300,CUST444,2025-01-02,Electronics,36759,COD
ORD0301,CUST070,2024-07-18,Food,2800,Net Banking
ORD0302,CUST259,2025-10-30,Food,2175,UPI
ORD0303,CUST351,2025-05-18,Food,2318,Card
ORD0304,CUST251,2024-06-20,Electronics,42053,Card
ORD0305,CUST016,2024-08-13,Clothing,1267,UPI
ORD0306,CUST141,2024-08-18,Healthcare,5729,Net Banking
ORD0307,CUST087,2025-04-13,Healthcare,13165,COD
ORD0308,CUST396,2025-05-22,Healthcare,9369,COD
ORD0309,CUST058,2025-08-09,Electronics,22556,Card
ORD0310,CUST397,2025-07-10,Clothing,5440,UPI
ORD0311,CUST422,2024-02-12,Automotive,16462,COD
ORD0312,CUST280,2024-08-11,Food,919,COD
ORD0313,CUST377,2025-10-31,Furniture,12755,UPI
ORD0314,CUST448,2024-02-03,Food,1576,COD
ORD0315,CUST179,2024-03-30,Food,980,COD
ORD0316,CUST398,2024-08-30,Furniture,29565,Card
ORD0317,CUST378,2025-08-25,Automotive,13489,Card
ORD0318,CUST441,2025-12-28,Healthcare,11367,UPI
ORD0319,CUST220,2024-06-18,Healthcare,3281,UPI
ORD0320,CUST402,2024-07-30,Furniture,29392,UPI
ORD0321,CUST031,2025-08-06,Clothing,5360,COD
ORD0322,CUST144,2025-09-03,Healthcare,3758,UPI
ORD0323,CUST166,2025-12-21,Clothing,3370,UPI
ORD0324,CUST294,2024-09-30,Healthcare,12129,UPI
ORD0325,CUST418,2024-04-07,Furniture,27579,Card
ORD0326,CUST403,2025-02-25,Electronics,23174,COD
ORD0327,CUST444,2025-11-02,Furniture,25984,UPI
ORD0328,CUST444,2024-05-15,Furniture,7792,UPI
ORD0329,CUST365,2024-11-25,Furniture,27951,Net Banking
ORD0330,CUST432,2025-11-23,Food,2504,Card
ORD0331,CUST073,2025-08-14,Automotive,10805,UPI
ORD0332,CUST322,2025-02-28,Food,2351,Card
ORD0333,CUST039,2025-10-10,Electronics,31401,UPI
ORD0334,CUST264,2024-10-11,Automotive,14093,UPI
ORD0335,CUST233,2025-05-14,Clothing,5767,Card
ORD0336,CUST002,2024-04-05,Automotive,17022,UPI
ORD0337,CUST326,2025-11-11,Automotive,13738,COD
ORD0338,CUST436,2024-03-05,Healthcare,7516,UPI
ORD0339,CUST112,2025-03-15,Furniture,19210,Card
ORD0340,CUST138,2024-11-26,Clothing,3766,Card
ORD0341,CUST281,2025-08-14,Furniture,21551,UPI
ORD0342,CUST437,2025-05-11,Clothing,6591,Card
ORD0343,CUST391,2024-02-19,Electronics,11525,UPI
ORD0344,CUST321,2025-04-15,Electronics,13142,COD
ORD0345,CUST476,2024-06-10,Food,2369,UPI
ORD0346,CUST001,2025-03-14,Furniture,25563,UPI
ORD0347,CUST466,2024-05-15,Automotive,11891,UPI
ORD0348,CUST082,2024-10-07,Electronics,47899,COD
ORD0349,CUST185,2024-09-13,Electronics,29369,Card
ORD0350,CUST341,2025-10-26,Furniture,4696,Card
ORD0351,CUST203,2025-10-02,Clothing,6947,UPI
ORD0352,CUST359,2024-08-27,Food,873,Net Banking
ORD0353,CUST361,2024-04-07,Electronics,18986,UPI
ORD0354,CUST245,2024-03-20,Furniture,22453,COD
ORD0355,CUST116,2025-06-15,Automotive,16583,UPI
ORD0356,CUST005,2024-01-09,Automotive,13258,UPI
ORD0357,CUST419,2024-05-03,Food,1041,UPI
ORD0358,CUST245,2024-03-13,Furniture,15552,Card
ORD0359,CUST046,2024-04-14,Electronics,25535,Card
ORD0360,CUST189,2024-11-02,Furniture,15541,UPI
ORD0361,CUST397,2024-05-16,Automotive,24188,Net Banking
ORD0362,CUST074,2024-03-11,Healthcare,10228,Card
ORD0363,CUST005,2025-09-16,Automotive,7377,Card
ORD0364,CUST226,2024-12-25,Automotive,8981,UPI
ORD0365,CUST322,2024-06-04,Food,2312,UPI
ORD0366,CUST441,2024-08-10,Electronics,11584,Card
ORD0367,CUST072,2024-05-06,Healthcare,12960,UPI
ORD0368,CUST197,2024-12-25,Food,1788,UPI
ORD0369,CUST406,2024-05-23,Furniture,12075,COD
ORD0370,CUST331,2024-03-27,Furniture,21133,COD
ORD0371,CUST308,2025-09-06,Automotive,21909,UPI
ORD0372,CUST146,2025-12-08,Electronics,48149,UPI
ORD0373,CUST449,2024-11-04,Furniture,19965,Card
ORD0374,CUST311,2025-06-05,Furniture,27505,UPI
ORD0375,CUST201,2024-10-29,Automotive,3788,UPI
ORD0376,CUST402,2024-09-02,Food,2080,UPI
ORD0377,CUST058,2024-09-03,Food,2932,Net Banking
ORD0378,CUST037,2025-06-24,Electronics,28664,Card
ORD0379,CUST479,2024-11-20,Furniture,15675,UPI
ORD0380,CUST441,2025-08-05,Food,1996,UPI
ORD0381,CUST280,2025-11-30,Furniture,27993,UPI
ORD0382,CUST242,2024-03-15,Electronics,43493,Card
ORD0383,CUST035,2024-01-15,Clothing,2767,UPI
ORD0384,CUST021,2024-03-02,Food,2575,UPI
ORD0385,CUST147,2025-10-05,Automotive,18418,Net Banking
ORD0386,CUST393,2025-03-01,Food,2147,UPI
ORD0387,CUST043,2025-10-17,Healthcare,9808,Card
ORD0388,CUST316,2024-06-05,Clothing,1684,UPI
ORD0389,CUST159,2024-03-21,Healthcare,4329,UPI
ORD0390,CUST499,2024-06-08,Healthcare,6353,UPI
ORD0391,CUST201,2025-08-23,Automotive,23293,Net Banking
ORD0392,CUST349,2025-10-20,Electronics,25327,COD
ORD0393,CUST358,2025-03-23,Automotive,9819,COD
ORD0394,CUST030,2024-09-07,Electronics,33474,UPI
ORD0395,CUST060,2025-04-09,Healthcare,10975,Card
ORD0396,CUST029,2024-11-12,Automotive,23563,UPI
ORD0397,CUST380,2024-06-28,Electronics,5830,UPI
ORD0398,CUST363,2024-05-20,Automotive,2371,COD
ORD0399,CUST084,2025-05-23,Clothing,5284,UPI
ORD0400,CUST265,2024-09-22,Furniture,15185,UPI
ORD0401,CUST065,2024-10-02,Automotive,5868,UPI
ORD0402,CUST395,2024-01-31,Clothing,7611,UPI
ORD0403,CUST220,2024-10-05,Healthcare,2046,UPI
ORD0404,CUST135,2025-12-30,Healthcare,11281,Card
ORD0405,CUST040,2025-05-23,Food,2592,UPI
ORD0406,CUST185,2024-02-26,Food,2821,COD
ORD0407,CUST086,2025-01-11,Furniture,11359,COD
ORD0408,CUST396,2024-04-15,Healthcare,12044,UPI
ORD0409,CUST371,2024-04-28,Furniture,27273,UPI
ORD0410,CUST261,2024-01-03,Electronics,5805,UPI
ORD0411,CUST126,2024-02-17,Food,1990,Card
ORD0412,CUST197,2024-06-02,Furniture,4158,UPI
ORD0413,CUST284,2025-11-02,Food,1419,Card
ORD0414,CUST165,2024-09-11,Food,1810,UPI
ORD0415,CUST139,2024-03-20,Healthcare,7108,Card
ORD0416,CUST062,2025-05-29,Automotive,3725,UPI
ORD0417,CUST092,2024-08-16,Healthcare,1752,UPI
ORD0418,CUST489,2025-02-14,Electronics,35480,COD
ORD0419,CUST444,2024-10-16,Clothing,3681,Net Banking
ORD0420,CUST045,2025-07-20,Food,532,UPI
ORD0421,CUST189,2024-07-24,Clothing,5618,COD
ORD0422,CUST402,2024-11-07,Automotive,22405,Card
ORD0423,CUST125,2025-04-20,Clothing,5847,COD
ORD0424,CUST498,2025-05-20,Furniture,27001,Net Banking
ORD0425,CUST462,2025-07-13,Furniture,7933,UPI
ORD0426,CUST004,2025-02-23,Electronics,20269,UPI
ORD0427,CUST278,2024-12-20,Automotive,24723,UPI
ORD0428,CUST450,2024-01-10,Clothing,1011,Card
ORD0429,CUST389,2025-11-04,Food,1759,Card
ORD0430,CUST054,2024-07-29,Healthcare,4902,UPI
ORD0431,CUST215,2025-05-18,Electronics,14330,UPI
ORD0432,CUST365,2024-10-13,Electronics,7877,COD
ORD0433,CUST472,2024-08-25,Healthcare,7767,COD
ORD0434,CUST359,2025-01-16,Food,847,Card
ORD0435,CUST298,2024-04-07,Healthcare,3187,UPI
ORD0436,CUST327,2025-02-07,Electronics,43790,UPI
ORD0437,CUST291,2024-03-04,Food,1035,UPI
ORD0438,CUST122,2024-10-25,Clothing,7970,COD
ORD0439,CUST162,2025-02-06,Automotive,12690,UPI
ORD0440,CUST163,2025-04-08,Clothing,2913,Card
ORD0441,CUST039,2024-07-26,Furniture,28556,UPI
ORD0442,CUST395,2025-08-21,Electronics,15184,Card
ORD0443,CUST055,2024-06-17,Food,2408,Card
ORD0444,CUST161,2025-02-20,Electronics,40122,COD
ORD0445,CUST184,2024-07-31,Food,1762,UPI
ORD0446,CUST238,2024-09-28,Electronics,10925,UPI
ORD0447,CUST081,2025-12-03,Clothing,7769,UPI
ORD0448,CUST361,2025-12-14,Healthcare,1660,COD
ORD0449,CUST111,2024-12-01,Furniture,5988,COD
ORD0450,CUST365,2024-09-11,Clothing,4246,Card
ORD0451,CUST263,2024-02-20,Automotive,11792,Card
ORD0452,CUST134,2024-06-27,Electronics,31502,Card
ORD0453,CUST438,2025-04-08,Healthcare,13256,UPI
ORD0454,CUST282,2024-09-12,Electronics,35280,COD
ORD0455,CUST053,2024-05-23,Electronics,5783,UPI
ORD0456,CUST032,2024-08-15,Furniture,9492,UPI
ORD0457,CUST422,2025-02-14,Clothing,6622,Card
ORD0458,CUST323,2025-10-22,Electronics,43163,UPI
ORD0459,CUST301,2024-09-22,Electronics,6428,UPI
ORD0460,CUST034,2024-07-21,Automotive,16530,Net Banking
ORD0461,CUST415,2024-05-11,Electronics,26728,UPI
ORD0462,CUST063,2024-02-13,Food,707,Card
ORD0463,CUST087,2025-08-10,Food,2117,UPI
ORD0464,CUST255,2024-01-31,Food,2247,UPI
ORD0465,CUST089,2024-12-28,Furniture,9132,UPI
ORD0466,CUST141,2024-10-13,Food,1108,UPI
ORD0467,CUST018,2025-09-20,Healthcare,11108,Net Banking
ORD0468,CUST126,2025-10-24,Clothing,5086,UPI
ORD0469,CUST211,2025-07-17,Food,749,Card
ORD0470,CUST045,2024-10-13,Food,1062,Card
ORD0471,CUST215,2024-07-23,Automotive,19229,Card
ORD0472,CUST128,2025-10-07,Healthcare,14022,COD
ORD0473,CUST010,2025-01-26,Automotive,13767,Net Banking
ORD0474,CUST246,2025-07-11,Food,1909,UPI
ORD0475,CUST468,2025-08-02,Healthcare,6269,UPI
ORD0476,CUST199,2024-10-03,Furniture,3854,UPI
ORD0477,CUST164,2025-09-03,Furniture,3960,Card
ORD0478,CUST459,2024-10-14,Electronics,35912,UPI
ORD0479,CUST272,2025-01-01,Healthcare,4813,Card
ORD0480,CUST499,2024-06-12,Electronics,21243,Card
ORD0481,CUST337,2024-09-03,Clothing,5371,UPI
ORD0482,CUST418,2024-02-27,Furniture,21864,Net Banking
ORD0483,CUST434,2025-02-01,Clothing,7874,UPI
ORD0484,CUST433,2024-06-26,Furniture,10751,UPI
ORD0485,CUST304,2024-11-21,Automotive,24859,Net Banking
ORD0486,CUST184,2025-08-28,Electronics,28047,Card
ORD0487,CUST486,2025-08-04,Healthcare,3328,Card
ORD0488,CUST289,2024-07-11,Food,2720,UPI
ORD0489,CUST159,2024-06-28,Food,655,UPI
ORD0490,CUST047,2024-02-27,Furniture,22715,COD
ORD0491,CUST113,2024-01-21,Healthcare,8831,Net Banking
ORD0492,CUST001,2024-12-05,Healthcare,4300,Card
ORD0493,CUST413,2024-05-13,Clothing,6873,UPI
ORD0494,CUST091,2024-11-27,Electronics,6436,Card
ORD0495,CUST076,2025-08-23,Automotive,6641,UPI
ORD0496,CUST397,2024-04-23,Healthcare,6978,UPI
ORD0497,CUST492,2024-03-15,Clothing,6771,COD
ORD0498,CUST483,2025-11-09,Food,2900,UPI
ORD0499,CUST052,2024-12-10,Clothing,3642,COD
ORD0500,CUST070,2024-06-10,Automotive,16315,UPI
ORD0501,CUST406,2025-10-16,Food,1799,UPI
ORD0502,CUST090,2025-12-25,Healthcare,12363,Card
ORD0503,CUST456,2025-09-20,Clothing,2828,COD
ORD0504,CUST341,2025-08-26,Furniture,15398,Net Banking
ORD0505,CUST158,2025-12-06,Clothing,2043,COD
ORD0506,CUST091,2024-01-02,Automotive,20770,Card
ORD0507,CUST201,2025-08-04,Electronics,16932,Card
ORD0508,CUST309,2024-11-21,Healthcare,4619,COD
ORD0509,CUST328,2025-08-02,Electronics,37517,UPI
ORD0510,CUST073,2024-12-05,Automotive,4549,Card
ORD0511,CUST122,2024-12-21,Clothing,2375,UPI
ORD0512,CUST326,2024-03-31,Automotive,23955,COD
ORD0513,CUST328,2024-12-09,Food,546,COD
ORD0514,CUST136,2024-08-02,Furniture,25713,UPI
ORD0515,CUST035,2024-12-24,Clothing,7447,Net Banking
ORD0516,CUST056,2024-01-02,Electronics,30292,COD
ORD0517,CUST225,2025-03-05,Furniture,16566,UPI
ORD0518,CUST253,2025-01-22,Clothing,5473,Card
ORD0519,CUST193,2024-04-13,Food,2867,COD
ORD0520,CUST334,2025-12-04,Furniture,8329,UPI
ORD0521,CUST232,2024-03-16,Electronics,24327,Card
ORD0522,CUST011,2024-11-22,Clothing,1857,UPI
ORD0523,CUST038,2024-12-16,Furniture,15303,COD
ORD0524,CUST083,2024-03-17,Healthcare,2525,COD
ORD0525,CUST174,2025-08-31,Healthcare,8909,COD
ORD0526,CUST361,2024-02-01,Food,1175,Card
ORD0527,CUST311,2025-03-20,Furniture,4754,COD
ORD0528,CUST052,2024-12-05,Furniture,9225,COD
ORD0529,CUST210,2025-12-14,Healthcare,12829,UPI
ORD0530,CUST474,2025-07-07,Clothing,6411,COD
ORD0531,CUST145,2024-10-31,Furniture,6142,UPI
ORD0532,CUST026,2025-02-06,Healthcare,10005,Card
ORD0533,CUST431,2025-05-17,Furniture,4786,UPI
ORD0534,CUST185,2024-01-04,Food,858,UPI
ORD0535,CUST151,2025-11-08,Automotive,21667,UPI
ORD0536,CUST246,2024-07-23,Electronics,6686,Card
ORD0537,CUST106,2024-06-23,Automotive,11562,UPI
ORD0538,CUST042,2025-04-29,Electronics,25208,Net Banking
ORD0539,CUST402,2025-02-11,Food,2503,UPI
ORD0540,CUST459,2025-11-07,Clothing,1746,UPI
ORD0541,CUST329,2025-07-11,Food,1257,Card
ORD0542,CUST190,2025-01-25,Clothing,2528,Net Banking
ORD0543,CUST229,2024-02-15,Clothing,4602,UPI
ORD0544,CUST239,2024-09-26,Furniture,11800,Card
ORD0545,CUST289,2024-03-04,Furniture,27649,COD
ORD0546,CUST357,2025-11-14,Electronics,10616,Card
ORD0547,CUST343,2024-12-18,Healthcare,7782,UPI
ORD0548,CUST498,2025-08-26,Furniture,21140,UPI
ORD0549,CUST032,2025-01-31,Healthcare,7858,COD
ORD0550,CUST495,2025-07-02,Automotive,17559,UPI
ORD0551,CUST294,2024-08-29,Food,1724,COD
ORD0552,CUST041,2025-02-08,Automotive,3137,Card
ORD0553,CUST258,2025-08-07,Healthcare,14114,COD
ORD0554,CUST293,2025-11-24,Healthcare,3415,Net Banking
ORD0555,CUST062,2025-04-04,Furniture,8477,COD
ORD0556,CUST498,2024-08-04,Furniture,7134,UPI
ORD0557,CUST022,2025-03-09,Electronics,49769,Net Banking
ORD0558,CUST223,2024-07-25,Automotive,6845,UPI
ORD0559,CUST428,2025-09-01,Clothing,3619,Card
ORD0560,CUST467,2024-03-09,Electronics,30434,Card
ORD0561,CUST285,2025-02-10,Healthcare,6343,COD
ORD0562,CUST439,2024-10-09,Healthcare,8506,COD
ORD0563,CUST470,2024-01-13,Automotive,22416,Net Banking
ORD0564,CUST301,2025-06-19,Food,960,UPI
ORD0565,CUST213,2024-06-02,Furniture,21566,UPI
ORD0566,CUST302,2025-08-19,Electronics,11922,Net Banking
ORD0567,CUST289,2024-04-13,Clothing,5387,UPI
ORD0568,CUST451,2024-12-18,Food,1581,UPI
ORD0569,CUST197,2025-11-01,Food,2843,UPI
ORD0570,CUST312,2025-04-29,Electronics,16285,UPI
ORD0571,CUST142,2025-02-16,Furniture,23258,UPI
ORD0572,CUST312,2025-11-28,Automotive,15163,UPI
ORD0573,CUST020,2025-02-09,Clothing,6656,UPI
ORD0574,CUST122,2024-02-20,Automotive,17571,UPI
ORD0575,CUST472,2024-10-02,Clothing,1165,COD
ORD0576,CUST173,2024-11-06,Clothing,3296,UPI
ORD0577,CUST432,2025-05-18,Automotive,24441,UPI
ORD0578,CUST051,2024-08-21,Furniture,12846,Card
ORD0579,CUST499,2025-03-29,Clothing,3207,UPI
ORD0580,CUST374,2025-03-02,Healthcare,11576,COD
ORD0581,CUST046,2024-07-11,Food,1365,Net Banking
ORD0582,CUST468,2025-02-20,Automotive,17874,UPI
ORD0583,CUST389,2025-06-12,Clothing,7725,UPI
ORD0584,CUST029,2025-06-11,Furniture,5150,COD
ORD0585,CUST160,2025-12-27,Healthcare,7609,COD
ORD0586,CUST070,2025-06-20,Healthcare,1474,Card
ORD0587,CUST089,2024-07-16,Furniture,4888,Card
ORD0588,CUST128,2024-02-03,Food,707,UPI
ORD0589,CUST471,2025-01-04,Automotive,8524,COD
ORD0590,CUST141,2025-01-12,Food,2568,UPI
ORD0591,CUST204,2025-10-12,Electronics,49641,COD
ORD0592,CUST016,2024-09-04,Clothing,5004,Card
ORD0593,CUST305,2025-04-01,Furniture,18551,Card
ORD0594,CUST301,2025-07-18,Clothing,3820,Card
ORD0595,CUST084,2024-09-21,Automotive,24572,UPI
ORD0596,CUST047,2024-10-18,Electronics,30333,UPI
ORD0597,CUST026,2024-06-15,Healthcare,13776,UPI
ORD0598,CUST495,2024-08-07,Furniture,24213,UPI
ORD0599,CUST116,2025-11-24,Furniture,11817,Net Banking
ORD0600,CUST334,2025-02-23,Healthcare,1328,UPI
ORD0601,CUST443,2025-11-29,Electronics,36070,UPI
ORD0602,CUST467,2024-05-15,Automotive,7675,COD
ORD0603,CUST308,2024-01-09,Furniture,11270,COD
ORD0604,CUST312,2024-11-08,Automotive,23061,COD
ORD0605,CUST141,2025-03-09,Food,1928,COD
ORD0606,CUST236,2024-09-15,Furniture,18292,UPI
ORD0607,CUST155,2025-11-24,Healthcare,14505,UPI
ORD0608,CUST320,2025-02-10,Healthcare,2676,Net Banking
ORD0609,CUST004,2025-06-07,Automotive,14262,Card
ORD0610,CUST288,2025-10-24,Healthcare,10978,UPI
ORD0611,CUST145,2024-11-01,Automotive,5542,COD
ORD0612,CUST247,2024-03-06,Clothing,3264,UPI
ORD0613,CUST328,2024-11-28,Clothing,3139,UPI
ORD0614,CUST336,2025-12-29,Automotive,11790,Card
ORD0615,CUST097,2024-06-02,Healthcare,13541,Card
ORD0616,CUST124,2024-02-28,Healthcare,7620,Card
ORD0617,CUST339,2024-11-23,Automotive,6585,UPI
ORD0618,CUST370,2024-01-27,Automotive,18297,COD
ORD0619,CUST152,2024-09-22,Food,2157,UPI
ORD0620,CUST199,2024-02-06,Healthcare,12601,UPI
ORD0621,CUST293,2024-07-13,Clothing,6951,COD
ORD0622,CUST366,2024-08-15,Automotive,19518,COD
ORD0623,CUST327,2025-05-02,Automotive,13747,COD
ORD0624,CUST260,2024-11-03,Furniture,24548,COD
ORD0625,CUST449,2025-07-25,Furniture,12626,Card
ORD0626,CUST050,2025-04-27,Furniture,27278,Card
ORD0627,CUST133,2025-07-26,Furniture,25272,UPI
ORD0628,CUST461,2024-12-09,Automotive,4926,UPI
ORD0629,CUST114,2024-12-29,Furniture,27386,UPI
ORD0630,CUST447,2024-11-10,Food,1857,UPI
ORD0631,CUST191,2024-09-23,Healthcare,5817,Net Banking
ORD0632,CUST238,2024-04-30,Food,719,Card
ORD0633,CUST444,2025-10-11,Healthcare,10507,UPI
ORD0634,CUST484,2025-09-27,Electronics,35947,UPI
ORD0635,CUST456,2024-07-18,Healthcare,2963,Card
ORD0636,CUST445,2025-11-28,Food,2670,UPI
ORD0637,CUST153,2025-02-27,Electronics,14881,COD
ORD0638,CUST071,2024-07-24,Clothing,4352,Card
ORD0639,CUST292,2025-04-13,Furniture,13367,Card
ORD0640,CUST442,2024-07-03,Electronics,36954,Card
ORD0641,CUST171,2025-10-08,Furniture,13269,COD
ORD0642,CUST325,2024-02-29,Electronics,34625,UPI
ORD0643,CUST141,2024-08-02,Furniture,21883,Card
ORD0644,CUST392,2024-06-11,Food,860,Card
ORD0645,CUST067,2025-09-21,Food,2258,UPI
ORD0646,CUST207,2025-03-15,Food,2070,COD
ORD0647,CUST003,2024-02-08,Healthcare,4267,Net Banking
ORD0648,CUST375,2025-01-17,Electronics,26116,Card
ORD0649,CUST388,2025-06-27,Furniture,3587,COD
ORD0650,CUST347,2024-01-05,Automotive,10153,COD
ORD0651,CUST116,2025-12-11,Clothing,3556,Net Banking
ORD0652,CUST067,2024-04-15,Food,2561,COD
ORD0653,CUST302,2024-11-09,Furniture,5139,Card
ORD0654,CUST422,2024-02-16,Clothing,3382,Card
ORD0655,CUST234,2025-06-16,Healthcare,9587,Card
ORD0656,CUST173,2025-03-20,Automotive,6384,Net Banking
ORD0657,CUST176,2025-05-16,Clothing,7144,UPI
ORD0658,CUST097,2024-06-17,Food,578,COD
ORD0659,CUST117,2024-08-17,Automotive,6299,COD
ORD0660,CUST109,2024-01-23,Healthcare,9267,UPI
ORD0661,CUST087,2024-05-06,Clothing,6825,COD
ORD0662,CUST334,2024-02-08,Food,1547,UPI
ORD0663,CUST395,2025-07-01,Healthcare,1796,UPI
ORD0664,CUST305,2024-02-19,Automotive,5542,Net Banking
ORD0665,CUST335,2024-01-21,Electronics,12588,UPI
ORD0666,CUST214,2025-03-30,Food,1006,COD
ORD0667,CUST281,2024-09-15,Food,1127,COD
ORD0668,CUST106,2025-12-12,Automotive,22654,Card
ORD0669,CUST005,2024-11-04,Food,913,UPI
ORD0670,CUST340,2025-06-16,Clothing,6101,UPI
ORD0671,CUST311,2025-12-18,Furniture,16724,Card
ORD0672,CUST426,2024-04-17,Healthcare,12776,COD
ORD0673,CUST317,2024-04-30,Clothing,1933,Card
ORD0674,CUST402,2024-04-18,Food,1313,UPI
ORD0675,CUST312,2024-07-23,Clothing,7811,Card
ORD0676,CUST268,2024-07-25,Clothing,6762,Card
ORD0677,CUST210,2024-10-29,Furniture,4291,Net Banking
ORD0678,CUST281,2025-05-23,Furniture,25551,UPI
ORD0679,CUST478,2025-05-07,Clothing,2921,Net Banking
ORD0680,CUST002,2024-01-14,Automotive,4916,Card
ORD0681,CUST465,2024-04-23,Healthcare,11961,COD
ORD0682,CUST253,2024-06-01,Electronics,38535,UPI
ORD0683,CUST039,2024-04-13,Clothing,6278,Card
ORD0684,CUST119,2025-04-12,Clothing,3163,COD
ORD0685,CUST238,2024-02-21,Electronics,16449,UPI
ORD0686,CUST448,2024-02-10,Clothing,3950,COD
ORD0687,CUST411,2025-11-24,Clothing,4489,Card
ORD0688,CUST379,2024-04-28,Electronics,8007,UPI
ORD0689,CUST005,2024-05-21,Automotive,23207,UPI
ORD0690,CUST088,2024-12-02,Clothing,4585,Net Banking
ORD0691,CUST490,2025-09-28,Clothing,7005,UPI
ORD0692,CUST048,2025-01-16,Clothing,2498,Card
ORD0693,CUST059,2025-02-14,Food,2369,UPI
ORD0694,CUST140,2025-01-29,Automotive,17671,Card
ORD0695,CUST410,2025-03-07,Automotive,7465,UPI
ORD0696,CUST058,2024-05-15,Automotive,3921,COD
ORD0697,CUST483,2024-06-12,Electronics,32264,COD
ORD0698,CUST467,2025-08-27,Food,2830,COD
ORD0699,CUST348,2025-03-24,Furniture,23031,Net Banking
ORD0700,CUST195,2025-01-02,Healthcare,1472,UPI
ORD0701,CUST442,2025-12-01,Automotive,6281,Net Banking
ORD0702,CUST248,2025-05-14,Electronics,31953,UPI
ORD0703,CUST226,2024-02-17,Electronics,22145,UPI
ORD0704,CUST336,2024-11-17,Electronics,49428,UPI
ORD0705,CUST269,2025-08-13,Automotive,20514,Card
ORD0706,CUST115,2025-11-16,Clothing,5252,Net Banking
ORD0707,CUST268,2025-12-05,Automotive,22258,Card
ORD0708,CUST049,2025-03-19,Automotive,10145,UPI
ORD0709,CUST247,2024-12-20,Automotive,24160,UPI
ORD0710,CUST329,2025-01-29,Furniture,21295,COD
ORD0711,CUST457,2025-09-19,Electronics,5763,UPI
ORD0712,CUST330,2024-06-09,Healthcare,14907,Card
ORD0713,CUST241,2025-05-22,Furniture,5453,UPI
ORD0714,CUST385,2025-05-18,Clothing,2973,Net Banking
ORD0715,CUST170,2024-10-11,Electronics,38222,Card
ORD0716,CUST115,2025-07-17,Automotive,14407,UPI
ORD0717,CUST207,2024-08-28,Electronics,35087,UPI
ORD0718,CUST228,2025-08-09,Food,860,Card
ORD0719,CUST439,2025-05-25,Food,1794,Card
ORD0720,CUST061,2025-05-24,Automotive,23409,UPI
ORD0721,CUST010,2024-04-15,Food,2188,COD
ORD0722,CUST019,2025-07-24,Healthcare,1002,UPI
ORD0723,CUST423,2024-04-03,Healthcare,11142,UPI
ORD0724,CUST327,2024-11-07,Healthcare,10213,COD
ORD0725,CUST106,2025-11-01,Automotive,16949,UPI
ORD0726,CUST487,2024-12-15,Clothing,7760,Card
ORD0727,CUST028,2024-08-16,Food,1859,UPI
ORD0728,CUST287,2025-09-26,Healthcare,8751,UPI
ORD0729,CUST367,2025-11-03,Clothing,6864,COD
ORD0730,CUST232,2024-04-26,Electronics,48182,UPI
ORD0731,CUST114,2024-01-03,Clothing,3909,COD
ORD0732,CUST425,2025-10-10,Clothing,5486,UPI
ORD0733,CUST268,2025-01-17,Automotive,5483,UPI
ORD0734,CUST024,2024-06-17,Food,1075,UPI
ORD0735,CUST421,2025-02-23,Electronics,21665,Card
ORD0736,CUST313,2024-07-19,Furniture,6956,UPI
ORD0737,CUST477,2025-02-06,Furniture,17976,COD
ORD0738,CUST423,2024-07-14,Automotive,13073,Card
ORD0739,CUST056,2025-02-28,Electronics,46500,COD
ORD0740,CUST429,2025-11-19,Healthcare,3018,UPI
ORD0741,CUST396,2025-04-06,Food,2913,COD
ORD0742,CUST490,2025-05-31,Furniture,19345,Net Banking
ORD0743,CUST003,2025-06-27,Automotive,3591,Net Banking
ORD0744,CUST284,2025-03-19,Healthcare,8912,COD
ORD0745,CUST474,2025-06-04,Furniture,25669,Net Banking
ORD0746,CUST297,2024-06-26,Automotive,6206,Card
ORD0747,CUST054,2025-01-31,Automotive,21678,UPI
ORD0748,CUST311,2024-11-25,Healthcare,7302,UPI
ORD0749,CUST215,2025-09-15,Automotive,10134,COD
ORD0750,CUST141,2025-02-11,Clothing,3409,Card
ORD0751,CUST232,2024-05-16,Furniture,16524,Net Banking
ORD0752,CUST309,2025-12-17,Automotive,18786,Card
ORD0753,CUST154,2025-12-19,Healthcare,6143,UPI
ORD0754,CUST365,2025-07-20,Automotive,9121,UPI
ORD0755,CUST103,2024-08-02,Healthcare,12704,Card
ORD0756,CUST149,2025-12-04,Clothing,6508,UPI
ORD0757,CUST068,2025-12-28,Automotive,7826,UPI
ORD0758,CUST258,2025-07-09,Automotive,22869,Card
ORD0759,CUST166,2025-12-28,Electronics,28084,UPI
ORD0760,CUST288,2025-05-06,Healthcare,10349,Card
ORD0761,CUST483,2025-11-14,Automotive,15679,UPI
ORD0762,CUST346,2025-06-30,Clothing,7941,Net Banking
ORD0763,CUST217,2024-01-14,Healthcare,2744,UPI
ORD0764,CUST013,2025-01-25,Furniture,4738,Card
ORD0765,CUST344,2024-02-27,Furniture,11748,UPI
ORD0766,CUST385,2024-06-13,Clothing,6598,UPI
ORD0767,CUST129,2024-05-29,Electronics,24342,UPI
ORD0768,CUST105,2025-07-08,Electronics,28506,Card
ORD0769,CUST417,2025-04-08,Electronics,45377,Card
ORD0770,CUST445,2025-11-22,Automotive,20411,UPI
ORD0771,CUST443,2024-08-17,Automotive,23204,Card
ORD0772,CUST288,2025-02-02,Furniture,19741,COD
ORD0773,CUST402,2025-12-13,Clothing,6676,Net Banking
ORD0774,CUST341,2024-02-18,Food,2087,UPI
ORD0775,CUST214,2025-12-02,Clothing,5523,Card
ORD0776,CUST028,2024-01-14,Automotive,10235,UPI
ORD0777,CUST104,2025-09-27,Food,1423,UPI
ORD0778,CUST467,2025-10-10,Automotive,23221,COD
ORD0779,CUST189,2025-08-25,Healthcare,13098,UPI
ORD0780,CUST309,2024-07-20,Automotive,8340,Card
ORD0781,CUST151,2025-04-04,Furniture,25369,Card
ORD0782,CUST039,2024-07-10,Furniture,27087,Net Banking
ORD0783,CUST264,2024-05-02,Food,666,Card
ORD0784,CUST220,2024-10-12,Healthcare,5329,UPI
ORD0785,CUST067,2024-06-13,Healthcare,14861,UPI
ORD0786,CUST131,2024-01-06,Clothing,4820,Card
ORD0787,CUST364,2024-06-07,Electronics,15073,UPI
ORD0788,CUST476,2024-11-26,Healthcare,1833,UPI
ORD0789,CUST397,2025-10-02,Healthcare,14814,UPI
ORD0790,CUST339,2024-11-04,Food,2845,UPI
ORD0791,CUST282,2025-01-01,Electronics,25831,UPI
ORD0792,CUST270,2024-08-13,Furniture,20059,UPI
ORD0793,CUST035,2025-06-01,Furniture,16629,Card
ORD0794,CUST279,2025-07-03,Food,876,Card
ORD0795,CUST179,2024-08-14,Furniture,24736,COD
ORD0796,CUST170,2024-12-05,Clothing,3404,UPI
ORD0797,CUST112,2025-09-25,Healthcare,8780,UPI
ORD0798,CUST288,2025-10-26,Electronics,12518,UPI
ORD0799,CUST343,2024-12-20,Food,1484,Card
ORD0800,CUST464,2025-10-19,Healthcare,11176,Net Banking
ORD0801,CUST125,2024-02-10,Automotive,12516,UPI
ORD0802,CUST196,2024-04-26,Food,1550,COD
ORD0803,CUST277,2024-10-16,Electronics,38873,UPI
ORD0804,CUST421,2025-01-18,Healthcare,14153,Card
ORD0805,CUST261,2025-04-01,Food,679,Net Banking
ORD0806,CUST152,2025-10-29,Furniture,13496,COD
ORD0807,CUST264,2024-03-25,Electronics,15970,Net Banking
ORD0808,CUST498,2025-07-04,Healthcare,1120,COD
ORD0809,CUST321,2024-03-08,Furniture,24965,UPI
ORD0810,CUST323,2024-08-06,Automotive,15900,COD
ORD0811,CUST428,2024-04-16,Furniture,20621,UPI
ORD0812,CUST425,2025-12-20,Automotive,16261,COD
ORD0813,CUST332,2024-03-14,Automotive,24480,Card
ORD0814,CUST079,2024-01-25,Food,1858,COD
ORD0815,CUST020,2024-03-30,Electronics,8556,Card
ORD0816,CUST092,2024-09-14,Healthcare,2154,Card
ORD0817,CUST295,2024-08-21,Clothing,4339,Card
ORD0818,CUST199,2025-04-06,Automotive,15252,Net Banking
ORD0819,CUST222,2024-11-19,Electronics,30526,UPI
ORD0820,CUST345,2024-05-01,Healthcare,1096,UPI
ORD0821,CUST329,2025-09-25,Electronics,43378,UPI
ORD0822,CUST024,2025-12-18,Electronics,28442,UPI
ORD0823,CUST476,2025-05-29,Electronics,23994,COD
ORD0824,CUST403,2025-12-03,Clothing,5968,UPI
ORD0825,CUST045,2024-10-15,Food,2062,COD
ORD0826,CUST203,2025-11-07,Electronics,36063,UPI
ORD0827,CUST081,2025-06-30,Furniture,7468,UPI
ORD0828,CUST383,2025-02-04,Healthcare,5832,Net Banking
ORD0829,CUST492,2025-10-11,Furniture,12766,Card
ORD0830,CUST347,2025-10-25,Clothing,1091,Card
ORD0831,CUST284,2025-07-22,Furniture,7038,Card
ORD0832,CUST022,2024-01-06,Healthcare,10775,Net Banking
ORD0833,CUST202,2025-07-04,Healthcare,2394,UPI
ORD0834,CUST157,2024-08-03,Automotive,13267,COD
ORD0835,CUST109,2025-02-26,Automotive,18795,COD
ORD0836,CUST073,2024-06-13,Furniture,10234,Card
ORD0837,CUST316,2024-09-15,Furniture,6755,UPI
ORD0838,CUST093,2025-11-18,Healthcare,14963,Card
ORD0839,CUST028,2025-07-16,Food,2751,UPI
ORD0840,CUST038,2024-10-24,Automotive,4207,UPI
ORD0841,CUST129,2024-04-10,Furniture,26776,UPI
ORD0842,CUST298,2025-05-13,Clothing,3925,Card
ORD0843,CUST066,2025-11-18,Automotive,9685,COD
ORD0844,CUST052,2024-10-18,Healthcare,2143,Net Banking
ORD0845,CUST461,2024-07-17,Clothing,4980,Net Banking
ORD0846,CUST231,2024-12-02,Healthcare,11803,UPI
ORD0847,CUST157,2025-12-11,Healthcare,3496,UPI
ORD0848,CUST290,2025-08-03,Clothing,7616,UPI
ORD0849,CUST162,2025-03-14,Furniture,3158,COD
ORD0850,CUST161,2024-09-09,Furniture,26337,UPI
ORD0851,CUST379,2025-10-18,Food,1633,COD
ORD0852,CUST431,2025-01-03,Furniture,25268,Card
ORD0853,CUST376,2024-12-05,Food,2395,UPI
ORD0854,CUST229,2025-01-02,Clothing,4989,Net Banking
ORD0855,CUST283,2024-04-21,Furniture,24153,Card
ORD0856,CUST311,2024-03-24,Clothing,7770,COD
ORD0857,CUST072,2025-07-05,Furniture,11625,COD
ORD0858,CUST376,2025-10-03,Electronics,9941,UPI
ORD0859,CUST457,2024-01-20,Healthcare,11348,UPI
ORD0860,CUST016,2025-08-18,Healthcare,7637,Card
ORD0861,CUST394,2025-08-27,Furniture,4201,COD
ORD0862,CUST283,2024-09-23,Healthcare,9842,UPI
ORD0863,CUST242,2025-10-31,Furniture,14987,Card
ORD0864,CUST201,2024-08-16,Healthcare,13013,Card
ORD0865,CUST439,2024-10-24,Furniture,18227,Net Banking
ORD0866,CUST257,2025-06-06,Electronics,31003,UPI
ORD0867,CUST187,2025-05-29,Electronics,48429,Net Banking
ORD0868,CUST123,2025-09-20,Automotive,7434,COD
ORD0869,CUST388,2025-06-10,Furniture,17621,UPI
ORD0870,CUST082,2024-07-02,Healthcare,10270,UPI
ORD0871,CUST338,2024-05-29,Automotive,17843,COD
ORD0872,CUST481,2025-01-02,Electronics,19340,UPI
ORD0873,CUST390,2025-05-14,Furniture,5059,COD
ORD0874,CUST136,2025-01-13,Furniture,4402,Card
ORD0875,CUST343,2024-07-30,Healthcare,13967,UPI
ORD0876,CUST185,2025-02-01,Food,2362,COD
ORD0877,CUST452,2024-02-17,Electronics,47501,UPI
ORD0878,CUST166,2024-04-15,Automotive,19084,Card
ORD0879,CUST325,2024-10-07,Automotive,10628,UPI
ORD0880,CUST297,2025-07-11,Healthcare,3848,Card
ORD0881,CUST193,2025-10-31,Food,1996,UPI
ORD0882,CUST301,2025-10-31,Electronics,38860,UPI
ORD0883,CUST129,2025-01-20,Furniture,19920,COD
ORD0884,CUST208,2024-12-27,Clothing,4988,UPI
ORD0885,CUST406,2025-05-08,Healthcare,1108,Card
ORD0886,CUST257,2024-05-22,Food,1178,UPI
ORD0887,CUST118,2024-03-19,Healthcare,11542,Net Banking
ORD0888,CUST144,2024-08-04,Furniture,9124,UPI
ORD0889,CUST081,2025-01-05,Healthcare,12752,COD
ORD0890,CUST419,2024-05-01,Automotive,9547,Card
ORD0891,CUST213,2024-12-04,Automotive,5713,UPI
ORD0892,CUST247,2025-11-22,Food,2462,UPI
ORD0893,CUST108,2025-08-27,Furniture,24209,UPI
ORD0894,CUST427,2025-02-24,Electronics,20969,Card
ORD0895,CUST023,2024-05-10,Healthcare,10705,UPI
ORD0896,CUST083,2024-05-17,Automotive,18798,COD
ORD0897,CUST021,2025-08-09,Furniture,4832,UPI
ORD0898,CUST086,2024-09-21,Furniture,19929,UPI
ORD0899,CUST491,2025-02-19,Healthcare,10234,Card
ORD0900,CUST327,2024-01-20,Automotive,23684,Net Banking
ORD0901,CUST421,2024-10-17,Electronics,19194,UPI
ORD0902,CUST230,2025-09-13,Food,2472,UPI
ORD0903,CUST088,2024-08-12,Food,2961,UPI
ORD0904,CUST074,2025-08-19,Furniture,23421,Net Banking
ORD0905,CUST338,2025-06-07,Clothing,2373,Card
ORD0906,CUST371,2025-12-03,Clothing,4714,Card
ORD0907,CUST306,2025-08-27,Electronics,20061,COD
ORD0908,CUST194,2025-01-29,Furniture,6557,COD
ORD0909,CUST009,2024-07-26,Healthcare,9263,Card
ORD0910,CUST351,2025-03-05,Furniture,22841,COD
ORD0911,CUST050,2024-06-30,Food,2956,UPI
ORD0912,CUST020,2025-06-28,Healthcare,13327,UPI
ORD0913,CUST061,2024-04-05,Food,1033,UPI
ORD0914,CUST462,2025-09-09,Healthcare,14558,UPI
ORD0915,CUST001,2025-11-25,Automotive,16139,Card
ORD0916,CUST268,2025-03-06,Clothing,1355,COD
ORD0917,CUST358,2025-06-26,Food,1439,UPI
ORD0918,CUST481,2025-05-08,Food,1935,UPI
ORD0919,CUST302,2025-12-14,Healthcare,2600,Card
ORD0920,CUST218,2024-05-17,Clothing,4908,COD
ORD0921,CUST393,2024-08-26,Electronics,23564,UPI
ORD0922,CUST307,2025-07-10,Food,1555,Card
ORD0923,CUST097,2024-01-06,Automotive,2233,UPI
ORD0924,CUST296,2025-06-19,Electronics,39063,UPI
ORD0925,CUST004,2025-01-19,Automotive,8731,COD
ORD0926,CUST353,2024-11-19,Food,1983,COD
ORD0927,CUST055,2024-06-07,Food,2897,UPI
ORD0928,CUST130,2024-09-24,Healthcare,7939,COD
ORD0929,CUST290,2025-01-09,Healthcare,5514,Card
ORD0930,CUST349,2025-02-10,Furniture,16540,COD
ORD0931,CUST283,2025-07-24,Food,1232,Card
ORD0932,CUST190,2025-07-26,Healthcare,8925,Card
ORD0933,CUST130,2024-11-10,Healthcare,6641,Card
ORD0934,CUST397,2025-12-23,Food,1065,Card
ORD0935,CUST438,2025-11-06,Electronics,20058,UPI
ORD0936,CUST229,2025-12-17,Furniture,6285,UPI
ORD0937,CUST110,2025-06-04,Food,1886,UPI
ORD0938,CUST411,2025-07-17,Healthcare,12420,Net Banking
ORD0939,CUST351,2025-12-24,Electronics,15534,UPI
ORD0940,CUST200,2025-10-13,Electronics,10969,Card
ORD0941,CUST422,2024-05-28,Food,2958,COD
ORD0942,CUST223,2024-03-31,Electronics,22241,UPI
ORD0943,CUST114,2025-01-14,Electronics,44913,Card
ORD0944,CUST020,2025-01-28,Food,2634,UPI
ORD0945,CUST147,2025-12-29,Healthcare,1941,COD
ORD0946,CUST485,2024-06-28,Automotive,18199,UPI
ORD0947,CUST225,2024-01-11,Furniture,24524,Card
ORD0948,CUST477,2025-06-14,Clothing,2595,COD
ORD0949,CUST018,2025-09-05,Healthcare,9451,COD
ORD0950,CUST358,2024-08-25,Healthcare,3776,Card
ORD0951,CUST346,2024-02-06,Clothing,2959,Card
ORD0952,CUST336,2024-01-01,Furniture,5845,Card
ORD0953,CUST142,2025-02-13,Clothing,6485,COD
ORD0954,CUST203,2025-02-19,Healthcare,4281,Card
ORD0955,CUST266,2024-01-16,Automotive,4248,UPI
ORD0956,CUST471,2024-04-02,Healthcare,5661,COD
ORD0957,CUST372,2025-07-26,Healthcare,6703,Card
ORD0958,CUST178,2024-10-10,Furniture,22869,Card
ORD0959,CUST494,2024-07-18,Food,2154,UPI
ORD0960,CUST295,2024-01-05,Clothing,2433,Card
ORD0961,CUST209,2025-06-02,Electronics,41610,UPI
ORD0962,CUST038,2025-05-30,Clothing,3785,Card
ORD0963,CUST485,2024-04-29,Healthcare,5222,UPI
ORD0964,CUST449,2025-07-04,Healthcare,5098,Card
ORD0965,CUST356,2025-03-29,Food,2806,COD
ORD0966,CUST248,2024-09-06,Clothing,7353,UPI
ORD0967,CUST235,2025-11-28,Food,2903,COD
ORD0968,CUST442,2024-01-29,Food,976,UPI
ORD0969,CUST133,2024-03-10,Food,1402,COD
ORD0970,CUST347,2025-12-19,Furniture,29219,Net Banking
ORD0971,CUST162,2025-02-26,Clothing,5231,Card
ORD0972,CUST275,2024-01-10,Automotive,10629,Net Banking
ORD0973,CUST128,2024-10-21,Electronics,31144,COD
ORD0974,CUST345,2024-12-16,Electronics,41343,UPI
ORD0975,CUST477,2024-07-01,Food,1785,UPI
ORD0976,CUST182,2024-08-11,Healthcare,5408,Card
ORD0977,CUST094,2025-11-30,Furniture,19351,COD
ORD0978,CUST378,2024-07-23,Furniture,27098,Net Banking
ORD0979,CUST124,2024-09-28,Furniture,10510,Net Banking
ORD0980,CUST104,2024-09-12,Healthcare,6833,UPI
ORD0981,CUST080,2024-04-19,Electronics,10143,COD
ORD0982,CUST347,2025-11-10,Food,527,UPI
ORD0983,CUST392,2025-07-08,Electronics,36607,Card
ORD0984,CUST191,2025-09-27,Clothing,5033,UPI
ORD0985,CUST460,2025-08-11,Clothing,5020,UPI
ORD0986,CUST094,2025-06-07,Clothing,4259,UPI
ORD0987,CUST114,2025-08-13,Furniture,4774,UPI
ORD0988,CUST270,2025-03-09,Food,2714,Card
ORD0989,CUST017,2025-05-29,Clothing,4225,UPI
ORD0990,CUST441,2025-12-03,Furniture,17981,UPI
ORD0991,CUST500,2024-05-03,Automotive,18980,UPI
ORD0992,CUST236,2024-11-19,Automotive,2275,UPI
ORD0993,CUST007,2025-11-21,Furniture,15433,UPI
ORD0994,CUST298,2024-04-13,Clothing,3962,UPI
ORD0995,CUST314,2024-09-22,Furniture,20975,Card
ORD0996,CUST135,2024-08-30,Clothing,4861,Card
ORD0997,CUST491,2025-09-19,Clothing,3997,Card
ORD0998,CUST095,2025-05-25,Food,1362,Card
ORD0999,CUST215,2025-12-18,Clothing,3990,UPI
ORD1000,CUST438,2025-02-14,Clothing,4692,COD
ORD1001,CUST093,2025-08-08,Furniture,21870,Card
ORD1002,CUST352,2024-08-22,Electronics,22691,Card
ORD1003,CUST412,2024-08-29,Healthcare,8081,UPI
ORD1004,CUST439,2025-01-25,Furniture,7779,UPI
ORD1005,CUST410,2024-06-02,Food,539,UPI
ORD1006,CUST091,2025-03-07,Food,1050,UPI
ORD1007,CUST458,2025-10-07,Healthcare,9748,Card
ORD1008,CUST369,2024-11-19,Food,1728,Card
ORD1009,CUST129,2025-07-29,Healthcare,1781,Card
ORD1010,CUST204,2024-04-11,Automotive,7352,Net Banking
ORD1011,CUST031,2024-08-08,Clothing,4903,COD
ORD1012,CUST430,2025-10-06,Electronics,34481,Net Banking
ORD1013,CUST382,2024-12-08,Clothing,3957,COD
ORD1014,CUST185,2025-07-27,Healthcare,14271,UPI
ORD1015,CUST132,2024-12-18,Electronics,31985,UPI
ORD1016,CUST063,2024-12-25,Automotive,21843,UPI
ORD1017,CUST102,2025-08-13,Healthcare,11647,Card
ORD1018,CUST333,2025-07-05,Furniture,28569,COD
ORD1019,CUST146,2024-12-29,Clothing,6514,UPI
ORD1020,CUST262,2025-05-14,Automotive,16645,COD
ORD1021,CUST456,2024-03-21,Food,1673,UPI
ORD1022,CUST238,2025-10-08,Furniture,8491,COD
ORD1023,CUST328,2024-12-11,Food,2841,UPI
ORD1024,CUST208,2024-03-14,Electronics,15616,UPI
ORD1025,CUST176,2024-08-21,Clothing,3595,Card
ORD1026,CUST335,2024-10-25,Automotive,10764,UPI
ORD1027,CUST310,2025-10-22,Food,1611,UPI
ORD1028,CUST455,2025-03-31,Clothing,7126,UPI
ORD1029,CUST301,2025-06-17,Food,2195,COD
ORD1030,CUST086,2024-07-07,Electronics,13194,Card
ORD1031,CUST373,2024-08-28,Automotive,10245,UPI
ORD1032,CUST482,2025-12-18,Automotive,4623,Card
ORD1033,CUST108,2024-06-19,Food,921,Net Banking
ORD1034,CUST049,2024-03-06,Food,2746,UPI
ORD1035,CUST028,2024-01-27,Food,2646,UPI
ORD1036,CUST392,2024-03-26,Electronics,22200,UPI
ORD1037,CUST317,2024-06-08,Electronics,47915,UPI
ORD1038,CUST477,2025-02-03,Clothing,2878,Card
ORD1039,CUST127,2024-10-17,Food,1017,UPI
ORD1040,CUST068,2025-06-23,Furniture,3936,Card
ORD1041,CUST018,2025-11-10,Clothing,3664,Net Banking
ORD1042,CUST443,2025-05-02,Food,2714,UPI
ORD1043,CUST479,2024-10-05,Healthcare,8288,Card
ORD1044,CUST070,2025-12-15,Healthcare,3900,UPI
ORD1045,CUST303,2025-09-03,Food,2810,COD
ORD1046,CUST223,2025-06-20,Automotive,22956,Card
ORD1047,CUST274,2024-11-13,Clothing,4945,COD
ORD1048,CUST277,2024-08-20,Electronics,33957,Card
ORD1049,CUST158,2025-01-09,Food,1564,UPI
ORD1050,CUST080,2024-11-06,Electronics,5006,Card
ORD1051,CUST268,2024-05-19,Clothing,3349,COD
ORD1052,CUST241,2025-07-01,Electronics,37239,Card
ORD1053,CUST485,2025-05-03,Clothing,1074,COD
ORD1054,CUST393,2025-03-16,Clothing,5890,COD
ORD1055,CUST119,2024-01-08,Healthcare,7121,UPI
ORD1056,CUST097,2025-02-25,Healthcare,8161,UPI
ORD1057,CUST203,2024-09-12,Furniture,26427,Card
ORD1058,CUST378,2025-10-23,Food,2049,UPI
ORD1059,CUST113,2024-09-26,Electronics,32671,COD
ORD1060,CUST321,2024-09-02,Healthcare,13526,COD
ORD1061,CUST410,2025-09-19,Automotive,24434,UPI
ORD1062,CUST140,2024-10-18,Automotive,19430,UPI
ORD1063,CUST415,2024-10-02,Food,1270,Net Banking
ORD1064,CUST437,2024-03-11,Furniture,7476,UPI
ORD1065,CUST149,2024-04-23,Automotive,16920,COD
ORD1066,CUST317,2025-04-08,Clothing,6738,UPI
ORD1067,CUST319,2025-05-18,Furniture,13506,Card
ORD1068,CUST010,2024-06-04,Electronics,40059,UPI
ORD1069,CUST012,2024-07-09,Electronics,23488,Card
ORD1070,CUST138,2024-05-08,Automotive,16366,Card
ORD1071,CUST373,2024-01-09,Furniture,5955,Card
ORD1072,CUST078,2024-01-16,Food,1389,UPI
ORD1073,CUST176,2025-03-06,Clothing,7436,Net Banking
ORD1074,CUST410,2025-05-25,Clothing,4798,COD
ORD1075,CUST357,2024-02-02,Clothing,1657,UPI
ORD1076,CUST432,2024-05-29,Electronics,22465,UPI
ORD1077,CUST398,2025-02-05,Electronics,40598,UPI
ORD1078,CUST241,2024-07-04,Furniture,11194,Card
ORD1079,CUST419,2025-01-25,Electronics,12992,Card
ORD1080,CUST499,2024-09-11,Food,2314,Card
ORD1081,CUST127,2024-02-04,Furniture,18100,UPI
ORD1082,CUST377,2024-04-06,Healthcare,11911,UPI
ORD1083,CUST107,2025-04-29,Food,1778,Card
ORD1084,CUST480,2024-11-26,Furniture,23616,Card
ORD1085,CUST373,2024-02-13,Automotive,20008,COD
ORD1086,CUST267,2024-05-05,Clothing,4942,UPI
ORD1087,CUST327,2024-11-01,Furniture,14810,Card
ORD1088,CUST455,2024-02-23,Automotive,9136,UPI
ORD1089,CUST499,2024-04-25,Furniture,23739,UPI
ORD1090,CUST223,2024-11-28,Electronics,15968,Net Banking
ORD1091,CUST407,2024-10-09,Healthcare,2960,Card
ORD1092,CUST203,2024-09-05,Electronics,7752,COD
ORD1093,CUST298,2025-12-08,Food,2942,UPI
ORD1094,CUST080,2025-01-15,Electronics,21300,UPI
ORD1095,CUST081,2025-05-26,Electronics,49954,Net Banking
ORD1096,CUST317,2024-12-12,Automotive,3967,Card
ORD1097,CUST031,2024-12-30,Automotive,7043,UPI
ORD1098,CUST360,2025-07-03,Electronics,13246,UPI
ORD1099,CUST250,2024-08-26,Clothing,5574,UPI
ORD1100,CUST404,2025-10-22,Clothing,7598,COD
ORD1101,CUST457,2025-03-25,Automotive,8323,UPI
ORD1102,CUST011,2025-12-06,Food,1967,UPI
ORD1103,CUST371,2024-05-17,Clothing,1323,UPI
ORD1104,CUST249,2025-12-24,Food,2789,UPI
ORD1105,CUST151,2025-07-09,Automotive,18059,UPI
ORD1106,CUST098,2025-08-03,Furniture,20813,Card
ORD1107,CUST179,2024-11-27,Automotive,17348,UPI
ORD1108,CUST141,2025-09-05,Healthcare,3627,COD
ORD1109,CUST036,2025-06-27,Furniture,17725,UPI
ORD1110,CUST152,2024-09-26,Healthcare,7014,Card
ORD1111,CUST233,2024-01-01,Automotive,18579,COD
ORD1112,CUST195,2024-07-08,Electronics,45614,Card
ORD1113,CUST439,2025-01-07,Healthcare,4912,Card
ORD1114,CUST165,2024-03-05,Automotive,19660,UPI
ORD1115,CUST420,2025-01-31,Furniture,20172,UPI
ORD1116,CUST350,2025-05-24,Healthcare,3525,Card
ORD1117,CUST314,2024-10-16,Clothing,4357,COD
ORD1118,CUST329,2024-11-25,Electronics,11308,Card
ORD1119,CUST268,2025-11-05,Electronics,7868,Card
ORD1120,CUST428,2024-05-12,Furniture,4024,Net Banking
ORD1121,CUST104,2024-04-19,Food,1284,Card
ORD1122,CUST051,2024-02-02,Healthcare,11514,UPI
ORD1123,CUST429,2025-02-01,Automotive,18053,Card
ORD1124,CUST270,2025-09-30,Automotive,21342,COD
ORD1125,CUST132,2024-02-20,Clothing,2808,UPI
ORD1126,CUST311,2024-03-13,Electronics,18679,Card
ORD1127,CUST336,2025-05-18,Electronics,35674,UPI
ORD1128,CUST411,2025-10-16,Electronics,28653,Card
ORD1129,CUST286,2025-03-01,Clothing,7506,UPI
ORD1130,CUST363,2024-02-29,Healthcare,5355,Card
ORD1131,CUST271,2024-02-11,Automotive,4306,Net Banking
ORD1132,CUST428,2024-11-07,Electronics,19149,UPI
ORD1133,CUST492,2025-06-15,Electronics,11633,Card
ORD1134,CUST372,2024-08-24,Healthcare,7313,Net Banking
ORD1135,CUST098,2024-07-16,Healthcare,11762,COD
ORD1136,CUST128,2025-08-06,Automotive,7862,UPI
ORD1137,CUST286,2025-07-25,Food,932,UPI
ORD1138,CUST393,2025-10-15,Healthcare,6864,UPI
ORD1139,CUST346,2025-04-14,Automotive,23798,COD
ORD1140,CUST219,2024-04-16,Furniture,28967,COD
ORD1141,CUST093,2025-07-17,Food,2567,Card
ORD1142,CUST173,2025-11-04,Furniture,20494,COD
ORD1143,CUST308,2025-03-29,Clothing,3581,Card
ORD1144,CUST282,2024-11-28,Clothing,4377,Card
ORD1145,CUST392,2025-10-10,Food,1824,UPI
ORD1146,CUST312,2024-09-03,Healthcare,9939,Net Banking
ORD1147,CUST110,2025-01-19,Healthcare,13199,UPI
ORD1148,CUST131,2025-01-03,Food,2332,COD
ORD1149,CUST492,2025-02-10,Electronics,7271,Net Banking
ORD1150,CUST146,2025-09-02,Electronics,38922,Net Banking
ORD1151,CUST070,2024-11-05,Electronics,24682,UPI
ORD1152,CUST114,2024-08-07,Clothing,1177,UPI
ORD1153,CUST396,2025-12-07,Clothing,5535,UPI
ORD1154,CUST262,2025-07-23,Healthcare,10365,UPI
ORD1155,CUST080,2024-04-06,Electronics,35170,UPI
ORD1156,CUST183,2024-06-08,Furniture,11683,COD
ORD1157,CUST188,2025-08-19,Furniture,10634,Card
ORD1158,CUST132,2024-11-03,Electronics,42387,UPI
ORD1159,CUST205,2025-08-05,Furniture,27060,UPI
ORD1160,CUST040,2024-11-28,Food,1208,UPI
ORD1161,CUST250,2025-12-07,Automotive,20881,Card
ORD1162,CUST420,2024-04-07,Healthcare,11522,Card
ORD1163,CUST154,2024-02-08,Automotive,20883,COD
ORD1164,CUST196,2024-03-21,Electronics,26914,Card
ORD1165,CUST179,2025-03-20,Food,993,COD
ORD1166,CUST446,2024-08-20,Automotive,23390,COD
ORD1167,CUST435,2025-09-08,Electronics,46542,UPI
ORD1168,CUST399,2025-10-09,Food,721,COD
ORD1169,CUST157,2025-06-20,Electronics,25926,UPI
ORD1170,CUST277,2025-08-01,Furniture,13709,COD
ORD1171,CUST258,2025-12-15,Furniture,8019,UPI
ORD1172,CUST026,2025-11-20,Automotive,14873,COD
ORD1173,CUST498,2025-04-01,Healthcare,10424,COD
ORD1174,CUST259,2024-04-02,Furniture,17153,COD
ORD1175,CUST149,2025-02-07,Furniture,7331,Net Banking
ORD1176,CUST173,2024-03-25,Food,2840,UPI
ORD1177,CUST382,2024-02-20,Healthcare,7540,UPI
ORD1178,CUST135,2024-03-28,Food,2555,UPI
ORD1179,CUST223,2025-12-15,Furniture,27970,UPI
ORD1180,CUST070,2025-05-07,Healthcare,4245,Card
ORD1181,CUST250,2025-02-08,Automotive,20721,UPI
ORD1182,CUST101,2025-07-28,Healthcare,13053,COD
ORD1183,CUST269,2024-09-09,Furniture,5347,Card
ORD1184,CUST137,2025-03-16,Clothing,6609,COD
ORD1185,CUST474,2025-08-12,Electronics,12374,UPI
ORD1186,CUST344,2025-02-27,Food,1996,COD
ORD1187,CUST179,2024-07-14,Clothing,3822,COD
ORD1188,CUST305,2025-11-02,Electronics,24976,Card
ORD1189,CUST087,2024-12-24,Healthcare,14460,Card
ORD1190,CUST412,2025-03-28,Healthcare,3389,Net Banking
ORD1191,CUST226,2024-02-15,Furniture,9543,UPI
ORD1192,CUST351,2025-01-17,Furniture,27829,Card
ORD1193,CUST373,2024-03-28,Electronics,8574,UPI
ORD1194,CUST125,2025-09-27,Furniture,29874,UPI
ORD1195,CUST148,2024-01-15,Clothing,6683,UPI
ORD1196,CUST412,2024-04-23,Clothing,4686,UPI
ORD1197,CUST242,2024-01-24,Clothing,2712,UPI
ORD1198,CUST379,2025-07-04,Furniture,9678,UPI
ORD1199,CUST280,2025-06-19,Clothing,5495,COD
ORD1200,CUST248,2025-09-29,Automotive,6631,Card
ORD1201,CUST356,2025-12-16,Automotive,2602,COD
ORD1202,CUST193,2025-08-19,Automotive,19262,UPI
ORD1203,CUST023,2024-09-18,Furniture,4969,UPI
ORD1204,CUST146,2024-07-24,Automotive,22249,Card
ORD1205,CUST139,2024-02-24,Food,534,UPI
ORD1206,CUST035,2025-02-01,Automotive,10890,UPI
ORD1207,CUST340,2025-11-06,Clothing,1883,Card
ORD1208,CUST010,2024-10-26,Automotive,14665,UPI
ORD1209,CUST119,2025-01-24,Healthcare,12627,Card
ORD1210,CUST051,2024-11-19,Food,2945,Card
ORD1211,CUST273,2024-03-31,Furniture,9516,UPI
ORD1212,CUST257,2025-04-13,Healthcare,12673,UPI
ORD1213,CUST012,2024-02-10,Furniture,20347,Net Banking
ORD1214,CUST157,2024-12-07,Food,2111,Card
ORD1215,CUST382,2024-06-09,Electronics,27726,UPI
ORD1216,CUST351,2024-12-26,Clothing,6121,COD
ORD1217,CUST155,2024-08-29,Healthcare,5519,UPI
ORD1218,CUST416,2024-03-04,Automotive,10443,Card
ORD1219,CUST450,2025-01-31,Electronics,41368,COD
ORD1220,CUST486,2024-10-13,Furniture,7971,UPI
ORD1221,CUST175,2025-02-06,Automotive,6497,UPI
ORD1222,CUST045,2025-01-26,Healthcare,12108,UPI
ORD1223,CUST314,2025-10-02,Automotive,9452,UPI
ORD1224,CUST214,2024-09-03,Healthcare,3502,UPI
ORD1225,CUST219,2024-11-15,Healthcare,6395,Card
ORD1226,CUST230,2025-07-09,Furniture,9775,UPI
ORD1227,CUST335,2024-05-21,Healthcare,9869,Card
ORD1228,CUST351,2024-07-26,Furniture,13125,COD
ORD1229,CUST353,2025-12-23,Healthcare,3215,COD
ORD1230,CUST221,2024-05-28,Automotive,20508,Card
ORD1231,CUST470,2024-06-10,Clothing,1555,UPI
ORD1232,CUST286,2025-06-29,Automotive,5879,Card
ORD1233,CUST095,2024-11-21,Furniture,26824,Card
ORD1234,CUST016,2024-11-22,Food,2184,UPI
ORD1235,CUST156,2025-03-29,Automotive,22868,UPI
ORD1236,CUST478,2024-10-07,Furniture,28529,COD
ORD1237,CUST097,2024-04-19,Furniture,9053,UPI
ORD1238,CUST014,2025-09-18,Healthcare,5372,UPI
ORD1239,CUST311,2025-08-03,Healthcare,4783,UPI
ORD1240,CUST306,2024-08-25,Furniture,25523,UPI
ORD1241,CUST014,2025-01-02,Electronics,36234,COD
ORD1242,CUST069,2025-05-29,Healthcare,8680,Net Banking
ORD1243,CUST365,2025-10-27,Clothing,2507,Net Banking
ORD1244,CUST437,2025-01-31,Food,2440,UPI
ORD1245,CUST071,2024-06-16,Furniture,10414,UPI
ORD1246,CUST017,2025-02-22,Electronics,22685,Card
ORD1247,CUST487,2025-02-26,Furniture,27325,UPI
ORD1248,CUST344,2024-07-26,Furniture,5167,UPI
ORD1249,CUST091,2025-03-25,Healthcare,9027,Net Banking
ORD1250,CUST353,2024-11-28,Food,1510,UPI
ORD1251,CUST219,2025-02-18,Electronics,44841,Card
ORD1252,CUST377,2025-01-24,Automotive,12253,UPI
ORD1253,CUST202,2025-09-18,Automotive,20741,UPI
ORD1254,CUST305,2025-07-03,Healthcare,11508,UPI
ORD1255,CUST449,2025-12-22,Electronics,39121,COD
ORD1256,CUST056,2025-04-07,Food,673,COD
ORD1257,CUST450,2024-09-08,Healthcare,9812,COD
ORD1258,CUST203,2024-02-10,Healthcare,7347,Card
ORD1259,CUST265,2025-10-07,Electronics,17442,UPI
ORD1260,CUST150,2025-03-26,Food,1747,Card
ORD1261,CUST397,2024-10-19,Food,1181,Card
ORD1262,CUST217,2024-10-28,Healthcare,1893,COD
ORD1263,CUST354,2025-06-13,Furniture,18190,UPI
ORD1264,CUST425,2025-10-23,Food,870,Card
ORD1265,CUST370,2025-05-27,Electronics,16781,UPI
ORD1266,CUST399,2025-08-22,Automotive,19904,UPI
ORD1267,CUST070,2025-02-06,Food,1824,Net Banking
ORD1268,CUST231,2024-01-26,Furniture,17866,Card
ORD1269,CUST303,2025-12-30,Furniture,17899,UPI
ORD1270,CUST047,2024-09-13,Clothing,6666,UPI
ORD1271,CUST333,2025-12-29,Furniture,26539,Card
ORD1272,CUST376,2024-05-06,Electronics,12481,Net Banking
ORD1273,CUST362,2025-04-05,Automotive,13892,COD
ORD1274,CUST044,2025-06-20,Automotive,14585,COD
ORD1275,CUST373,2025-06-07,Healthcare,3619,Net Banking
ORD1276,CUST194,2025-07-17,Food,679,UPI
ORD1277,CUST394,2024-06-23,Clothing,5632,Card
ORD1278,CUST447,2025-11-06,Furniture,8312,UPI
ORD1279,CUST445,2024-05-28,Furniture,28203,UPI
ORD1280,CUST365,2024-02-22,Food,1761,COD
ORD1281,CUST159,2025-04-01,Clothing,6131,UPI
ORD1282,CUST093,2024-04-30,Furniture,9647,COD
ORD1283,CUST002,2025-09-29,Clothing,1100,Card
ORD1284,CUST235,2025-05-24,Food,2726,Card
ORD1285,CUST414,2024-01-06,Healthcare,9084,Card
ORD1286,CUST122,2024-08-10,Healthcare,11804,COD
ORD1287,CUST244,2025-04-09,Food,2309,Card
ORD1288,CUST041,2025-09-07,Healthcare,1107,Card
ORD1289,CUST126,2025-07-14,Clothing,6077,UPI
ORD1290,CUST322,2025-07-24,Furniture,4602,Card
ORD1291,CUST095,2024-05-31,Electronics,47813,UPI
ORD1292,CUST179,2024-02-07,Furniture,4062,Net Banking
ORD1293,CUST342,2025-08-14,Healthcare,5889,Card
ORD1294,CUST170,2024-03-30,Electronics,12136,Card
ORD1295,CUST214,2024-07-01,Furniture,25023,UPI
ORD1296,CUST146,2025-09-17,Automotive,24659,UPI
ORD1297,CUST359,2025-09-01,Healthcare,13899,Net Banking
ORD1298,CUST288,2024-06-30,Food,2871,UPI
ORD1299,CUST185,2024-02-06,Electronics,24614,UPI
ORD1300,CUST166,2025-01-12,Food,777,UPI
ORD1301,CUST389,2025-03-13,Healthcare,2063,COD
ORD1302,CUST150,2025-04-27,Furniture,6998,Net Banking
ORD1303,CUST356,2024-10-08,Clothing,5317,UPI
ORD1304,CUST212,2025-06-21,Furniture,25800,UPI
ORD1305,CUST108,2025-09-18,Electronics,12163,UPI
ORD1306,CUST293,2025-10-06,Healthcare,2436,Net Banking
ORD1307,CUST248,2025-12-06,Healthcare,13913,Card
ORD1308,CUST362,2024-10-21,Food,2993,UPI
ORD1309,CUST435,2024-11-20,Clothing,5304,UPI
ORD1310,CUST295,2025-09-30,Clothing,2062,UPI
ORD1311,CUST315,2025-07-30,Food,2628,Card
ORD1312,CUST374,2025-10-09,Food,2517,Net Banking
ORD1313,CUST414,2024-07-03,Healthcare,4812,UPI
ORD1314,CUST363,2024-10-24,Furniture,3051,UPI
ORD1315,CUST061,2024-01-25,Food,983,UPI
ORD1316,CUST378,2024-07-31,Healthcare,7793,COD
ORD1317,CUST212,2024-02-16,Clothing,3864,UPI
ORD1318,CUST287,2025-10-14,Furniture,3370,Net Banking
ORD1319,CUST328,2024-07-25,Automotive,11228,Card
ORD1320,CUST131,2024-03-10,Clothing,3459,UPI
ORD1321,CUST260,2025-07-17,Clothing,7283,UPI
ORD1322,CUST004,2024-04-26,Automotive,12921,UPI
ORD1323,CUST175,2025-02-09,Automotive,20642,Card
ORD1324,CUST316,2024-01-30,Furniture,9357,Net Banking
ORD1325,CUST170,2024-12-12,Automotive,17699,Card
ORD1326,CUST470,2025-04-30,Electronics,47313,Card
ORD1327,CUST070,2025-05-08,Furniture,23552,UPI
ORD1328,CUST236,2025-07-03,Clothing,4788,COD
ORD1329,CUST402,2025-02-27,Automotive,3835,Net Banking
ORD1330,CUST428,2025-06-17,Clothing,5628,UPI
ORD1331,CUST372,2025-11-25,Clothing,5548,COD
ORD1332,CUST275,2024-01-20,Furniture,21920,Card
ORD1333,CUST351,2024-12-05,Clothing,1542,Card
ORD1334,CUST497,2024-06-01,Clothing,7887,Net Banking
ORD1335,CUST016,2024-12-13,Food,2688,COD
ORD1336,CUST432,2024-06-18,Healthcare,10923,Card
ORD1337,CUST200,2024-07-10,Healthcare,2914,UPI
ORD1338,CUST443,2024-11-11,Automotive,12305,UPI
ORD1339,CUST364,2024-02-02,Clothing,4390,COD
ORD1340,CUST045,2025-05-23,Furniture,15176,UPI
ORD1341,CUST232,2024-11-05,Furniture,20206,UPI
ORD1342,CUST155,2024-06-28,Electronics,29524,UPI
ORD1343,CUST402,2024-02-08,Furniture,6034,UPI
ORD1344,CUST228,2025-06-02,Electronics,36631,Card
ORD1345,CUST464,2025-05-27,Furniture,9232,COD
ORD1346,CUST175,2025-05-10,Automotive,19158,UPI
ORD1347,CUST159,2024-12-01,Furniture,28214,UPI
ORD1348,CUST447,2024-04-10,Healthcare,12087,UPI
ORD1349,CUST068,2024-07-29,Automotive,3197,COD
ORD1350,CUST236,2025-01-31,Automotive,19116,Card
ORD1351,CUST060,2024-01-05,Clothing,1360,UPI
ORD1352,CUST352,2025-08-31,Electronics,26842,COD
ORD1353,CUST240,2024-02-17,Electronics,39116,COD
ORD1354,CUST393,2025-11-05,Automotive,12239,COD
ORD1355,CUST012,2025-08-14,Clothing,6233,COD
ORD1356,CUST457,2024-08-02,Clothing,2642,UPI
ORD1357,CUST099,2024-10-20,Clothing,5360,Net Banking
ORD1358,CUST164,2025-03-27,Automotive,5855,Card
ORD1359,CUST140,2024-06-01,Furniture,11966,COD
ORD1360,CUST059,2024-01-16,Healthcare,10168,Net Banking
ORD1361,CUST264,2024-04-14,Furniture,20777,Net Banking
ORD1362,CUST180,2025-07-16,Clothing,3220,Card
ORD1363,CUST073,2025-12-22,Clothing,5702,UPI
ORD1364,CUST126,2024-06-24,Electronics,25406,Card
ORD1365,CUST314,2024-12-12,Healthcare,8268,COD
ORD1366,CUST026,2024-05-13,Electronics,35850,COD
ORD1367,CUST463,2025-11-22,Electronics,11942,UPI
ORD1368,CUST197,2024-02-25,Electronics,32948,UPI
ORD1369,CUST201,2024-07-02,Automotive,21533,UPI
ORD1370,CUST457,2025-08-29,Automotive,24614,Net Banking
ORD1371,CUST359,2025-04-01,Healthcare,6826,COD
ORD1372,CUST160,2024-12-06,Furniture,26360,UPI
ORD1373,CUST389,2025-11-17,Healthcare,2286,Card
ORD1374,CUST499,2025-04-21,Healthcare,3159,COD
ORD1375,CUST048,2025-12-16,Food,898,Net Banking
ORD1376,CUST234,2024-11-13,Automotive,23116,Card
ORD1377,CUST364,2025-04-21,Food,1449,Card
ORD1378,CUST486,2024-08-17,Furniture,23215,Card
ORD1379,CUST133,2025-01-07,Food,1251,UPI
ORD1380,CUST359,2025-11-12,Clothing,7461,Card
ORD1381,CUST441,2024-11-28,Food,2496,Card
ORD1382,CUST016,2024-03-07,Food,962,COD
ORD1383,CUST180,2025-05-05,Food,1199,Card
ORD1384,CUST145,2024-12-22,Healthcare,10415,Net Banking
ORD1385,CUST066,2025-06-04,Electronics,31587,UPI
ORD1386,CUST419,2024-04-19,Clothing,5555,Card
ORD1387,CUST333,2024-03-13,Clothing,5364,UPI
ORD1388,CUST237,2025-02-14,Healthcare,7773,UPI
ORD1389,CUST123,2025-09-27,Furniture,20955,Net Banking
ORD1390,CUST082,2025-05-08,Food,770,COD
ORD1391,CUST175,2024-08-01,Automotive,21364,UPI
ORD1392,CUST221,2025-03-21,Healthcare,13899,UPI
ORD1393,CUST176,2025-07-11,Automotive,9738,COD
ORD1394,CUST089,2025-11-09,Automotive,4552,UPI
ORD1395,CUST379,2025-12-29,Healthcare,14709,Card
ORD1396,CUST250,2024-04-27,Healthcare,10766,Net Banking
ORD1397,CUST238,2024-11-29,Healthcare,2599,Card
ORD1398,CUST421,2025-03-31,Furniture,13093,UPI
ORD1399,CUST490,2025-02-19,Electronics,44207,UPI
ORD1400,CUST056,2025-12-02,Healthcare,13637,Net Banking
ORD1401,CUST420,2025-01-23,Clothing,5049,Card
ORD1402,CUST331,2025-11-07,Electronics,10933,UPI
ORD1403,CUST112,2024-05-22,Healthcare,13369,Net Banking
ORD1404,CUST326,2024-01-01,Furniture,24655,UPI
ORD1405,CUST077,2025-04-08,Healthcare,5775,Net Banking
ORD1406,CUST200,2025-09-22,Healthcare,8326,UPI
ORD1407,CUST101,2024-07-29,Automotive,12374,COD
ORD1408,CUST154,2025-08-06,Automotive,11979,UPI
ORD1409,CUST471,2025-03-21,Automotive,13280,UPI
ORD1410,CUST046,2025-08-19,Electronics,45074,UPI
ORD1411,CUST262,2025-02-17,Furniture,12639,UPI
ORD1412,CUST032,2025-01-13,Healthcare,1870,COD
ORD1413,CUST001,2025-12-21,Healthcare,14447,COD
ORD1414,CUST184,2024-04-22,Clothing,1255,UPI
ORD1415,CUST121,2025-03-18,Automotive,21338,UPI
ORD1416,CUST202,2025-10-02,Clothing,6830,Net Banking
ORD1417,CUST196,2025-02-19,Food,2282,COD
ORD1418,CUST280,2024-08-04,Automotive,7682,Card
ORD1419,CUST244,2024-05-22,Furniture,21200,UPI
ORD1420,CUST197,2025-01-03,Food,1131,UPI
ORD1421,CUST148,2025-11-17,Furniture,7400,Card
ORD1422,CUST006,2024-03-14,Automotive,2514,UPI
ORD1423,CUST074,2025-05-13,Automotive,16310,Card
ORD1424,CUST500,2024-05-19,Electronics,13992,UPI
ORD1425,CUST329,2025-03-01,Food,2975,Net Banking
ORD1426,CUST477,2025-03-11,Healthcare,3945,UPI
ORD1427,CUST233,2025-06-05,Food,2761,Card
ORD1428,CUST420,2025-04-05,Food,1955,Card
ORD1429,CUST116,2024-07-09,Food,2976,Card
ORD1430,CUST004,2025-08-14,Food,1469,UPI
ORD1431,CUST365,2025-05-28,Clothing,4365,Card
ORD1432,CUST475,2025-07-13,Healthcare,7012,Card
ORD1433,CUST018,2024-02-08,Healthcare,8917,Card
ORD1434,CUST361,2025-01-12,Electronics,43028,Card
ORD1435,CUST247,2025-12-08,Electronics,14311,Card
ORD1436,CUST374,2025-06-23,Clothing,4808,COD
ORD1437,CUST265,2024-03-21,Healthcare,10995,UPI
ORD1438,CUST046,2024-09-08,Food,819,COD
ORD1439,CUST351,2025-10-10,Healthcare,14076,Card
ORD1440,CUST297,2024-11-15,Healthcare,1864,UPI
ORD1441,CUST463,2024-12-17,Healthcare,13755,UPI
ORD1442,CUST006,2025-04-25,Food,2599,UPI
ORD1443,CUST464,2025-04-25,Healthcare,13022,Net Banking
ORD1444,CUST170,2025-03-07,Clothing,7539,Net Banking
ORD1445,CUST151,2024-10-23,Furniture,4157,Net Banking
ORD1446,CUST356,2025-09-03,Automotive,11963,Card
ORD1447,CUST373,2025-07-31,Clothing,1503,UPI
ORD1448,CUST323,2025-04-29,Healthcare,3770,UPI
ORD1449,CUST294,2024-02-22,Automotive,11560,UPI
ORD1450,CUST415,2025-10-01,Electronics,23796,UPI
ORD1451,CUST249,2024-03-25,Furniture,19567,UPI
ORD1452,CUST040,2024-10-11,Clothing,2085,UPI
ORD1453,CUST316,2024-10-14,Clothing,3104,Card
ORD1454,CUST008,2024-04-24,Healthcare,3860,Net Banking
ORD1455,CUST466,2025-08-28,Automotive,6952,COD
ORD1456,CUST338,2025-04-02,Clothing,7617,COD
ORD1457,CUST090,2024-09-24,Automotive,9739,Card
ORD1458,CUST249,2024-07-04,Healthcare,1542,UPI
ORD1459,CUST176,2024-03-27,Furniture,22514,Card
ORD1460,CUST479,2024-06-06,Food,2191,Net Banking
ORD1461,CUST395,2025-01-27,Furniture,24648,UPI
ORD1462,CUST226,2025-10-14,Furniture,9909,UPI
ORD1463,CUST296,2024-12-19,Electronics,47091,COD
ORD1464,CUST136,2024-04-28,Electronics,15983,UPI
ORD1465,CUST238,2025-02-12,Food,1734,Card
ORD1466,CUST244,2025-06-29,Furniture,15445,Card
ORD1467,CUST350,2025-12-23,Food,2443,UPI
ORD1468,CUST135,2024-05-28,Healthcare,8122,UPI
ORD1469,CUST007,2024-10-22,Food,2064,UPI
ORD1470,CUST348,2024-11-19,Healthcare,12188,UPI
ORD1471,CUST490,2024-02-12,Electronics,39818,UPI
ORD1472,CUST327,2024-12-28,Food,3000,COD
ORD1473,CUST471,2025-10-29,Clothing,3744,UPI
ORD1474,CUST139,2024-09-30,Electronics,21734,Card
ORD1475,CUST336,2025-08-21,Food,2388,UPI
ORD1476,CUST396,2025-11-22,Automotive,9923,COD
ORD1477,CUST376,2025-11-19,Healthcare,13623,UPI
ORD1478,CUST100,2025-06-16,Clothing,6551,UPI
ORD1479,CUST354,2024-07-03,Clothing,5486,COD
ORD1480,CUST006,2025-11-19,Electronics,9453,COD
ORD1481,CUST007,2025-02-25,Electronics,39423,UPI
ORD1482,CUST054,2025-12-02,Food,1939,COD
ORD1483,CUST113,2024-10-17,Clothing,2581,Card
ORD1484,CUST018,2024-01-25,Healthcare,2506,Card
ORD1485,CUST030,2025-08-31,Automotive,9104,UPI
ORD1486,CUST487,2025-09-05,Automotive,5990,UPI
ORD1487,CUST363,2024-05-02,Electronics,44628,Net Banking
ORD1488,CUST067,2025-01-19,Automotive,23230,Card
ORD1489,CUST290,2024-07-08,Electronics,17075,UPI
ORD1490,CUST130,2024-10-28,Food,810,Net Banking
ORD1491,CUST328,2025-04-09,Clothing,7302,Net Banking
ORD1492,CUST219,2025-12-09,Automotive,12597,UPI
ORD1493,CUST132,2024-06-14,Electronics,23172,Card
ORD1494,CUST398,2024-03-04,Food,2091,UPI
ORD1495,CUST171,2024-03-02,Clothing,7658,Net Banking
ORD1496,CUST136,2024-07-01,Food,784,Card
ORD1497,CUST252,2024-07-24,Healthcare,7432,COD
ORD1498,CUST092,2025-10-22,Food,944,UPI
ORD1499,CUST074,2025-07-07,Food,1394,UPI
ORD1500,CUST315,2025-10-20,Electronics,33939,UPI
ORD1501,CUST367,2024-09-22,Electronics,7284,UPI
ORD1502,CUST038,2024-03-13,Healthcare,12920,UPI
ORD1503,CUST129,2025-04-01,Electronics,37617,COD
ORD1504,CUST077,2025-10-30,Automotive,2028,UPI
ORD1505,CUST478,2024-02-08,Automotive,14795,UPI
ORD1506,CUST137,2024-06-04,Automotive,12807,Net Banking
ORD1507,CUST464,2025-02-04,Healthcare,1060,UPI
ORD1508,CUST264,2025-12-25,Food,2458,Net Banking
ORD1509,CUST224,2025-02-17,Automotive,4297,UPI
ORD1510,CUST277,2024-08-19,Electronics,30193,Card
ORD1511,CUST489,2025-12-06,Food,996,UPI
ORD1512,CUST291,2025-07-02,Clothing,3731,UPI
ORD1513,CUST350,2024-11-06,Food,726,COD
ORD1514,CUST324,2025-10-24,Electronics,28943,UPI
ORD1515,CUST274,2024-12-14,Electronics,35122,Card
ORD1516,CUST390,2024-10-23,Automotive,8655,UPI
ORD1517,CUST091,2025-07-21,Electronics,30176,UPI
ORD1518,CUST339,2024-07-14,Clothing,6700,COD
ORD1519,CUST200,2024-04-19,Automotive,24571,UPI
ORD1520,CUST184,2025-05-13,Electronics,46470,Card
ORD1521,CUST225,2024-07-13,Furniture,4169,COD
ORD1522,CUST099,2024-01-26,Automotive,21429,Card
ORD1523,CUST123,2025-05-15,Food,758,COD
ORD1524,CUST406,2025-07-07,Automotive,12083,UPI
ORD1525,CUST256,2025-06-30,Food,567,UPI
ORD1526,CUST019,2024-12-13,Electronics,27132,UPI
ORD1527,CUST404,2024-02-13,Food,984,Net Banking
ORD1528,CUST109,2025-10-31,Automotive,19141,COD
ORD1529,CUST235,2025-11-25,Healthcare,3440,UPI
ORD1530,CUST380,2025-08-16,Furniture,5360,Card
ORD1531,CUST019,2024-05-24,Food,578,UPI
ORD1532,CUST242,2025-09-25,Electronics,20904,Card
ORD1533,CUST360,2025-10-26,Furniture,3470,Card
ORD1534,CUST089,2025-10-09,Electronics,25141,COD
ORD1535,CUST421,2024-04-09,Food,1199,Card
ORD1536,CUST428,2025-08-28,Electronics,11968,UPI
ORD1537,CUST059,2025-05-24,Healthcare,14093,UPI
ORD1538,CUST316,2024-08-13,Electronics,18280,UPI
ORD1539,CUST219,2024-12-11,Automotive,24229,UPI
ORD1540,CUST206,2024-11-28,Electronics,49832,UPI
ORD1541,CUST295,2025-07-12,Furniture,13537,COD
ORD1542,CUST429,2024-08-06,Electronics,43868,Card
ORD1543,CUST089,2024-12-09,Electronics,12913,Card
ORD1544,CUST141,2024-05-24,Food,1188,UPI
ORD1545,CUST357,2025-01-13,Healthcare,3703,COD
ORD1546,CUST225,2024-09-06,Healthcare,1666,Net Banking
ORD1547,CUST069,2024-04-12,Automotive,22068,UPI
ORD1548,CUST193,2024-06-10,Electronics,36913,Net Banking
ORD1549,CUST042,2024-01-07,Electronics,16758,Card
ORD1550,CUST475,2024-04-01,Automotive,23356,UPI
ORD1551,CUST304,2024-10-17,Food,2449,Card
ORD1552,CUST355,2024-05-09,Furniture,7688,Card
ORD1553,CUST328,2024-10-04,Healthcare,8379,UPI
ORD1554,CUST211,2024-09-01,Furniture,23006,COD
ORD1555,CUST355,2024-02-08,Healthcare,3949,COD
ORD1556,CUST368,2025-05-26,Healthcare,2442,Card
ORD1557,CUST322,2024-11-04,Clothing,4430,Card
ORD1558,CUST003,2025-07-25,Furniture,9288,UPI
ORD1559,CUST061,2025-06-26,Electronics,45561,Card
ORD1560,CUST186,2025-07-06,Healthcare,4592,Card
ORD1561,CUST238,2025-10-03,Automotive,8819,UPI
ORD1562,CUST142,2024-02-24,Furniture,6692,Card
ORD1563,CUST408,2024-06-01,Automotive,17545,COD
ORD1564,CUST255,2024-06-29,Furniture,24959,Card
ORD1565,CUST473,2024-02-14,Electronics,47261,UPI
ORD1566,CUST187,2024-10-18,Furniture,17243,Net Banking
ORD1567,CUST129,2024-12-08,Healthcare,14191,UPI
ORD1568,CUST456,2025-04-09,Electronics,11843,UPI
ORD1569,CUST380,2024-02-23,Healthcare,3881,UPI
ORD1570,CUST081,2024-01-30,Food,2609,UPI
ORD1571,CUST060,2024-03-13,Furniture,26638,Net Banking
ORD1572,CUST228,2025-08-29,Healthcare,6340,Card
ORD1573,CUST215,2024-07-22,Automotive,24179,UPI
ORD1574,CUST460,2024-11-29,Furniture,28525,COD
ORD1575,CUST057,2024-11-29,Furniture,6213,COD
ORD1576,CUST122,2025-02-26,Furniture,15305,COD
ORD1577,CUST457,2024-08-13,Electronics,35866,UPI
ORD1578,CUST300,2025-05-11,Electronics,33564,Card
ORD1579,CUST075,2024-08-09,Healthcare,8454,COD
ORD1580,CUST092,2025-01-31,Clothing,2117,Net Banking
ORD1581,CUST235,2024-07-17,Automotive,13750,UPI
ORD1582,CUST500,2024-10-03,Furniture,14006,UPI
ORD1583,CUST066,2024-02-02,Automotive,20634,Card
ORD1584,CUST031,2024-10-14,Furniture,6640,COD
ORD1585,CUST437,2025-04-21,Food,2213,Card
ORD1586,CUST088,2024-12-17,Furniture,12671,Card
ORD1587,CUST310,2024-06-09,Automotive,22038,UPI
ORD1588,CUST464,2024-06-23,Healthcare,10056,Card
ORD1589,CUST438,2024-08-23,Electronics,31980,COD
ORD1590,CUST439,2025-06-18,Food,1386,UPI
ORD1591,CUST303,2025-04-29,Food,1643,Net Banking
ORD1592,CUST008,2025-03-14,Automotive,10082,COD
ORD1593,CUST127,2024-12-01,Food,2873,UPI
ORD1594,CUST114,2025-08-28,Furniture,21799,Card
ORD1595,CUST460,2024-01-06,Food,681,UPI
ORD1596,CUST021,2025-04-26,Automotive,18522,Net Banking
ORD1597,CUST018,2025-03-11,Healthcare,7460,Card
ORD1598,CUST246,2025-12-14,Electronics,34651,Card
ORD1599,CUST254,2024-09-03,Electronics,41601,Net Banking
ORD1600,CUST386,2024-01-13,Automotive,15324,UPI
ORD1601,CUST487,2024-08-11,Furniture,14744,COD
ORD1602,CUST152,2024-09-01,Automotive,4973,Card
ORD1603,CUST009,2025-05-06,Automotive,11988,UPI
ORD1604,CUST083,2025-12-21,Food,2836,Card
ORD1605,CUST383,2025-08-20,Electronics,34808,Net Banking
ORD1606,CUST238,2024-05-21,Automotive,15282,UPI
ORD1607,CUST095,2025-01-14,Automotive,17214,COD
ORD1608,CUST361,2025-10-10,Electronics,46111,COD
ORD1609,CUST037,2025-01-29,Automotive,12908,UPI
ORD1610,CUST272,2024-02-03,Clothing,4488,COD
ORD1611,CUST386,2024-10-03,Automotive,22070,UPI
ORD1612,CUST278,2025-08-12,Furniture,28811,UPI
ORD1613,CUST351,2024-03-23,Healthcare,6500,UPI
ORD1614,CUST377,2024-02-26,Healthcare,12053,COD
ORD1615,CUST187,2024-02-22,Electronics,30097,Card
ORD1616,CUST188,2025-04-21,Healthcare,1669,UPI
ORD1617,CUST188,2025-01-10,Furniture,24239,UPI
ORD1618,CUST287,2025-12-22,Electronics,41749,Card
ORD1619,CUST364,2024-07-28,Furniture,13974,UPI
ORD1620,CUST123,2025-07-06,Electronics,47535,COD
ORD1621,CUST245,2025-08-17,Automotive,8874,COD
ORD1622,CUST386,2024-08-18,Clothing,3889,Card
ORD1623,CUST460,2024-09-30,Healthcare,12144,COD
ORD1624,CUST217,2024-10-10,Electronics,9152,UPI
ORD1625,CUST191,2024-12-19,Food,2491,COD
ORD1626,CUST257,2025-06-23,Electronics,35812,Card
ORD1627,CUST364,2025-06-28,Automotive,19460,Card
ORD1628,CUST461,2024-10-26,Food,2007,UPI
ORD1629,CUST410,2025-11-20,Automotive,4150,COD
ORD1630,CUST097,2025-04-13,Electronics,10254,UPI
ORD1631,CUST201,2024-07-02,Clothing,1630,UPI
ORD1632,CUST056,2024-06-17,Clothing,1917,UPI
ORD1633,CUST357,2024-05-31,Food,1116,Card
ORD1634,CUST448,2024-07-28,Healthcare,11277,Card
ORD1635,CUST012,2024-10-27,Food,2717,Net Banking
ORD1636,CUST478,2024-05-15,Food,1920,COD
ORD1637,CUST216,2025-03-30,Automotive,23125,UPI
ORD1638,CUST011,2024-10-25,Furniture,5062,Net Banking
ORD1639,CUST012,2024-08-25,Healthcare,11562,UPI
ORD1640,CUST172,2025-02-25,Healthcare,6616,COD
ORD1641,CUST336,2025-10-23,Clothing,4982,COD
ORD1642,CUST304,2025-11-12,Automotive,19372,Card
ORD1643,CUST432,2025-07-15,Food,2375,Net Banking
ORD1644,CUST156,2025-08-03,Furniture,28865,UPI
ORD1645,CUST157,2024-06-24,Clothing,2857,Card
ORD1646,CUST248,2025-01-15,Clothing,7305,COD
ORD1647,CUST433,2024-02-18,Furniture,14571,Card
ORD1648,CUST146,2025-04-11,Furniture,23271,UPI
ORD1649,CUST474,2024-06-13,Automotive,19541,Card
ORD1650,CUST147,2024-07-05,Furniture,26203,COD
ORD1651,CUST355,2025-11-13,Furniture,8283,UPI
ORD1652,CUST122,2024-04-29,Electronics,25750,UPI
ORD1653,CUST295,2024-05-09,Food,1566,Net Banking
ORD1654,CUST190,2024-07-07,Furniture,21431,COD
ORD1655,CUST363,2024-02-05,Automotive,12385,UPI
ORD1656,CUST177,2024-05-31,Clothing,4673,UPI
ORD1657,CUST277,2024-06-15,Healthcare,5940,UPI
ORD1658,CUST063,2024-01-26,Food,2545,UPI
ORD1659,CUST394,2024-05-28,Food,1811,Card
ORD1660,CUST080,2024-01-05,Automotive,19896,Net Banking
ORD1661,CUST500,2025-06-03,Clothing,6302,Card
ORD1662,CUST362,2024-10-29,Food,1687,Card
ORD1663,CUST497,2025-08-10,Automotive,6819,UPI
ORD1664,CUST410,2025-08-01,Automotive,16486,COD
ORD1665,CUST174,2025-12-06,Electronics,36390,Card
ORD1666,CUST461,2024-02-11,Furniture,25216,COD
ORD1667,CUST283,2024-04-29,Clothing,1203,Card
ORD1668,CUST206,2025-09-24,Furniture,17613,UPI
ORD1669,CUST183,2024-04-04,Clothing,1450,Card
ORD1670,CUST312,2025-10-18,Furniture,22117,UPI
ORD1671,CUST270,2024-08-15,Clothing,2603,Card
ORD1672,CUST012,2024-03-26,Healthcare,14917,UPI
ORD1673,CUST229,2025-11-24,Automotive,4863,UPI
ORD1674,CUST500,2025-06-08,Food,1296,COD
ORD1675,CUST252,2024-11-21,Healthcare,10913,UPI
ORD1676,CUST262,2024-02-27,Automotive,13831,COD
ORD1677,CUST204,2024-05-31,Automotive,16012,UPI
ORD1678,CUST190,2025-01-30,Clothing,1099,Card
ORD1679,CUST146,2024-12-19,Clothing,3523,Card
ORD1680,CUST229,2025-07-28,Electronics,19135,Card
ORD1681,CUST373,2025-03-30,Automotive,15618,UPI
ORD1682,CUST412,2025-03-29,Clothing,2341,UPI
ORD1683,CUST413,2025-03-10,Automotive,15572,UPI
ORD1684,CUST072,2025-08-24,Healthcare,2410,UPI
ORD1685,CUST074,2024-07-31,Clothing,4888,Card
ORD1686,CUST445,2025-06-21,Clothing,1541,COD
ORD1687,CUST478,2025-08-27,Food,862,COD
ORD1688,CUST004,2025-02-23,Automotive,10956,Net Banking
ORD1689,CUST213,2024-06-28,Healthcare,8571,Net Banking
ORD1690,CUST364,2025-08-04,Furniture,9529,Card
ORD1691,CUST096,2025-01-25,Clothing,5537,UPI
ORD1692,CUST252,2024-02-13,Clothing,7836,COD
ORD1693,CUST300,2024-11-07,Food,2790,Card
ORD1694,CUST379,2025-04-19,Furniture,3879,Card
ORD1695,CUST406,2024-01-03,Furniture,11607,UPI
ORD1696,CUST154,2025-10-17,Automotive,17484,UPI
ORD1697,CUST064,2025-10-31,Automotive,11426,Card
ORD1698,CUST214,2024-07-02,Food,1502,COD
ORD1699,CUST015,2024-05-02,Clothing,5039,Card
ORD1700,CUST497,2024-03-09,Healthcare,13215,UPI
ORD1701,CUST186,2025-08-18,Food,2816,COD
ORD1702,CUST224,2024-09-21,Automotive,24475,UPI
ORD1703,CUST244,2025-12-11,Electronics,29458,UPI
ORD1704,CUST263,2025-08-12,Electronics,22009,UPI
ORD1705,CUST084,2025-08-18,Electronics,14577,Net Banking
ORD1706,CUST164,2025-04-17,Automotive,6439,COD
ORD1707,CUST183,2024-06-16,Electronics,22869,UPI
ORD1708,CUST185,2025-03-05,Automotive,13664,COD
ORD1709,CUST025,2024-10-23,Clothing,5338,UPI
ORD1710,CUST328,2024-03-19,Healthcare,4175,COD
ORD1711,CUST393,2025-10-05,Furniture,28057,Net Banking
ORD1712,CUST049,2025-09-05,Furniture,20816,COD
ORD1713,CUST166,2024-11-19,Automotive,11865,UPI
ORD1714,CUST139,2025-12-02,Automotive,24555,COD
ORD1715,CUST186,2024-04-08,Healthcare,10503,Net Banking
ORD1716,CUST181,2024-05-27,Electronics,13975,UPI
ORD1717,CUST266,2024-10-15,Clothing,7379,COD
ORD1718,CUST249,2025-02-25,Clothing,2335,UPI
ORD1719,CUST053,2024-08-11,Furniture,19494,COD
ORD1720,CUST114,2024-07-11,Healthcare,11050,UPI
ORD1721,CUST354,2025-06-22,Healthcare,12674,Net Banking
ORD1722,CUST283,2025-12-20,Electronics,32351,Card
ORD1723,CUST236,2024-03-19,Electronics,13600,UPI
ORD1724,CUST473,2024-01-18,Food,1926,UPI
ORD1725,CUST160,2025-12-08,Clothing,2138,UPI
ORD1726,CUST419,2025-03-28,Healthcare,9570,Card
ORD1727,CUST391,2024-12-16,Furniture,26261,UPI
ORD1728,CUST156,2024-01-30,Automotive,5886,Card
ORD1729,CUST114,2024-05-11,Automotive,6664,UPI
ORD1730,CUST353,2024-08-20,Clothing,2026,UPI
ORD1731,CUST108,2024-05-13,Electronics,32840,Net Banking
ORD1732,CUST354,2024-04-24,Electronics,6232,UPI
ORD1733,CUST397,2025-05-10,Food,674,COD
ORD1734,CUST101,2024-04-20,Electronics,48239,COD
ORD1735,CUST263,2025-08-30,Electronics,35741,Card
ORD1736,CUST061,2024-09-16,Electronics,9341,Card
ORD1737,CUST155,2025-11-14,Electronics,11324,COD
ORD1738,CUST401,2024-05-06,Healthcare,4365,UPI
ORD1739,CUST301,2024-07-23,Furniture,24974,UPI
ORD1740,CUST180,2024-01-30,Electronics,14539,UPI
ORD1741,CUST434,2024-10-11,Healthcare,6698,Net Banking
ORD1742,CUST181,2024-06-13,Healthcare,13792,UPI
ORD1743,CUST374,2025-09-19,Furniture,19544,Card
ORD1744,CUST292,2024-03-10,Electronics,42888,COD
ORD1745,CUST391,2024-01-15,Healthcare,4555,COD
ORD1746,CUST367,2024-07-15,Clothing,2407,Card
ORD1747,CUST462,2025-07-04,Electronics,11467,UPI
ORD1748,CUST474,2024-08-07,Healthcare,14947,COD
ORD1749,CUST363,2025-05-01,Clothing,6719,Card
ORD1750,CUST302,2024-07-08,Food,939,UPI
ORD1751,CUST093,2024-12-29,Food,2237,UPI
ORD1752,CUST110,2025-06-10,Furniture,16355,COD
ORD1753,CUST058,2024-11-17,Electronics,35533,Card
ORD1754,CUST057,2025-06-16,Furniture,19246,COD
ORD1755,CUST391,2025-01-04,Automotive,11446,COD
ORD1756,CUST286,2024-02-11,Electronics,26503,Card
ORD1757,CUST253,2024-04-28,Food,1661,Card
ORD1758,CUST234,2025-09-06,Automotive,12223,UPI
ORD1759,CUST352,2025-03-30,Furniture,21150,UPI
ORD1760,CUST209,2024-10-24,Food,1273,UPI
ORD1761,CUST439,2024-03-12,Food,2005,Net Banking
ORD1762,CUST092,2024-01-14,Automotive,18110,Card
ORD1763,CUST345,2024-04-17,Food,2294,COD
ORD1764,CUST268,2025-11-05,Automotive,4785,UPI
ORD1765,CUST062,2024-05-26,Food,2140,Card
ORD1766,CUST356,2025-08-27,Electronics,16057,Card
ORD1767,CUST034,2025-01-07,Furniture,14096,Card
ORD1768,CUST103,2025-09-01,Food,1002,Net Banking
ORD1769,CUST120,2025-03-10,Automotive,18354,UPI
ORD1770,CUST143,2025-12-31,Healthcare,10726,Card
ORD1771,CUST140,2025-10-21,Food,1958,UPI
ORD1772,CUST244,2025-11-13,Healthcare,7626,UPI
ORD1773,CUST249,2025-06-07,Clothing,2207,Card
ORD1774,CUST394,2025-04-10,Electronics,13007,Card
ORD1775,CUST129,2025-05-16,Food,1445,COD
ORD1776,CUST322,2024-05-17,Electronics,11527,Card
ORD1777,CUST378,2024-02-24,Electronics,37645,Net Banking
ORD1778,CUST348,2024-01-28,Furniture,15538,Card
ORD1779,CUST310,2025-11-26,Clothing,2251,Card
ORD1780,CUST156,2025-09-28,Healthcare,2578,UPI
ORD1781,CUST390,2024-03-19,Automotive,19037,UPI
ORD1782,CUST393,2025-05-19,Food,1327,UPI
ORD1783,CUST151,2025-11-08,Food,2508,Card
ORD1784,CUST259,2024-09-24,Healthcare,6629,UPI
ORD1785,CUST415,2025-07-07,Healthcare,1289,UPI
ORD1786,CUST488,2024-02-02,Food,987,UPI
ORD1787,CUST197,2025-04-05,Clothing,7986,COD
ORD1788,CUST193,2025-03-29,Food,647,UPI
ORD1789,CUST017,2024-06-30,Healthcare,11803,Card
ORD1790,CUST441,2024-11-06,Automotive,7378,UPI
ORD1791,CUST252,2025-03-17,Furniture,13238,Card
ORD1792,CUST367,2025-02-02,Food,948,UPI
ORD1793,CUST292,2025-11-22,Food,2768,UPI
ORD1794,CUST351,2025-07-06,Healthcare,8697,Card
ORD1795,CUST244,2025-07-29,Furniture,19603,UPI
ORD1796,CUST029,2025-02-04,Clothing,5052,UPI
ORD1797,CUST303,2025-01-21,Healthcare,12083,UPI
ORD1798,CUST181,2024-10-18,Clothing,1503,UPI
ORD1799,CUST015,2025-08-27,Electronics,13401,UPI
ORD1800,CUST429,2025-01-10,Clothing,7631,UPI
ORD1801,CUST380,2025-08-20,Electronics,45970,COD
ORD1802,CUST175,2025-01-24,Electronics,33059,Card
ORD1803,CUST177,2024-12-31,Food,1938,Card
ORD1804,CUST029,2025-11-08,Furniture,11113,UPI
ORD1805,CUST121,2025-10-25,Clothing,5854,COD
ORD1806,CUST044,2025-12-05,Electronics,24982,UPI
ORD1807,CUST059,2024-12-11,Furniture,3645,UPI
ORD1808,CUST276,2024-11-29,Electronics,35206,Card
ORD1809,CUST337,2025-03-08,Healthcare,9433,UPI
ORD1810,CUST462,2025-03-07,Clothing,1167,UPI
ORD1811,CUST357,2025-04-25,Healthcare,1364,Card
ORD1812,CUST163,2025-01-21,Healthcare,7394,COD
ORD1813,CUST166,2025-08-09,Electronics,37005,Card
ORD1814,CUST052,2025-12-08,Automotive,8747,Net Banking
ORD1815,CUST173,2025-05-23,Healthcare,14294,COD
ORD1816,CUST392,2025-11-14,Clothing,2365,UPI
ORD1817,CUST315,2024-11-02,Clothing,4571,UPI
ORD1818,CUST104,2025-05-23,Automotive,4468,UPI
ORD1819,CUST431,2025-07-02,Furniture,12416,UPI
ORD1820,CUST136,2024-02-18,Clothing,5698,UPI
ORD1821,CUST206,2024-08-19,Healthcare,13171,COD
ORD1822,CUST491,2024-04-04,Automotive,20946,Net Banking
ORD1823,CUST049,2025-08-29,Clothing,3239,Card
ORD1824,CUST035,2025-08-03,Healthcare,8786,UPI
ORD1825,CUST219,2024-08-02,Clothing,7517,COD
ORD1826,CUST040,2025-10-29,Clothing,5134,COD
ORD1827,CUST412,2024-11-03,Food,2711,COD
ORD1828,CUST161,2024-07-23,Food,2147,UPI
ORD1829,CUST129,2025-10-01,Healthcare,8425,Card
ORD1830,CUST344,2025-07-14,Furniture,3609,UPI
ORD1831,CUST322,2025-12-21,Healthcare,4056,UPI
ORD1832,CUST296,2025-05-26,Furniture,24653,UPI
ORD1833,CUST493,2025-04-23,Clothing,6225,Card
ORD1834,CUST273,2025-09-21,Food,2818,Card
ORD1835,CUST373,2025-10-03,Electronics,39227,UPI
ORD1836,CUST103,2025-01-08,Food,1105,UPI
ORD1837,CUST124,2024-06-03,Automotive,24456,Card
ORD1838,CUST392,2024-11-03,Food,2180,UPI
ORD1839,CUST164,2024-03-06,Automotive,8670,UPI
ORD1840,CUST434,2025-02-26,Clothing,7747,UPI
ORD1841,CUST147,2025-10-23,Furniture,11403,Net Banking
ORD1842,CUST352,2025-09-07,Furniture,16299,UPI
ORD1843,CUST123,2024-04-26,Furniture,9288,UPI
ORD1844,CUST015,2024-09-08,Clothing,4802,UPI
ORD1845,CUST249,2025-07-27,Food,2228,COD
ORD1846,CUST332,2024-02-07,Furniture,8221,Card
ORD1847,CUST140,2024-05-19,Electronics,21934,Card
ORD1848,CUST405,2024-10-11,Automotive,20045,UPI
ORD1849,CUST091,2025-10-21,Electronics,36840,Card
ORD1850,CUST401,2024-01-21,Electronics,10500,UPI
ORD1851,CUST161,2025-09-08,Clothing,1520,Card
ORD1852,CUST462,2025-02-20,Clothing,6502,COD
ORD1853,CUST337,2024-04-02,Food,1075,Card
ORD1854,CUST121,2024-04-24,Healthcare,13033,COD
ORD1855,CUST257,2024-05-03,Healthcare,11882,Net Banking
ORD1856,CUST425,2025-08-17,Healthcare,5125,UPI
ORD1857,CUST255,2024-04-02,Furniture,22654,COD
ORD1858,CUST063,2024-11-16,Clothing,7818,UPI
ORD1859,CUST300,2025-02-03,Automotive,9731,Card
ORD1860,CUST479,2025-03-09,Furniture,7727,UPI
ORD1861,CUST055,2024-06-28,Furniture,11996,UPI
ORD1862,CUST226,2025-02-22,Clothing,5829,UPI
ORD1863,CUST029,2025-05-17,Healthcare,7139,UPI
ORD1864,CUST359,2024-04-25,Clothing,5470,Card
ORD1865,CUST217,2025-05-01,Automotive,10072,Card
ORD1866,CUST494,2024-10-11,Furniture,14894,UPI
ORD1867,CUST244,2025-01-11,Clothing,1172,UPI
ORD1868,CUST331,2025-09-12,Electronics,48399,Card
ORD1869,CUST410,2024-02-25,Automotive,24006,UPI
ORD1870,CUST123,2024-09-16,Healthcare,7302,Net Banking
ORD1871,CUST159,2025-10-16,Automotive,13890,Card
ORD1872,CUST463,2025-12-02,Electronics,40055,COD
ORD1873,CUST444,2024-08-30,Food,2091,Card
ORD1874,CUST005,2025-02-06,Clothing,3464,UPI
ORD1875,CUST047,2024-08-29,Clothing,2723,Card
ORD1876,CUST441,2024-06-13,Food,1799,UPI
ORD1877,CUST451,2025-10-21,Food,638,UPI
ORD1878,CUST141,2024-03-23,Food,2429,Net Banking
ORD1879,CUST378,2025-02-26,Clothing,6876,UPI
ORD1880,CUST217,2024-04-12,Furniture,25887,Net Banking
ORD1881,CUST134,2025-06-02,Electronics,28059,COD
ORD1882,CUST216,2025-09-08,Automotive,19947,COD
ORD1883,CUST378,2024-11-30,Food,612,COD
ORD1884,CUST391,2024-02-23,Automotive,23023,UPI
ORD1885,CUST095,2025-10-07,Food,1057,UPI
ORD1886,CUST002,2025-02-14,Furniture,23588,Card
ORD1887,CUST157,2024-11-17,Healthcare,2347,UPI
ORD1888,CUST057,2024-06-10,Furniture,19920,Card
ORD1889,CUST366,2025-10-26,Furniture,22464,Net Banking
ORD1890,CUST352,2025-02-24,Clothing,4698,Card
ORD1891,CUST245,2024-05-16,Clothing,2421,UPI
ORD1892,CUST352,2025-08-30,Clothing,7549,UPI
ORD1893,CUST145,2024-07-22,Electronics,32164,UPI
ORD1894,CUST189,2024-07-05,Food,2045,UPI
ORD1895,CUST484,2025-08-07,Furniture,3679,COD
ORD1896,CUST486,2024-01-24,Healthcare,11602,UPI
ORD1897,CUST314,2025-10-03,Furniture,5915,UPI
ORD1898,CUST499,2025-04-18,Furniture,11578,UPI
ORD1899,CUST360,2024-06-21,Electronics,31282,Card
ORD1900,CUST317,2025-03-15,Healthcare,5262,Card
ORD1901,CUST077,2024-04-01,Clothing,2393,UPI
ORD1902,CUST485,2025-08-03,Electronics,5925,UPI
ORD1903,CUST368,2025-06-22,Food,2358,UPI
ORD1904,CUST424,2025-11-20,Food,985,UPI
ORD1905,CUST115,2025-12-31,Furniture,9243,Card
ORD1906,CUST485,2024-09-29,Clothing,7114,Card
ORD1907,CUST254,2025-01-26,Furniture,17133,UPI
ORD1908,CUST439,2024-07-30,Healthcare,4531,UPI
ORD1909,CUST422,2024-10-16,Automotive,24190,COD
ORD1910,CUST097,2025-03-04,Furniture,16386,Card
ORD1911,CUST406,2024-05-29,Electronics,24018,Card
ORD1912,CUST500,2024-09-25,Furniture,23240,UPI
ORD1913,CUST231,2024-09-11,Clothing,5775,Card
ORD1914,CUST351,2025-10-24,Food,851,UPI
ORD1915,CUST006,2025-04-25,Furniture,13592,Card
ORD1916,CUST499,2025-12-10,Food,1369,COD
ORD1917,CUST366,2025-01-27,Automotive,15870,UPI
ORD1918,CUST377,2025-09-03,Clothing,1598,UPI
ORD1919,CUST049,2025-07-24,Electronics,8415,UPI
ORD1920,CUST171,2024-08-28,Food,1951,UPI
ORD1921,CUST311,2025-11-17,Healthcare,12625,UPI
ORD1922,CUST384,2024-02-16,Electronics,21623,UPI
ORD1923,CUST259,2025-09-26,Food,1739,Net Banking
ORD1924,CUST203,2025-11-18,Clothing,2083,Card
ORD1925,CUST496,2025-07-26,Electronics,43042,UPI
ORD1926,CUST092,2024-09-23,Furniture,19506,COD
ORD1927,CUST253,2024-12-13,Food,1040,UPI
ORD1928,CUST046,2024-11-20,Automotive,19380,COD
ORD1929,CUST222,2024-05-25,Clothing,1957,UPI
ORD1930,CUST161,2024-02-15,Furniture,19358,COD
ORD1931,CUST447,2024-10-14,Automotive,13815,Card
ORD1932,CUST475,2025-03-16,Clothing,3156,COD
ORD1933,CUST314,2024-09-27,Healthcare,6128,COD
ORD1934,CUST224,2024-06-17,Clothing,7036,UPI
ORD1935,CUST252,2024-06-03,Healthcare,14976,COD
ORD1936,CUST473,2025-11-04,Automotive,16417,UPI
ORD1937,CUST028,2024-07-12,Furniture,4788,UPI
ORD1938,CUST118,2024-07-06,Electronics,35818,UPI
ORD1939,CUST134,2024-06-16,Automotive,17307,Card
ORD1940,CUST224,2024-04-28,Food,667,UPI
ORD1941,CUST227,2024-12-31,Automotive,20378,Card
ORD1942,CUST249,2025-04-13,Food,960,Card
ORD1943,CUST434,2024-05-31,Electronics,27911,Net Banking
ORD1944,CUST048,2024-07-27,Clothing,2479,COD
ORD1945,CUST428,2024-06-21,Automotive,18670,UPI
ORD1946,CUST422,2024-10-06,Healthcare,11864,UPI
ORD1947,CUST300,2024-08-05,Healthcare,1067,UPI
ORD1948,CUST270,2025-08-07,Furniture,16645,UPI
ORD1949,CUST472,2024-03-19,Furniture,28174,UPI
ORD1950,CUST256,2025-11-24,Electronics,26538,UPI
ORD1951,CUST014,2024-10-18,Automotive,24303,UPI
ORD1952,CUST063,2025-02-07,Clothing,5836,COD
ORD1953,CUST476,2024-04-18,Clothing,2259,Card
ORD1954,CUST015,2024-03-24,Food,2465,UPI
ORD1955,CUST233,2025-10-05,Clothing,5867,Card
ORD1956,CUST337,2024-01-06,Clothing,1359,UPI
ORD1957,CUST336,2025-09-29,Food,1830,UPI
ORD1958,CUST486,2025-08-05,Furniture,9926,Card
ORD1959,CUST442,2024-02-19,Automotive,11271,Card
ORD1960,CUST166,2024-02-26,Automotive,4317,UPI
ORD1961,CUST281,2025-09-08,Food,879,COD
ORD1962,CUST205,2024-09-18,Furniture,10866,COD
ORD1963,CUST495,2025-02-12,Electronics,6344,Card
ORD1964,CUST437,2024-08-01,Furniture,15730,Card
ORD1965,CUST400,2025-02-16,Clothing,6301,Card
ORD1966,CUST386,2025-10-31,Furniture,6951,UPI
ORD1967,CUST153,2025-05-17,Food,1770,UPI
ORD1968,CUST463,2025-12-02,Healthcare,3151,UPI
ORD1969,CUST184,2025-11-12,Electronics,29081,Card
ORD1970,CUST263,2024-07-23,Food,2324,Card
ORD1971,CUST454,2025-02-01,Food,1599,UPI
ORD1972,CUST289,2025-09-06,Food,869,COD
ORD1973,CUST388,2025-03-08,Clothing,6028,COD
ORD1974,CUST096,2025-03-20,Automotive,15959,Net Banking
ORD1975,CUST048,2024-02-11,Healthcare,6599,Card
ORD1976,CUST499,2025-04-19,Automotive,9347,COD
ORD1977,CUST332,2025-12-03,Automotive,7081,UPI
ORD1978,CUST477,2025-05-22,Healthcare,11314,Net Banking
ORD1979,CUST332,2025-06-21,Electronics,24051,UPI
ORD1980,CUST240,2025-03-23,Electronics,36300,Net Banking
ORD1981,CUST154,2024-06-01,Furniture,25423,UPI
ORD1982,CUST463,2024-11-03,Furniture,20140,COD
ORD1983,CUST219,2024-10-29,Healthcare,1781,COD
ORD1984,CUST283,2024-03-19,Electronics,38647,UPI
ORD1985,CUST056,2025-06-06,Food,2191,Card
ORD1986,CUST049,2025-04-20,Automotive,20627,COD
ORD1987,CUST417,2024-09-16,Clothing,3087,Card
ORD1988,CUST300,2024-03-24,Healthcare,1266,COD
ORD1989,CUST059,2025-11-08,Food,1235,Card
ORD1990,CUST403,2024-07-05,Food,685,UPI
ORD1991,CUST043,2025-03-02,Automotive,11753,UPI
ORD1992,CUST161,2025-08-24,Automotive,16909,UPI
ORD1993,CUST388,2025-11-17,Food,1585,Net Banking
ORD1994,CUST175,2024-07-10,Furniture,9064,UPI
ORD1995,CUST041,2025-09-10,Clothing,6516,Card
ORD1996,CUST055,2025-03-20,Healthcare,1293,Card
ORD1997,CUST003,2025-02-08,Electronics,5871,Card
ORD1998,CUST088,2025-11-02,Food,2384,COD
ORD1999,CUST355,2025-02-18,Automotive,21722,COD
ORD2000,CUST372,2025-05-13,Clothing,6066,UPI
ORD2001,CUST417,2025-09-23,Clothing,6657,COD
ORD2002,CUST345,2025-12-07,Automotive,14943,Net Banking
ORD2003,CUST412,2024-11-05,Electronics,13197,Card
ORD2004,CUST070,2024-01-15,Furniture,6667,COD
ORD2005,CUST418,2024-01-17,Automotive,8167,UPI
ORD2006,CUST440,2024-01-28,Furniture,18765,UPI
ORD2007,CUST333,2024-05-28,Automotive,9922,COD
ORD2008,CUST224,2025-10-03,Healthcare,4127,UPI
ORD2009,CUST045,2024-11-04,Food,1106,COD
ORD2010,CUST243,2025-03-08,Electronics,12632,COD
ORD2011,CUST086,2024-06-05,Automotive,16590,UPI
ORD2012,CUST494,2025-05-11,Food,580,COD
ORD2013,CUST441,2025-04-05,Healthcare,4975,UPI
ORD2014,CUST104,2024-10-28,Healthcare,14589,Card
ORD2015,CUST427,2025-02-05,Electronics,26879,Card
ORD2016,CUST005,2024-04-15,Automotive,16148,COD
ORD2017,CUST213,2025-05-22,Automotive,20961,UPI
ORD2018,CUST306,2025-07-21,Clothing,1303,Card
ORD2019,CUST250,2025-02-13,Food,2602,Card
ORD2020,CUST303,2025-09-18,Automotive,17987,Net Banking
ORD2021,CUST119,2024-03-03,Healthcare,1311,Card
ORD2022,CUST217,2025-08-13,Clothing,5532,UPI
ORD2023,CUST033,2024-10-01,Automotive,15668,UPI
ORD2024,CUST456,2025-04-29,Electronics,37426,UPI
ORD2025,CUST319,2025-10-23,Clothing,4672,COD
ORD2026,CUST358,2025-03-22,Electronics,15573,UPI
ORD2027,CUST148,2024-07-15,Food,1908,UPI
ORD2028,CUST225,2024-08-25,Healthcare,4599,COD
ORD2029,CUST301,2025-12-02,Clothing,5932,UPI
ORD2030,CUST437,2025-11-03,Food,1037,COD
ORD2031,CUST453,2024-10-27,Automotive,14791,Card
ORD2032,CUST492,2025-03-02,Automotive,23381,COD
ORD2033,CUST377,2025-01-03,Food,1163,UPI
ORD2034,CUST319,2024-07-31,Clothing,6658,UPI
ORD2035,CUST384,2024-03-29,Automotive,17823,Net Banking
ORD2036,CUST067,2024-06-26,Furniture,8122,COD
ORD2037,CUST311,2025-05-18,Electronics,32261,Net Banking
ORD2038,CUST483,2025-05-20,Clothing,2922,UPI
ORD2039,CUST108,2025-07-24,Electronics,6188,Net Banking
ORD2040,CUST184,2024-09-24,Clothing,6545,Net Banking
ORD2041,CUST082,2024-06-27,Healthcare,1523,Card
ORD2042,CUST414,2024-03-06,Clothing,4527,Net Banking
ORD2043,CUST059,2025-09-24,Furniture,6954,COD
ORD2044,CUST288,2024-08-17,Food,1556,Card
ORD2045,CUST175,2024-12-29,Electronics,41505,UPI
ORD2046,CUST137,2024-06-03,Automotive,18888,Card
ORD2047,CUST310,2025-11-16,Electronics,8304,UPI
ORD2048,CUST475,2025-03-24,Food,954,UPI
ORD2049,CUST500,2024-04-18,Healthcare,10988,UPI
ORD2050,CUST401,2024-04-14,Healthcare,1687,UPI
ORD2051,CUST260,2024-04-17,Furniture,23641,UPI
ORD2052,CUST061,2024-07-29,Clothing,2286,UPI
ORD2053,CUST373,2024-10-26,Automotive,16467,COD
ORD2054,CUST391,2025-06-02,Food,906,COD
ORD2055,CUST079,2025-10-24,Clothing,3741,UPI
ORD2056,CUST420,2024-05-21,Electronics,18231,COD
ORD2057,CUST225,2025-03-01,Electronics,21077,Card
ORD2058,CUST428,2025-04-30,Clothing,3349,UPI
ORD2059,CUST259,2024-06-24,Electronics,22433,UPI
ORD2060,CUST191,2025-02-28,Clothing,6156,Card
ORD2061,CUST341,2024-09-08,Furniture,27681,Net Banking
ORD2062,CUST386,2025-06-26,Food,1434,Net Banking
ORD2063,CUST071,2025-03-15,Food,2176,UPI
ORD2064,CUST460,2025-04-14,Healthcare,14018,UPI
ORD2065,CUST350,2025-01-05,Electronics,34004,UPI
ORD2066,CUST075,2024-01-11,Automotive,18952,UPI
ORD2067,CUST484,2024-03-12,Electronics,27171,UPI
ORD2068,CUST162,2025-02-15,Furniture,17223,UPI
ORD2069,CUST032,2025-02-06,Electronics,48265,COD
ORD2070,CUST473,2025-10-18,Furniture,21827,COD
ORD2071,CUST030,2025-10-08,Automotive,23638,UPI
ORD2072,CUST449,2025-06-16,Clothing,4434,COD
ORD2073,CUST206,2025-11-28,Automotive,20140,UPI
ORD2074,CUST448,2024-11-07,Automotive,12279,Card
ORD2075,CUST466,2024-12-18,Electronics,23335,UPI
ORD2076,CUST461,2025-06-24,Healthcare,3406,Card
ORD2077,CUST359,2025-02-17,Food,1340,COD
ORD2078,CUST455,2025-07-11,Healthcare,13916,Card
ORD2079,CUST317,2025-10-29,Food,1914,UPI
ORD2080,CUST455,2025-10-26,Food,1308,Card
ORD2081,CUST452,2024-11-04,Electronics,7422,UPI
ORD2082,CUST276,2024-12-08,Food,1016,COD
ORD2083,CUST267,2025-07-07,Clothing,2750,Card
ORD2084,CUST048,2025-06-07,Healthcare,6115,UPI
ORD2085,CUST267,2024-12-14,Automotive,7243,Card
ORD2086,CUST012,2024-01-29,Healthcare,10707,Card
ORD2087,CUST133,2024-09-04,Clothing,6951,UPI
ORD2088,CUST217,2025-06-01,Electronics,8928,Card
ORD2089,CUST431,2025-01-16,Clothing,6136,UPI
ORD2090,CUST260,2024-12-28,Electronics,8128,Net Banking
ORD2091,CUST388,2025-10-28,Electronics,34408,COD
ORD2092,CUST153,2025-08-09,Automotive,2170,COD
ORD2093,CUST233,2024-12-13,Furniture,29390,Card
ORD2094,CUST382,2025-08-18,Healthcare,12708,Card
ORD2095,CUST458,2025-10-04,Automotive,19474,UPI
ORD2096,CUST433,2025-09-01,Furniture,14479,Net Banking
ORD2097,CUST154,2024-10-18,Automotive,20768,UPI
ORD2098,CUST345,2024-05-23,Automotive,14375,Card
ORD2099,CUST267,2024-09-10,Electronics,26485,UPI
ORD2100,CUST265,2025-08-19,Furniture,29962,UPI
ORD2101,CUST399,2025-01-04,Food,901,Card
ORD2102,CUST076,2025-12-29,Food,2187,UPI
ORD2103,CUST042,2024-04-04,Electronics,32845,Net Banking
ORD2104,CUST455,2024-05-13,Food,1379,UPI
ORD2105,CUST229,2024-03-20,Clothing,6544,UPI
ORD2106,CUST270,2025-02-16,Healthcare,10158,Card
ORD2107,CUST266,2025-02-08,Clothing,5786,UPI
ORD2108,CUST256,2025-10-13,Food,2302,UPI
ORD2109,CUST353,2025-05-16,Automotive,15661,Net Banking
ORD2110,CUST422,2024-06-15,Furniture,19573,UPI
ORD2111,CUST066,2025-05-11,Automotive,16998,COD
ORD2112,CUST067,2025-12-22,Healthcare,9669,UPI
ORD2113,CUST061,2025-12-12,Furniture,17923,UPI
ORD2114,CUST243,2024-02-03,Automotive,7139,Net Banking
ORD2115,CUST484,2025-07-26,Clothing,1972,UPI
ORD2116,CUST309,2025-02-22,Electronics,12921,UPI
ORD2117,CUST190,2025-08-08,Clothing,1329,UPI
ORD2118,CUST268,2024-06-05,Electronics,29344,UPI
ORD2119,CUST157,2025-01-18,Clothing,3408,COD
ORD2120,CUST249,2024-01-29,Furniture,7657,UPI
ORD2121,CUST402,2025-08-26,Food,699,Net Banking
ORD2122,CUST480,2024-11-08,Clothing,2766,COD
ORD2123,CUST094,2025-05-15,Electronics,13016,UPI
ORD2124,CUST281,2024-12-23,Electronics,7928,COD
ORD2125,CUST214,2025-05-07,Healthcare,6074,UPI
ORD2126,CUST290,2025-04-08,Clothing,7400,COD
ORD2127,CUST194,2025-05-01,Automotive,21847,UPI
ORD2128,CUST068,2024-05-21,Healthcare,11427,Card
ORD2129,CUST236,2025-04-05,Automotive,16715,Card
ORD2130,CUST077,2024-11-29,Electronics,45944,UPI
ORD2131,CUST341,2025-09-30,Food,2086,Card
ORD2132,CUST120,2025-02-08,Clothing,5431,Net Banking
ORD2133,CUST024,2025-11-17,Food,1636,UPI
ORD2134,CUST331,2024-03-31,Furniture,26173,UPI
ORD2135,CUST013,2025-08-08,Automotive,12120,Net Banking
ORD2136,CUST288,2025-10-22,Electronics,47199,Card
ORD2137,CUST287,2024-03-28,Furniture,23273,COD
ORD2138,CUST278,2025-08-13,Electronics,42371,Net Banking
ORD2139,CUST268,2024-07-12,Food,2558,COD
ORD2140,CUST460,2024-01-20,Electronics,48139,Net Banking
ORD2141,CUST480,2025-06-28,Furniture,3621,UPI
ORD2142,CUST141,2024-07-29,Furniture,26121,UPI
ORD2143,CUST430,2025-08-16,Food,846,Net Banking
ORD2144,CUST414,2025-06-30,Healthcare,6249,Card
ORD2145,CUST206,2025-08-26,Electronics,37209,UPI
ORD2146,CUST442,2024-01-24,Clothing,4580,UPI
ORD2147,CUST093,2025-02-28,Electronics,39596,COD
ORD2148,CUST163,2025-01-26,Clothing,1745,Card
ORD2149,CUST059,2024-04-11,Healthcare,3755,UPI
ORD2150,CUST147,2024-05-27,Furniture,11374,Card
ORD2151,CUST394,2024-04-01,Furniture,13053,UPI
ORD2152,CUST488,2025-02-21,Automotive,7544,UPI
ORD2153,CUST031,2025-09-21,Clothing,2486,UPI
ORD2154,CUST014,2025-12-31,Electronics,24531,UPI
ORD2155,CUST200,2024-04-11,Clothing,2167,Net Banking
ORD2156,CUST212,2024-11-27,Clothing,4076,UPI
ORD2157,CUST483,2024-05-03,Electronics,18274,COD
ORD2158,CUST123,2025-09-03,Healthcare,4874,COD
ORD2159,CUST253,2025-06-04,Healthcare,7308,UPI
ORD2160,CUST487,2024-04-27,Clothing,1496,Card
ORD2161,CUST163,2025-04-20,Healthcare,7669,Card
ORD2162,CUST034,2025-05-10,Electronics,31705,COD
ORD2163,CUST325,2024-08-27,Electronics,22639,UPI
ORD2164,CUST284,2025-08-23,Automotive,5326,Card
ORD2165,CUST127,2025-07-22,Automotive,6114,Card
ORD2166,CUST156,2025-08-04,Food,2326,UPI
ORD2167,CUST043,2025-10-13,Healthcare,4333,UPI
ORD2168,CUST401,2024-05-25,Clothing,5427,Card
ORD2169,CUST087,2024-09-08,Healthcare,7942,Net Banking
ORD2170,CUST493,2025-07-22,Food,671,UPI
ORD2171,CUST001,2025-04-20,Healthcare,5739,Card
ORD2172,CUST335,2024-06-20,Electronics,8943,UPI
ORD2173,CUST478,2025-05-08,Clothing,5897,Net Banking
ORD2174,CUST129,2025-11-27,Food,1939,UPI
ORD2175,CUST432,2025-10-09,Furniture,22174,COD
ORD2176,CUST431,2025-06-06,Clothing,1372,UPI
ORD2177,CUST083,2025-06-30,Healthcare,2145,UPI
ORD2178,CUST154,2024-04-01,Food,1003,UPI
ORD2179,CUST426,2024-05-23,Automotive,20234,UPI
ORD2180,CUST144,2025-03-18,Furniture,23003,Card
ORD2181,CUST259,2024-11-21,Automotive,13227,UPI
ORD2182,CUST326,2024-09-24,Automotive,16834,COD
ORD2183,CUST140,2024-09-08,Automotive,12539,UPI
ORD2184,CUST175,2024-08-03,Food,2955,UPI
ORD2185,CUST169,2024-01-17,Automotive,6381,UPI
ORD2186,CUST331,2024-01-03,Healthcare,8807,UPI
ORD2187,CUST003,2024-01-10,Automotive,7686,UPI
ORD2188,CUST212,2025-07-23,Automotive,18022,UPI
ORD2189,CUST391,2025-02-06,Healthcare,2329,Card
ORD2190,CUST404,2025-10-26,Automotive,4540,UPI
ORD2191,CUST276,2024-02-01,Automotive,16587,Card
ORD2192,CUST345,2024-05-06,Clothing,7658,Card
ORD2193,CUST193,2025-09-07,Clothing,4168,UPI
ORD2194,CUST091,2025-12-14,Electronics,13176,Card
ORD2195,CUST237,2025-01-14,Furniture,17567,COD
ORD2196,CUST005,2024-08-14,Automotive,2648,Card
ORD2197,CUST389,2024-10-14,Automotive,13725,Card
ORD2198,CUST099,2024-04-02,Healthcare,11243,UPI
ORD2199,CUST156,2024-08-14,Furniture,19181,Net Banking
ORD2200,CUST496,2025-01-06,Electronics,23399,Net Banking
ORD2201,CUST253,2025-12-21,Automotive,21858,Card
ORD2202,CUST108,2024-01-08,Furniture,29906,COD
ORD2203,CUST327,2025-02-09,Electronics,23176,UPI
ORD2204,CUST292,2025-05-27,Food,1198,UPI
ORD2205,CUST283,2024-07-17,Automotive,20537,Net Banking
ORD2206,CUST345,2025-11-29,Healthcare,10259,COD
ORD2207,CUST090,2024-03-07,Healthcare,3101,UPI
ORD2208,CUST382,2024-03-07,Furniture,11507,UPI
ORD2209,CUST478,2025-08-06,Furniture,20140,UPI
ORD2210,CUST374,2024-10-07,Furniture,25216,UPI
ORD2211,CUST012,2025-12-10,Automotive,19463,Net Banking
ORD2212,CUST315,2024-09-15,Automotive,20353,Card
ORD2213,CUST453,2025-04-09,Electronics,32991,UPI
ORD2214,CUST329,2025-11-20,Automotive,3699,UPI
ORD2215,CUST438,2024-11-26,Food,2166,UPI
ORD2216,CUST141,2024-05-04,Automotive,18983,UPI
ORD2217,CUST239,2025-05-22,Clothing,5237,Card
ORD2218,CUST389,2024-02-14,Automotive,9357,COD
ORD2219,CUST025,2024-10-11,Food,2680,COD
ORD2220,CUST230,2024-11-19,Electronics,30680,UPI
ORD2221,CUST100,2024-12-08,Electronics,42474,COD
ORD2222,CUST414,2024-01-26,Automotive,9393,Net Banking
ORD2223,CUST354,2025-03-09,Electronics,21382,Net Banking
ORD2224,CUST101,2024-06-17,Clothing,3546,Card
ORD2225,CUST033,2025-10-03,Automotive,5169,UPI
ORD2226,CUST015,2025-05-06,Food,598,UPI
ORD2227,CUST304,2025-10-03,Clothing,7885,UPI
ORD2228,CUST129,2024-09-10,Electronics,36036,UPI
ORD2229,CUST123,2024-12-14,Electronics,26862,UPI
ORD2230,CUST267,2024-08-30,Electronics,44319,Card
ORD2231,CUST318,2025-03-25,Electronics,45982,Net Banking
ORD2232,CUST229,2025-08-15,Electronics,10605,Card
ORD2233,CUST499,2024-03-03,Electronics,29732,UPI
ORD2234,CUST161,2025-12-11,Electronics,13358,COD
ORD2235,CUST032,2025-03-28,Electronics,24757,COD
ORD2236,CUST313,2025-10-03,Food,769,Net Banking
ORD2237,CUST053,2025-11-24,Electronics,41651,COD
ORD2238,CUST027,2024-10-28,Food,2145,Card
ORD2239,CUST050,2025-09-24,Food,1454,COD
ORD2240,CUST443,2025-09-05,Automotive,22447,UPI
ORD2241,CUST006,2025-04-09,Food,2401,UPI
ORD2242,CUST408,2025-03-14,Healthcare,11145,UPI
ORD2243,CUST052,2024-12-13,Automotive,24143,UPI
ORD2244,CUST401,2024-01-27,Food,2618,UPI
ORD2245,CUST169,2025-08-24,Furniture,6539,Card
ORD2246,CUST053,2024-01-13,Healthcare,12686,Net Banking
ORD2247,CUST035,2025-08-30,Furniture,21783,Card
ORD2248,CUST065,2025-10-14,Healthcare,5198,UPI
ORD2249,CUST182,2025-03-07,Food,2321,COD
ORD2250,CUST096,2024-09-05,Furniture,29116,Card
ORD2251,CUST023,2024-03-02,Furniture,13212,UPI
ORD2252,CUST300,2025-03-22,Healthcare,11677,Card
ORD2253,CUST387,2025-01-01,Clothing,5781,UPI
ORD2254,CUST454,2025-07-08,Furniture,7830,UPI
ORD2255,CUST241,2024-11-12,Healthcare,6618,COD
ORD2256,CUST150,2025-01-12,Electronics,38926,UPI
ORD2257,CUST301,2025-11-04,Automotive,6738,Card
ORD2258,CUST030,2024-08-31,Healthcare,14421,COD
ORD2259,CUST428,2025-07-26,Electronics,32660,Net Banking
ORD2260,CUST177,2024-07-19,Furniture,23989,UPI
ORD2261,CUST466,2024-07-25,Electronics,27383,UPI
ORD2262,CUST097,2025-11-14,Food,2414,UPI
ORD2263,CUST308,2025-12-10,Clothing,7979,Card
ORD2264,CUST297,2025-08-02,Clothing,6047,UPI
ORD2265,CUST154,2025-03-04,Clothing,2329,UPI
ORD2266,CUST054,2025-04-10,Electronics,37501,COD
ORD2267,CUST113,2024-01-04,Automotive,9308,Card
ORD2268,CUST355,2024-08-23,Food,1373,UPI
ORD2269,CUST123,2025-05-07,Automotive,12863,Card
ORD2270,CUST414,2025-01-19,Furniture,16117,Card
ORD2271,CUST095,2024-01-07,Clothing,1081,UPI
ORD2272,CUST038,2025-01-01,Electronics,41352,UPI
ORD2273,CUST059,2024-05-25,Clothing,4607,COD
ORD2274,CUST100,2025-10-08,Healthcare,13542,Card
ORD2275,CUST185,2024-02-14,Electronics,18049,Card
ORD2276,CUST102,2024-10-17,Furniture,10174,UPI
ORD2277,CUST454,2024-09-25,Automotive,7710,UPI
ORD2278,CUST174,2025-07-21,Furniture,8850,UPI
ORD2279,CUST101,2024-01-23,Furniture,11578,UPI
ORD2280,CUST467,2024-04-13,Electronics,49397,UPI
ORD2281,CUST071,2025-01-23,Automotive,5636,UPI
ORD2282,CUST174,2024-08-03,Clothing,4737,COD
ORD2283,CUST123,2025-01-13,Clothing,6414,COD
ORD2284,CUST088,2025-06-23,Healthcare,8106,Net Banking
ORD2285,CUST450,2025-12-29,Electronics,12765,COD
ORD2286,CUST074,2024-05-13,Furniture,9281,UPI
ORD2287,CUST273,2025-01-22,Automotive,14263,COD
ORD2288,CUST163,2025-09-05,Food,1501,UPI
ORD2289,CUST472,2024-02-17,Healthcare,10622,COD
ORD2290,CUST097,2025-07-02,Clothing,7468,COD
ORD2291,CUST077,2024-12-01,Furniture,4745,Net Banking
ORD2292,CUST323,2024-10-13,Furniture,19654,COD
ORD2293,CUST496,2025-08-21,Food,1357,Card
ORD2294,CUST373,2024-03-24,Food,765,UPI
ORD2295,CUST086,2025-06-04,Food,2585,UPI
ORD2296,CUST192,2025-05-25,Healthcare,8606,Card
ORD2297,CUST092,2024-11-25,Automotive,14251,UPI
ORD2298,CUST270,2025-12-12,Food,2526,Card
ORD2299,CUST243,2024-10-01,Healthcare,7569,COD
ORD2300,CUST327,2025-08-20,Automotive,3199,UPI
ORD2301,CUST107,2024-08-12,Furniture,17813,Net Banking
ORD2302,CUST442,2024-08-28,Food,1395,COD
ORD2303,CUST157,2025-03-11,Food,2840,COD
ORD2304,CUST081,2025-01-18,Clothing,5510,COD
ORD2305,CUST044,2024-05-17,Electronics,24336,Card
ORD2306,CUST228,2025-06-15,Clothing,2885,COD
ORD2307,CUST299,2024-02-12,Food,2598,Net Banking
ORD2308,CUST319,2024-12-10,Food,2347,UPI
ORD2309,CUST240,2025-03-18,Food,2005,Card
ORD2310,CUST412,2025-05-24,Clothing,3236,Net Banking
ORD2311,CUST196,2024-01-26,Furniture,17473,UPI
ORD2312,CUST120,2024-09-28,Automotive,4486,Card
ORD2313,CUST184,2024-03-25,Clothing,7902,Card
ORD2314,CUST257,2025-06-09,Healthcare,11545,UPI
ORD2315,CUST041,2024-10-10,Furniture,6224,Card
ORD2316,CUST061,2024-03-14,Clothing,1313,Net Banking
ORD2317,CUST280,2024-07-24,Clothing,2610,Card
ORD2318,CUST346,2024-12-03,Clothing,3479,UPI
ORD2319,CUST382,2025-11-30,Clothing,2561,UPI
ORD2320,CUST362,2025-09-10,Furniture,27654,UPI
ORD2321,CUST367,2025-07-10,Clothing,1069,COD
ORD2322,CUST395,2024-11-02,Clothing,7736,UPI
ORD2323,CUST178,2025-02-17,Food,2875,Card
ORD2324,CUST388,2025-11-02,Electronics,35933,UPI
ORD2325,CUST335,2025-06-08,Furniture,16025,UPI
ORD2326,CUST117,2024-08-20,Automotive,8877,COD
ORD2327,CUST243,2024-08-27,Healthcare,10617,Net Banking
ORD2328,CUST403,2025-07-19,Food,2389,UPI
ORD2329,CUST175,2024-03-28,Clothing,7928,UPI
ORD2330,CUST097,2025-03-15,Automotive,15686,UPI
ORD2331,CUST108,2025-03-25,Food,2787,Card
ORD2332,CUST016,2025-01-18,Furniture,21923,Card
ORD2333,CUST448,2024-05-11,Clothing,7044,UPI
ORD2334,CUST005,2025-05-26,Automotive,13621,UPI
ORD2335,CUST174,2024-08-18,Food,2243,UPI
ORD2336,CUST352,2025-02-17,Automotive,19616,COD
ORD2337,CUST154,2024-11-29,Healthcare,1380,COD
ORD2338,CUST291,2024-02-02,Furniture,8036,UPI
ORD2339,CUST488,2024-12-04,Healthcare,11319,Net Banking
ORD2340,CUST410,2025-09-09,Healthcare,10402,UPI
ORD2341,CUST444,2025-02-04,Food,1336,UPI
ORD2342,CUST486,2025-02-04,Electronics,40028,Net Banking
ORD2343,CUST198,2024-07-11,Food,944,COD
ORD2344,CUST169,2025-08-06,Food,1747,COD
ORD2345,CUST048,2024-06-24,Electronics,49229,Card
ORD2346,CUST284,2024-06-30,Electronics,44542,UPI
ORD2347,CUST251,2024-01-28,Furniture,9520,Net Banking
ORD2348,CUST036,2025-01-30,Clothing,2686,UPI
ORD2349,CUST120,2024-10-25,Automotive,19183,Card
ORD2350,CUST036,2025-04-10,Electronics,29159,UPI
ORD2351,CUST266,2024-01-12,Furniture,13707,Card
ORD2352,CUST441,2025-02-24,Food,1143,UPI
ORD2353,CUST057,2024-05-12,Healthcare,7855,UPI
ORD2354,CUST245,2024-03-11,Food,1345,COD
ORD2355,CUST067,2024-07-29,Clothing,4540,UPI
ORD2356,CUST419,2025-12-27,Automotive,17557,Card
ORD2357,CUST082,2025-09-10,Healthcare,6084,UPI
ORD2358,CUST301,2024-07-26,Healthcare,12743,UPI
ORD2359,CUST351,2025-04-14,Clothing,2652,UPI
ORD2360,CUST004,2024-05-26,Food,762,UPI
ORD2361,CUST423,2025-02-12,Healthcare,14231,COD
ORD2362,CUST127,2025-06-22,Clothing,5663,UPI
ORD2363,CUST451,2025-05-17,Food,2395,COD
ORD2364,CUST295,2024-02-10,Automotive,4985,Card
ORD2365,CUST148,2025-10-23,Food,1920,UPI
ORD2366,CUST359,2025-12-29,Clothing,4203,Card
ORD2367,CUST314,2024-06-28,Food,1520,Card
ORD2368,CUST092,2025-09-24,Automotive,16158,Net Banking
ORD2369,CUST235,2025-01-28,Automotive,8011,UPI
ORD2370,CUST358,2025-08-05,Electronics,30791,UPI
ORD2371,CUST358,2024-02-14,Furniture,8175,COD
ORD2372,CUST141,2025-10-05,Healthcare,5782,COD
ORD2373,CUST342,2024-03-09,Automotive,9119,COD
ORD2374,CUST466,2025-05-20,Food,2764,UPI
ORD2375,CUST063,2025-01-12,Electronics,11895,Net Banking
ORD2376,CUST259,2024-11-29,Food,2347,Card
ORD2377,CUST085,2024-09-15,Furniture,19582,Card
ORD2378,CUST023,2025-04-18,Electronics,9796,UPI
ORD2379,CUST328,2025-12-12,Automotive,17135,Card
ORD2380,CUST196,2024-12-17,Automotive,15085,UPI
ORD2381,CUST439,2024-07-18,Food,654,UPI
ORD2382,CUST006,2024-09-13,Electronics,13944,COD
ORD2383,CUST168,2025-11-17,Automotive,17212,UPI
ORD2384,CUST249,2025-04-17,Electronics,10409,UPI
ORD2385,CUST281,2025-11-03,Furniture,26382,UPI
ORD2386,CUST487,2025-03-24,Furniture,18426,COD
ORD2387,CUST421,2024-10-12,Furniture,8589,Card
ORD2388,CUST430,2024-01-19,Healthcare,2646,UPI
ORD2389,CUST091,2024-10-28,Electronics,40039,COD
ORD2390,CUST380,2025-02-04,Furniture,5542,COD
ORD2391,CUST344,2024-01-12,Automotive,10953,UPI
ORD2392,CUST079,2025-03-27,Clothing,2457,Card
ORD2393,CUST111,2024-02-05,Automotive,19442,Net Banking
ORD2394,CUST111,2025-03-28,Automotive,3564,Card
ORD2395,CUST429,2025-10-12,Healthcare,11502,UPI
ORD2396,CUST340,2025-11-06,Electronics,30599,COD
ORD2397,CUST354,2024-11-11,Food,714,Card
ORD2398,CUST307,2024-01-05,Electronics,29732,UPI
ORD2399,CUST393,2024-07-25,Furniture,15276,UPI
ORD2400,CUST466,2024-09-01,Furniture,5994,UPI
ORD2401,CUST009,2025-03-07,Electronics,5954,UPI
ORD2402,CUST173,2024-07-15,Automotive,23920,Net Banking
ORD2403,CUST033,2024-08-13,Electronics,48523,UPI
ORD2404,CUST086,2024-06-20,Electronics,32242,UPI
ORD2405,CUST263,2024-04-20,Clothing,3643,Card
ORD2406,CUST288,2025-10-03,Furniture,23469,UPI
ORD2407,CUST107,2025-07-08,Food,2252,COD
ORD2408,CUST062,2024-08-25,Furniture,6469,UPI
ORD2409,CUST183,2024-11-27,Furniture,3491,UPI
ORD2410,CUST206,2025-10-31,Clothing,1098,UPI
ORD2411,CUST200,2024-08-05,Food,1401,UPI
ORD2412,CUST034,2025-11-04,Clothing,6324,UPI
ORD2413,CUST320,2025-01-12,Electronics,9412,Net Banking
ORD2414,CUST454,2024-08-11,Food,1735,COD
ORD2415,CUST393,2025-09-05,Food,917,UPI
ORD2416,CUST365,2025-07-03,Healthcare,3809,Card
ORD2417,CUST129,2024-04-07,Healthcare,6314,Net Banking
ORD2418,CUST324,2025-12-14,Food,1044,COD
ORD2419,CUST171,2024-06-28,Automotive,24532,UPI
ORD2420,CUST163,2025-11-13,Food,776,UPI
ORD2421,CUST172,2024-01-19,Healthcare,10585,UPI
ORD2422,CUST230,2025-01-26,Healthcare,11495,Net Banking
ORD2423,CUST380,2024-08-26,Healthcare,10625,COD
ORD2424,CUST361,2024-01-14,Furniture,3695,UPI
ORD2425,CUST316,2024-05-07,Clothing,2936,UPI
ORD2426,CUST378,2025-03-14,Furniture,23308,COD
ORD2427,CUST041,2024-03-02,Furniture,15272,COD
ORD2428,CUST256,2024-10-30,Furniture,7969,COD
ORD2429,CUST193,2024-07-28,Automotive,3242,Net Banking
ORD2430,CUST122,2025-09-04,Food,1846,UPI
ORD2431,CUST069,2024-10-11,Clothing,6272,Card
ORD2432,CUST403,2024-02-10,Healthcare,13972,Card
ORD2433,CUST213,2025-10-25,Clothing,7148,UPI
ORD2434,CUST013,2024-08-22,Automotive,12855,Card
ORD2435,CUST176,2024-09-05,Furniture,20672,Net Banking
ORD2436,CUST028,2025-11-11,Furniture,29261,UPI
ORD2437,CUST352,2025-12-13,Automotive,9289,Net Banking
ORD2438,CUST312,2025-01-25,Healthcare,6269,Card
ORD2439,CUST094,2025-03-28,Automotive,2198,COD
ORD2440,CUST034,2025-05-18,Electronics,17613,UPI
ORD2441,CUST027,2025-10-11,Furniture,9691,UPI
ORD2442,CUST065,2024-04-03,Furniture,22419,Card
ORD2443,CUST282,2024-07-28,Furniture,19627,UPI
ORD2444,CUST041,2025-03-12,Automotive,17305,Net Banking
ORD2445,CUST160,2024-06-17,Automotive,8472,Net Banking
ORD2446,CUST126,2025-03-10,Furniture,22852,UPI
ORD2447,CUST128,2024-11-06,Clothing,5722,Card
ORD2448,CUST230,2025-10-12,Furniture,11908,Card
ORD2449,CUST442,2025-05-07,Electronics,28565,UPI
ORD2450,CUST204,2025-01-21,Furniture,18424,COD
ORD2451,CUST226,2025-03-08,Healthcare,10984,COD
ORD2452,CUST377,2025-03-19,Furniture,29856,Card
ORD2453,CUST489,2025-05-08,Electronics,29996,Net Banking
ORD2454,CUST219,2024-03-26,Clothing,5875,Card
ORD2455,CUST276,2024-06-05,Healthcare,12905,COD
ORD2456,CUST090,2024-09-20,Food,2399,Card
ORD2457,CUST157,2025-04-09,Clothing,4073,Net Banking
ORD2458,CUST288,2025-09-12,Food,794,COD
ORD2459,CUST171,2024-05-19,Automotive,17376,UPI
ORD2460,CUST101,2024-06-07,Furniture,3136,COD
ORD2461,CUST007,2025-05-27,Automotive,14263,UPI
ORD2462,CUST252,2025-02-18,Food,2116,UPI
ORD2463,CUST497,2025-01-17,Food,2505,UPI
ORD2464,CUST158,2025-10-18,Healthcare,2167,COD
ORD2465,CUST210,2024-02-09,Electronics,30219,COD
ORD2466,CUST478,2025-08-02,Furniture,9364,Net Banking
ORD2467,CUST391,2025-03-22,Clothing,7318,Net Banking
ORD2468,CUST468,2024-12-22,Healthcare,12618,Card
ORD2469,CUST251,2025-10-12,Automotive,14064,COD
ORD2470,CUST357,2024-02-29,Automotive,14626,Card
ORD2471,CUST475,2025-03-10,Automotive,10086,UPI
ORD2472,CUST125,2025-05-04,Electronics,28685,UPI
ORD2473,CUST324,2025-12-24,Automotive,2925,Net Banking
ORD2474,CUST358,2025-11-12,Automotive,6845,Net Banking
ORD2475,CUST134,2025-09-11,Food,1103,UPI
ORD2476,CUST131,2024-09-10,Healthcare,10475,UPI
ORD2477,CUST488,2025-11-09,Furniture,3404,COD
ORD2478,CUST060,2024-04-04,Automotive,14594,UPI
ORD2479,CUST204,2025-12-24,Healthcare,2316,Net Banking
ORD2480,CUST266,2024-07-12,Food,1179,COD
ORD2481,CUST425,2025-03-13,Clothing,6667,UPI
ORD2482,CUST155,2025-05-27,Healthcare,11788,UPI
ORD2483,CUST454,2025-01-26,Healthcare,6045,Net Banking
ORD2484,CUST376,2025-02-25,Automotive,4912,COD
ORD2485,CUST056,2025-10-13,Healthcare,13725,Card
ORD2486,CUST409,2024-12-18,Furniture,11815,COD
ORD2487,CUST384,2024-08-02,Automotive,15040,UPI
ORD2488,CUST358,2024-11-11,Electronics,16036,Card
ORD2489,CUST418,2025-05-18,Electronics,11348,Net Banking
ORD2490,CUST036,2025-12-14,Food,2650,COD
ORD2491,CUST214,2025-11-01,Clothing,7005,UPI
ORD2492,CUST221,2024-06-23,Furniture,15276,COD
ORD2493,CUST096,2025-12-21,Furniture,9488,Card
ORD2494,CUST250,2024-07-05,Healthcare,2806,UPI
ORD2495,CUST231,2025-08-03,Furniture,9082,UPI
ORD2496,CUST103,2024-03-01,Automotive,7987,COD
ORD2497,CUST415,2024-07-15,Clothing,4348,UPI
ORD2498,CUST226,2025-10-03,Healthcare,2789,UPI
ORD2499,CUST445,2025-10-13,Furniture,5615,UPI
ORD2500,CUST151,2024-03-28,Food,1010,COD
ORD2501,CUST142,2024-03-06,Clothing,1243,Card
ORD2502,CUST300,2024-08-28,Food,2487,Net Banking
ORD2503,CUST345,2024-04-13,Electronics,9001,UPI
ORD2504,CUST137,2024-01-08,Automotive,21085,Card
ORD2505,CUST405,2024-02-12,Electronics,18832,Card
ORD2506,CUST268,2024-01-08,Food,2969,COD
ORD2507,CUST267,2024-09-29,Food,2438,COD
ORD2508,CUST388,2024-12-11,Healthcare,8036,UPI
ORD2509,CUST173,2025-01-14,Automotive,13241,Card
ORD2510,CUST162,2024-09-02,Clothing,6448,UPI
ORD2511,CUST205,2025-01-22,Healthcare,1937,Card
ORD2512,CUST500,2024-12-30,Clothing,7604,UPI
ORD2513,CUST052,2024-01-04,Food,2145,UPI
ORD2514,CUST372,2024-05-22,Electronics,44446,UPI
ORD2515,CUST063,2025-06-27,Clothing,6728,Card
ORD2516,CUST385,2024-09-11,Clothing,4702,UPI
ORD2517,CUST317,2025-12-03,Automotive,17571,Net Banking
ORD2518,CUST264,2025-02-27,Automotive,8158,UPI
ORD2519,CUST002,2025-10-15,Clothing,1136,UPI
ORD2520,CUST325,2025-01-03,Electronics,26333,Net Banking
ORD2521,CUST348,2025-03-30,Furniture,22882,UPI
ORD2522,CUST249,2025-02-13,Automotive,22073,UPI
ORD2523,CUST407,2024-03-24,Clothing,4505,Card
ORD2524,CUST481,2025-05-02,Automotive,24921,UPI
ORD2525,CUST464,2024-04-12,Automotive,14611,UPI
ORD2526,CUST151,2025-09-13,Furniture,26328,UPI
ORD2527,CUST074,2025-06-16,Healthcare,13859,COD
ORD2528,CUST439,2025-05-31,Electronics,13379,Card
ORD2529,CUST255,2024-03-30,Clothing,7818,Card
ORD2530,CUST345,2025-07-15,Food,1188,Card
ORD2531,CUST459,2025-04-01,Electronics,36599,UPI
ORD2532,CUST340,2025-07-07,Furniture,10974,UPI
ORD2533,CUST109,2024-06-23,Automotive,24934,Net Banking
ORD2534,CUST046,2024-04-18,Food,619,UPI
ORD2535,CUST083,2024-11-30,Food,1648,UPI
ORD2536,CUST113,2024-09-20,Automotive,17607,UPI
ORD2537,CUST488,2025-11-17,Electronics,48612,UPI
ORD2538,CUST070,2025-07-01,Automotive,18120,COD
ORD2539,CUST047,2025-12-09,Clothing,2833,UPI
ORD2540,CUST478,2025-08-12,Healthcare,2059,Card
ORD2541,CUST330,2024-12-17,Food,2063,UPI
ORD2542,CUST335,2025-10-19,Healthcare,8159,COD
ORD2543,CUST414,2024-08-26,Furniture,11489,UPI
ORD2544,CUST060,2024-10-24,Electronics,12299,UPI
ORD2545,CUST046,2024-12-14,Automotive,21405,Net Banking
ORD2546,CUST480,2024-07-11,Automotive,5804,Net Banking
ORD2547,CUST294,2025-01-11,Furniture,13268,UPI
ORD2548,CUST489,2025-01-24,Healthcare,13073,UPI
ORD2549,CUST001,2024-11-14,Electronics,43670,UPI
ORD2550,CUST275,2024-07-13,Food,2235,UPI
ORD2551,CUST164,2025-01-08,Automotive,6138,UPI
ORD2552,CUST267,2025-11-10,Healthcare,10679,Card
ORD2553,CUST114,2024-04-19,Food,537,UPI
ORD2554,CUST276,2025-04-16,Clothing,2185,UPI
ORD2555,CUST418,2024-10-30,Furniture,19378,Card
ORD2556,CUST349,2025-04-11,Furniture,22708,COD
ORD2557,CUST146,2024-05-29,Automotive,23802,Card
ORD2558,CUST435,2025-12-20,Electronics,44248,UPI
ORD2559,CUST164,2024-11-12,Healthcare,12282,UPI
ORD2560,CUST064,2024-10-07,Automotive,20807,COD
ORD2561,CUST245,2025-10-08,Furniture,19220,UPI
ORD2562,CUST150,2025-12-22,Food,740,UPI
ORD2563,CUST415,2024-12-07,Furniture,26486,Card
ORD2564,CUST108,2024-08-18,Automotive,3722,Card
ORD2565,CUST473,2024-07-02,Food,2104,Card
ORD2566,CUST154,2025-11-06,Furniture,3706,UPI
ORD2567,CUST281,2025-02-05,Clothing,4460,UPI
ORD2568,CUST348,2025-04-29,Clothing,7207,COD
ORD2569,CUST201,2025-02-04,Electronics,39592,UPI
ORD2570,CUST373,2024-10-16,Clothing,6704,Card
ORD2571,CUST473,2024-07-18,Automotive,19957,Net Banking
ORD2572,CUST202,2024-04-09,Furniture,13597,Card
ORD2573,CUST386,2025-08-17,Electronics,24927,UPI
ORD2574,CUST235,2025-11-01,Furniture,21912,UPI
ORD2575,CUST071,2025-03-28,Automotive,17808,Card
ORD2576,CUST150,2024-05-28,Furniture,10147,COD
ORD2577,CUST412,2024-07-19,Automotive,23339,COD
ORD2578,CUST005,2025-01-05,Automotive,20863,UPI
ORD2579,CUST053,2025-11-25,Furniture,15338,UPI
ORD2580,CUST487,2025-03-13,Automotive,7512,COD
ORD2581,CUST475,2024-02-27,Electronics,28303,Net Banking
ORD2582,CUST499,2025-04-30,Furniture,4719,COD
ORD2583,CUST061,2025-06-11,Automotive,13091,UPI
ORD2584,CUST304,2025-03-20,Furniture,23544,Card
ORD2585,CUST370,2025-02-17,Furniture,4113,Net Banking
ORD2586,CUST061,2024-09-03,Food,2501,Card
ORD2587,CUST155,2025-12-05,Healthcare,3826,UPI
ORD2588,CUST335,2025-01-19,Automotive,23978,UPI
ORD2589,CUST338,2024-04-01,Food,2065,Card
ORD2590,CUST141,2025-10-09,Automotive,16585,UPI
ORD2591,CUST189,2024-01-12,Electronics,12643,Card
ORD2592,CUST043,2024-05-04,Food,2587,COD
ORD2593,CUST116,2024-01-24,Healthcare,10387,UPI
ORD2594,CUST294,2025-05-06,Clothing,6683,COD
ORD2595,CUST382,2024-04-06,Healthcare,3967,UPI
ORD2596,CUST197,2025-05-10,Automotive,16210,Card
ORD2597,CUST153,2025-08-08,Furniture,6258,COD
ORD2598,CUST167,2024-03-06,Automotive,19613,UPI
ORD2599,CUST095,2025-02-19,Automotive,2647,UPI
ORD2600,CUST202,2025-07-23,Healthcare,13836,UPI
ORD2601,CUST416,2025-06-26,Food,761,UPI
ORD2602,CUST266,2025-08-21,Healthcare,12694,Net Banking
ORD2603,CUST420,2025-10-29,Electronics,18596,COD
ORD2604,CUST495,2025-11-05,Electronics,16840,UPI
ORD2605,CUST442,2025-09-05,Automotive,7896,UPI
ORD2606,CUST003,2025-07-22,Food,1787,UPI
ORD2607,CUST063,2024-02-10,Furniture,21844,Net Banking
ORD2608,CUST106,2025-10-30,Furniture,5877,UPI
ORD2609,CUST288,2024-09-19,Electronics,10545,Card
ORD2610,CUST064,2025-06-02,Clothing,3978,Card
ORD2611,CUST495,2025-07-11,Furniture,16862,Card
ORD2612,CUST484,2025-11-04,Electronics,21275,UPI
ORD2613,CUST154,2024-02-17,Healthcare,13825,Net Banking
ORD2614,CUST151,2025-11-05,Healthcare,8289,UPI
ORD2615,CUST072,2025-08-13,Food,1781,UPI
ORD2616,CUST268,2024-12-26,Healthcare,9818,COD
ORD2617,CUST262,2024-08-02,Automotive,5244,Net Banking
ORD2618,CUST340,2024-02-15,Furniture,4203,UPI
ORD2619,CUST097,2024-05-25,Clothing,7820,UPI
ORD2620,CUST111,2024-05-17,Healthcare,10045,UPI
ORD2621,CUST111,2025-08-28,Clothing,3272,UPI
ORD2622,CUST066,2025-09-29,Food,804,UPI
ORD2623,CUST282,2024-09-18,Clothing,4127,UPI
ORD2624,CUST333,2024-06-16,Food,2368,Card
ORD2625,CUST043,2024-09-17,Automotive,15937,Net Banking
ORD2626,CUST482,2025-12-12,Furniture,20560,Card
ORD2627,CUST105,2024-03-13,Automotive,10827,Card
ORD2628,CUST325,2025-12-14,Automotive,8312,UPI
ORD2629,CUST366,2025-01-16,Healthcare,11769,COD
ORD2630,CUST332,2025-06-07,Healthcare,3687,COD
ORD2631,CUST215,2024-06-06,Clothing,7453,COD
ORD2632,CUST223,2025-01-23,Electronics,44558,COD
ORD2633,CUST127,2024-03-20,Clothing,2020,COD
ORD2634,CUST273,2024-04-22,Automotive,19968,Card
ORD2635,CUST209,2024-03-08,Clothing,6244,UPI
ORD2636,CUST046,2025-01-06,Clothing,7373,Card
ORD2637,CUST140,2024-05-29,Furniture,11966,Net Banking
ORD2638,CUST006,2024-04-10,Food,1410,Net Banking
ORD2639,CUST194,2024-04-17,Electronics,16516,Card
ORD2640,CUST270,2024-11-09,Healthcare,14456,UPI
ORD2641,CUST414,2025-05-16,Electronics,39665,UPI
ORD2642,CUST179,2025-12-18,Healthcare,5620,COD
ORD2643,CUST283,2024-10-04,Healthcare,2623,Card
ORD2644,CUST460,2024-02-19,Furniture,13420,Card
ORD2645,CUST485,2025-02-02,Furniture,14310,UPI
ORD2646,CUST413,2025-11-25,Healthcare,10038,UPI
ORD2647,CUST305,2025-02-16,Food,2926,COD
ORD2648,CUST066,2024-09-22,Electronics,50000,Card
ORD2649,CUST263,2025-12-31,Furniture,24547,Net Banking
ORD2650,CUST065,2024-05-26,Food,2824,Card
ORD2651,CUST377,2024-09-30,Electronics,46890,Card
ORD2652,CUST499,2025-01-14,Automotive,10162,UPI
ORD2653,CUST348,2025-09-15,Food,2375,Net Banking
ORD2654,CUST094,2025-03-25,Clothing,7541,UPI
ORD2655,CUST240,2025-05-29,Clothing,3259,UPI
ORD2656,CUST488,2025-03-14,Healthcare,12771,Card
ORD2657,CUST452,2024-08-22,Clothing,6207,COD
ORD2658,CUST440,2024-03-30,Clothing,4330,UPI
ORD2659,CUST395,2024-11-16,Electronics,46594,COD
ORD2660,CUST041,2024-03-19,Automotive,9865,UPI
ORD2661,CUST484,2024-04-05,Furniture,21851,UPI
ORD2662,CUST030,2024-03-27,Automotive,11366,UPI
ORD2663,CUST284,2025-05-19,Electronics,32786,UPI
ORD2664,CUST347,2025-06-04,Automotive,6470,Card
ORD2665,CUST246,2025-05-24,Healthcare,12225,UPI
ORD2666,CUST347,2025-06-29,Automotive,6085,Card
ORD2667,CUST208,2024-01-15,Healthcare,4115,COD
ORD2668,CUST467,2024-01-08,Automotive,15925,UPI
ORD2669,CUST360,2025-07-01,Automotive,13306,Net Banking
ORD2670,CUST126,2025-11-08,Healthcare,12207,UPI
ORD2671,CUST312,2024-02-13,Healthcare,8350,Card
ORD2672,CUST494,2024-06-21,Automotive,19154,UPI
ORD2673,CUST463,2024-08-18,Furniture,5461,UPI
ORD2674,CUST188,2024-05-16,Healthcare,6788,UPI
ORD2675,CUST488,2024-02-22,Food,2529,UPI
ORD2676,CUST195,2024-06-23,Clothing,1927,UPI
ORD2677,CUST174,2025-11-26,Furniture,20665,Card
ORD2678,CUST436,2024-04-30,Clothing,3450,COD
ORD2679,CUST248,2024-10-27,Clothing,2745,COD
ORD2680,CUST002,2025-10-08,Healthcare,7449,Card
ORD2681,CUST112,2024-11-08,Automotive,18892,UPI
ORD2682,CUST423,2024-02-06,Food,2499,UPI
ORD2683,CUST030,2024-12-30,Electronics,45339,UPI
ORD2684,CUST236,2024-12-02,Clothing,3899,UPI
ORD2685,CUST055,2024-01-06,Clothing,6918,Card
ORD2686,CUST096,2025-02-15,Clothing,1072,Card
ORD2687,CUST052,2025-03-17,Food,1309,UPI
ORD2688,CUST044,2025-06-25,Healthcare,3518,UPI
ORD2689,CUST211,2024-05-06,Food,528,COD
ORD2690,CUST080,2025-11-03,Clothing,2852,Net Banking
ORD2691,CUST241,2025-02-08,Clothing,3451,UPI
ORD2692,CUST187,2025-03-14,Furniture,20577,COD
ORD2693,CUST416,2024-10-02,Electronics,33742,COD
ORD2694,CUST337,2025-03-25,Furniture,7583,UPI
ORD2695,CUST182,2025-03-20,Electronics,28542,UPI
ORD2696,CUST453,2025-12-27,Furniture,6626,Card
ORD2697,CUST098,2024-10-18,Electronics,13760,COD
ORD2698,CUST203,2025-03-07,Automotive,12853,COD
ORD2699,CUST462,2024-02-02,Furniture,24830,UPI
ORD2700,CUST102,2025-05-05,Automotive,10709,UPI
ORD2701,CUST061,2025-03-07,Food,2753,Card
ORD2702,CUST254,2025-11-29,Automotive,6175,Card
ORD2703,CUST167,2025-02-13,Healthcare,12894,UPI
ORD2704,CUST473,2025-02-02,Furniture,6595,COD
ORD2705,CUST491,2024-04-20,Electronics,13265,Card
ORD2706,CUST080,2024-12-18,Healthcare,1223,COD
ORD2707,CUST393,2025-12-01,Furniture,4705,COD
ORD2708,CUST348,2024-12-16,Food,2945,Net Banking
ORD2709,CUST378,2024-01-09,Food,2466,UPI
ORD2710,CUST149,2024-10-15,Food,838,Card
ORD2711,CUST390,2025-03-15,Furniture,23237,UPI
ORD2712,CUST079,2025-06-07,Furniture,11174,Card
ORD2713,CUST144,2024-04-27,Clothing,6742,UPI
ORD2714,CUST127,2025-11-13,Food,1312,Card
ORD2715,CUST243,2025-12-24,Electronics,37920,UPI
ORD2716,CUST313,2024-07-04,Furniture,22372,UPI
ORD2717,CUST323,2025-10-11,Furniture,10516,UPI
ORD2718,CUST062,2024-05-15,Food,657,UPI
ORD2719,CUST141,2024-07-15,Furniture,16969,Net Banking
ORD2720,CUST010,2025-09-23,Furniture,5979,Net Banking
ORD2721,CUST443,2024-02-22,Food,2168,Card
ORD2722,CUST269,2024-11-09,Automotive,22752,UPI
ORD2723,CUST119,2024-08-15,Clothing,4490,UPI
ORD2724,CUST246,2024-03-03,Healthcare,7997,UPI
ORD2725,CUST330,2024-02-22,Clothing,1901,UPI
ORD2726,CUST138,2025-01-07,Clothing,3875,COD
ORD2727,CUST365,2025-03-04,Furniture,13480,UPI
ORD2728,CUST459,2024-02-18,Furniture,4339,UPI
ORD2729,CUST001,2024-02-23,Automotive,12539,UPI
ORD2730,CUST109,2024-10-19,Food,1647,UPI
ORD2731,CUST466,2025-09-13,Electronics,33239,Card
ORD2732,CUST095,2024-09-15,Food,1989,Card
ORD2733,CUST172,2024-11-07,Electronics,11349,UPI
ORD2734,CUST343,2024-01-14,Automotive,20080,UPI
ORD2735,CUST395,2024-05-13,Clothing,3953,UPI
ORD2736,CUST380,2025-01-05,Automotive,21297,UPI
ORD2737,CUST271,2025-09-11,Clothing,2951,UPI
ORD2738,CUST333,2024-10-09,Furniture,22147,COD
ORD2739,CUST197,2024-03-30,Electronics,13551,Card
ORD2740,CUST323,2025-09-08,Electronics,7689,Card
ORD2741,CUST301,2025-11-01,Furniture,9321,UPI
ORD2742,CUST361,2025-04-01,Electronics,9907,UPI
ORD2743,CUST483,2025-07-13,Healthcare,6618,Card
ORD2744,CUST155,2025-04-30,Furniture,20483,Card
ORD2745,CUST370,2024-06-06,Electronics,13377,Net Banking
ORD2746,CUST099,2025-03-04,Healthcare,12658,UPI
ORD2747,CUST130,2025-07-27,Clothing,3998,Card
ORD2748,CUST230,2025-10-06,Automotive,5847,UPI
ORD2749,CUST467,2025-03-22,Electronics,36642,COD
ORD2750,CUST215,2025-06-20,Healthcare,13957,Card
ORD2751,CUST012,2024-06-19,Healthcare,5491,Card
ORD2752,CUST357,2024-05-12,Clothing,1372,UPI
ORD2753,CUST490,2025-08-02,Electronics,17464,Card
ORD2754,CUST380,2025-02-11,Food,2680,UPI
ORD2755,CUST446,2025-06-09,Electronics,15847,UPI
ORD2756,CUST225,2025-06-05,Food,2803,UPI
ORD2757,CUST400,2025-02-03,Food,2987,Card
ORD2758,CUST140,2024-07-30,Furniture,3117,UPI
ORD2759,CUST082,2025-08-08,Furniture,22402,UPI
ORD2760,CUST357,2024-01-10,Healthcare,8461,COD
ORD2761,CUST258,2025-12-25,Automotive,19205,UPI
ORD2762,CUST133,2024-11-06,Furniture,12711,Card
ORD2763,CUST363,2024-10-01,Healthcare,2951,UPI
ORD2764,CUST088,2024-08-17,Electronics,39967,UPI
ORD2765,CUST122,2024-10-25,Electronics,46917,Net Banking
ORD2766,CUST076,2024-10-11,Furniture,11861,UPI
ORD2767,CUST448,2024-02-22,Automotive,10159,Card
ORD2768,CUST422,2024-08-03,Healthcare,2903,Card
ORD2769,CUST001,2025-10-26,Clothing,6182,Card
ORD2770,CUST310,2025-01-12,Clothing,1681,Card
ORD2771,CUST485,2025-12-23,Healthcare,5326,UPI
ORD2772,CUST370,2024-05-16,Food,1707,UPI
ORD2773,CUST167,2024-02-28,Automotive,2341,Net Banking
ORD2774,CUST422,2024-12-30,Furniture,26936,Card
ORD2775,CUST495,2024-10-13,Furniture,11388,COD
ORD2776,CUST498,2024-01-17,Healthcare,11769,COD
ORD2777,CUST445,2025-08-20,Electronics,30033,COD
ORD2778,CUST485,2025-10-31,Clothing,6130,Card
ORD2779,CUST325,2025-09-10,Healthcare,4377,UPI
ORD2780,CUST419,2025-03-28,Furniture,13625,Net Banking
ORD2781,CUST138,2024-07-27,Healthcare,11318,Card
ORD2782,CUST414,2025-02-08,Furniture,17616,UPI
ORD2783,CUST119,2025-03-20,Clothing,2215,COD
ORD2784,CUST462,2025-05-05,Electronics,37503,COD
ORD2785,CUST093,2025-04-15,Furniture,29725,Card
ORD2786,CUST442,2024-06-29,Furniture,21666,UPI
ORD2787,CUST252,2024-07-03,Automotive,11242,UPI
ORD2788,CUST011,2024-11-13,Furniture,8823,COD
ORD2789,CUST419,2025-02-07,Automotive,21917,COD
ORD2790,CUST097,2024-03-12,Furniture,5360,UPI
ORD2791,CUST219,2024-09-08,Food,2148,UPI
ORD2792,CUST052,2025-06-23,Furniture,26814,COD
ORD2793,CUST385,2024-01-13,Healthcare,2633,UPI
ORD2794,CUST194,2025-01-28,Electronics,12211,Card
ORD2795,CUST424,2024-01-14,Automotive,3433,COD
ORD2796,CUST068,2024-09-11,Electronics,22541,UPI
ORD2797,CUST074,2025-10-04,Healthcare,1221,Card
ORD2798,CUST406,2024-01-10,Electronics,40544,UPI
ORD2799,CUST377,2024-12-12,Automotive,4784,UPI
ORD2800,CUST104,2024-05-22,Food,2805,COD
ORD2801,CUST457,2025-03-30,Furniture,13072,UPI
ORD2802,CUST170,2025-05-05,Furniture,10989,COD
ORD2803,CUST029,2025-07-10,Automotive,10764,Card
ORD2804,CUST322,2025-07-10,Electronics,6389,UPI
ORD2805,CUST423,2024-02-15,Electronics,40693,UPI
ORD2806,CUST152,2024-04-15,Healthcare,14704,UPI
ORD2807,CUST213,2024-05-25,Electronics,19700,UPI
ORD2808,CUST013,2024-08-20,Food,2078,UPI
ORD2809,CUST076,2024-12-27,Automotive,11399,UPI
ORD2810,CUST116,2025-12-01,Food,960,Card
ORD2811,CUST252,2024-06-22,Electronics,19714,Net Banking
ORD2812,CUST053,2024-10-15,Clothing,1624,Card
ORD2813,CUST316,2024-12-07,Electronics,28625,Net Banking
ORD2814,CUST473,2024-03-27,Electronics,44616,UPI
ORD2815,CUST078,2024-07-01,Food,2672,UPI
ORD2816,CUST172,2025-09-06,Furniture,25263,Card
ORD2817,CUST218,2024-06-02,Automotive,24516,Card
ORD2818,CUST155,2025-10-01,Clothing,3853,UPI
ORD2819,CUST449,2024-04-16,Clothing,5089,COD
ORD2820,CUST339,2025-01-12,Clothing,7641,Net Banking
ORD2821,CUST465,2025-12-29,Electronics,5142,Card
ORD2822,CUST442,2024-06-01,Automotive,6803,UPI
ORD2823,CUST164,2024-05-31,Food,2329,Net Banking
ORD2824,CUST370,2025-05-04,Electronics,12416,Card
ORD2825,CUST296,2025-03-13,Automotive,11125,Net Banking
ORD2826,CUST075,2024-04-02,Clothing,2044,Net Banking
ORD2827,CUST094,2025-01-29,Clothing,3615,COD
ORD2828,CUST254,2025-03-10,Food,2195,Card
ORD2829,CUST309,2025-10-13,Clothing,2132,UPI
ORD2830,CUST411,2025-10-31,Furniture,15556,Card
ORD2831,CUST215,2025-07-16,Food,2706,Card
ORD2832,CUST274,2025-05-19,Healthcare,9785,Net Banking
ORD2833,CUST421,2024-08-23,Food,842,UPI
ORD2834,CUST298,2025-03-07,Healthcare,10467,UPI
ORD2835,CUST398,2025-12-11,Automotive,9187,COD
ORD2836,CUST360,2024-03-30,Furniture,14852,Net Banking
ORD2837,CUST002,2024-07-27,Electronics,28750,COD
ORD2838,CUST286,2025-04-30,Furniture,6609,Net Banking
ORD2839,CUST031,2024-12-23,Clothing,7952,Card
ORD2840,CUST435,2024-05-22,Clothing,4771,Card
ORD2841,CUST074,2025-07-18,Food,1493,COD
ORD2842,CUST108,2024-08-17,Electronics,14030,Card
ORD2843,CUST061,2025-12-13,Automotive,6688,Card
ORD2844,CUST194,2024-01-27,Automotive,15916,UPI
ORD2845,CUST191,2024-02-25,Automotive,5473,Card
ORD2846,CUST340,2025-08-18,Electronics,36249,Net Banking
ORD2847,CUST429,2025-08-31,Furniture,3989,UPI
ORD2848,CUST076,2025-01-09,Furniture,5588,UPI
ORD2849,CUST126,2024-03-19,Electronics,42301,UPI
ORD2850,CUST426,2025-03-02,Furniture,28081,UPI
ORD2851,CUST094,2025-04-26,Automotive,6591,UPI
ORD2852,CUST384,2025-06-24,Automotive,11814,UPI
ORD2853,CUST241,2025-02-25,Automotive,13053,COD
ORD2854,CUST228,2025-10-22,Automotive,2432,Card
ORD2855,CUST147,2024-04-23,Furniture,4966,UPI
ORD2856,CUST452,2025-10-19,Electronics,44595,UPI
ORD2857,CUST385,2024-06-26,Healthcare,3627,Card
ORD2858,CUST006,2025-02-09,Food,2360,UPI
ORD2859,CUST284,2025-12-29,Clothing,5686,COD
ORD2860,CUST257,2024-11-09,Automotive,9448,Card
ORD2861,CUST217,2024-06-09,Clothing,1753,Net Banking
ORD2862,CUST268,2025-01-21,Furniture,27351,UPI
ORD2863,CUST109,2025-02-14,Healthcare,1917,Card
ORD2864,CUST113,2025-02-05,Furniture,29951,UPI
ORD2865,CUST382,2025-07-26,Healthcare,14790,COD
ORD2866,CUST040,2025-12-10,Food,2455,Card
ORD2867,CUST161,2025-10-30,Automotive,15274,UPI
ORD2868,CUST424,2025-01-24,Furniture,4791,UPI
ORD2869,CUST412,2025-01-15,Automotive,15900,UPI
ORD2870,CUST100,2024-10-03,Electronics,11841,Card
ORD2871,CUST040,2025-01-06,Healthcare,13759,UPI
ORD2872,CUST434,2024-12-09,Electronics,20697,Card
ORD2873,CUST145,2024-06-15,Healthcare,2744,UPI
ORD2874,CUST034,2024-08-04,Healthcare,1179,Card
ORD2875,CUST388,2024-11-12,Furniture,21077,COD
ORD2876,CUST104,2025-10-15,Electronics,20750,Net Banking
ORD2877,CUST138,2024-03-28,Healthcare,10253,Net Banking
ORD2878,CUST023,2025-07-31,Food,687,UPI
ORD2879,CUST025,2024-11-18,Electronics,25224,UPI
ORD2880,CUST005,2024-12-31,Clothing,4261,Card
ORD2881,CUST257,2024-07-18,Clothing,7159,UPI
ORD2882,CUST201,2024-12-30,Furniture,26024,UPI
ORD2883,CUST346,2024-04-09,Clothing,4336,UPI
ORD2884,CUST460,2025-05-30,Electronics,37910,UPI
ORD2885,CUST414,2024-06-02,Electronics,43481,UPI
ORD2886,CUST408,2025-01-26,Food,2901,COD
ORD2887,CUST445,2024-02-08,Clothing,2320,UPI
ORD2888,CUST078,2025-11-29,Food,822,Card
ORD2889,CUST454,2025-10-02,Electronics,20176,UPI
ORD2890,CUST453,2024-08-08,Automotive,23437,Card
ORD2891,CUST073,2024-06-13,Healthcare,9459,UPI
ORD2892,CUST374,2025-09-15,Automotive,19147,COD
ORD2893,CUST477,2024-12-15,Food,1037,COD
ORD2894,CUST174,2024-10-24,Clothing,6107,UPI
ORD2895,CUST439,2025-03-17,Electronics,49752,COD
ORD2896,CUST199,2024-09-01,Furniture,23001,COD
ORD2897,CUST311,2024-03-17,Furniture,21576,COD
ORD2898,CUST322,2025-05-24,Electronics,5979,COD
ORD2899,CUST074,2024-11-12,Healthcare,14064,UPI
ORD2900,CUST401,2024-03-30,Food,885,Card
ORD2901,CUST233,2024-11-17,Furniture,12686,UPI
ORD2902,CUST083,2024-03-10,Clothing,5722,UPI
ORD2903,CUST187,2024-12-27,Electronics,9661,COD
ORD2904,CUST092,2025-12-28,Food,1556,UPI
ORD2905,CUST243,2024-09-19,Food,1075,Net Banking
ORD2906,CUST482,2024-05-06,Healthcare,8999,COD
ORD2907,CUST021,2025-01-07,Clothing,4284,COD
ORD2908,CUST210,2025-09-26,Automotive,6226,COD
ORD2909,CUST226,2025-01-10,Healthcare,14841,UPI
ORD2910,CUST320,2024-11-17,Clothing,1683,UPI
ORD2911,CUST350,2025-02-27,Healthcare,8374,UPI
ORD2912,CUST135,2025-11-29,Electronics,45672,UPI
ORD2913,CUST330,2024-02-28,Automotive,10022,UPI
ORD2914,CUST359,2025-07-28,Electronics,15129,UPI
ORD2915,CUST437,2024-04-17,Clothing,4078,Net Banking
ORD2916,CUST082,2025-08-06,Food,798,Card
ORD2917,CUST115,2025-02-01,Food,882,UPI
ORD2918,CUST179,2025-04-22,Food,2691,Card
ORD2919,CUST461,2025-04-21,Electronics,10624,UPI
ORD2920,CUST093,2024-04-20,Food,2274,UPI
ORD2921,CUST103,2025-02-15,Clothing,1528,Net Banking
ORD2922,CUST163,2024-12-16,Healthcare,8967,Card
ORD2923,CUST109,2025-12-20,Automotive,17604,Net Banking
ORD2924,CUST059,2024-10-12,Food,656,UPI
ORD2925,CUST280,2024-06-08,Food,1096,COD
ORD2926,CUST328,2024-08-06,Clothing,5654,Card
ORD2927,CUST017,2025-09-07,Food,755,Card
ORD2928,CUST480,2025-01-05,Food,2439,Card
ORD2929,CUST110,2024-02-25,Furniture,3751,COD
ORD2930,CUST488,2025-12-01,Food,1605,Card
ORD2931,CUST130,2025-10-12,Furniture,5739,Card
ORD2932,CUST073,2024-03-11,Clothing,4318,COD
ORD2933,CUST042,2024-11-01,Automotive,16792,Net Banking
ORD2934,CUST447,2025-03-05,Healthcare,4507,UPI
ORD2935,CUST343,2024-09-22,Furniture,4761,Net Banking
ORD2936,CUST048,2025-03-14,Clothing,7170,UPI
ORD2937,CUST153,2024-06-17,Furniture,14445,UPI
ORD2938,CUST483,2025-03-05,Food,2447,Card
ORD2939,CUST275,2025-12-06,Furniture,25829,COD
ORD2940,CUST224,2024-12-29,Automotive,20688,COD
ORD2941,CUST200,2024-01-11,Healthcare,13829,UPI
ORD2942,CUST458,2025-09-03,Furniture,5549,Card
ORD2943,CUST371,2025-11-14,Healthcare,11100,UPI
ORD2944,CUST075,2024-11-27,Automotive,12371,COD
ORD2945,CUST008,2024-06-03,Food,1104,COD
ORD2946,CUST256,2024-11-20,Electronics,49167,Card
ORD2947,CUST209,2024-09-26,Healthcare,12833,COD
ORD2948,CUST002,2025-04-06,Furniture,23784,Net Banking
ORD2949,CUST231,2025-10-16,Healthcare,2596,Card
ORD2950,CUST019,2024-08-11,Automotive,8149,UPI
ORD2951,CUST216,2025-12-14,Healthcare,13687,Card
ORD2952,CUST086,2025-09-07,Food,1385,Card
ORD2953,CUST179,2024-08-02,Furniture,25270,Card
ORD2954,CUST296,2024-01-15,Clothing,7666,UPI
ORD2955,CUST187,2024-01-17,Clothing,3514,COD
ORD2956,CUST258,2024-05-07,Automotive,18355,UPI
ORD2957,CUST333,2025-04-11,Food,2180,Card
ORD2958,CUST181,2024-12-26,Healthcare,7977,Card
ORD2959,CUST268,2024-12-09,Electronics,16522,Card
ORD2960,CUST235,2025-03-14,Clothing,2449,Card
ORD2961,CUST284,2025-09-01,Furniture,20785,UPI
ORD2962,CUST224,2025-01-25,Clothing,7922,UPI
ORD2963,CUST338,2025-12-06,Automotive,16335,Card
ORD2964,CUST325,2024-10-17,Automotive,22328,Card
ORD2965,CUST481,2024-04-11,Electronics,11803,UPI
ORD2966,CUST046,2025-10-27,Electronics,45387,Net Banking
ORD2967,CUST478,2025-02-25,Electronics,37532,Card
ORD2968,CUST384,2025-09-30,Healthcare,2633,Card
ORD2969,CUST325,2025-03-30,Healthcare,10522,COD
ORD2970,CUST413,2024-02-03,Automotive,11499,UPI
ORD2971,CUST437,2025-03-06,Furniture,10303,UPI
ORD2972,CUST398,2025-04-10,Healthcare,7243,Net Banking
ORD2973,CUST059,2024-07-19,Food,1009,Card
ORD2974,CUST180,2025-04-20,Food,2121,Card
ORD2975,CUST004,2025-01-18,Furniture,19631,COD
ORD2976,CUST146,2024-10-01,Automotive,10667,COD
ORD2977,CUST158,2025-02-28,Automotive,9915,COD
ORD2978,CUST003,2025-02-28,Electronics,6017,Card
ORD2979,CUST014,2024-06-06,Clothing,7887,Card
ORD2980,CUST419,2025-06-15,Automotive,21659,UPI
ORD2981,CUST163,2024-12-09,Furniture,21749,UPI
ORD2982,CUST221,2024-09-04,Healthcare,7412,Card
ORD2983,CUST099,2025-09-23,Automotive,14888,UPI
ORD2984,CUST425,2024-02-22,Healthcare,8030,COD
ORD2985,CUST066,2025-10-13,Food,1211,Card
ORD2986,CUST207,2024-11-21,Healthcare,3595,Card
ORD2987,CUST224,2024-08-24,Electronics,13279,UPI
ORD2988,CUST259,2024-05-01,Automotive,20904,UPI
ORD2989,CUST402,2025-02-05,Automotive,10527,UPI
ORD2990,CUST429,2025-07-20,Furniture,13564,UPI
ORD2991,CUST105,2024-04-05,Electronics,6680,UPI
ORD2992,CUST224,2024-01-12,Automotive,21440,Card
ORD2993,CUST079,2024-01-29,Healthcare,12592,COD
ORD2994,CUST279,2024-03-21,Healthcare,7265,COD
ORD2995,CUST013,2024-05-13,Food,1966,Card
ORD2996,CUST096,2024-09-02,Automotive,9266,UPI
ORD2997,CUST153,2024-07-17,Healthcare,14770,COD
ORD2998,CUST126,2025-01-22,Clothing,6400,COD
ORD2999,CUST027,2024-10-08,Electronics,14422,UPI
ORD3000,CUST322,2024-01-24,Automotive,20984,Net Banking
ORD3001,CUST444,2024-04-15,Electronics,35089,UPI
ORD3002,CUST475,2025-09-02,Electronics,12017,COD
ORD3003,CUST073,2024-10-16,Clothing,2479,COD
ORD3004,CUST048,2024-03-20,Food,1980,UPI
ORD3005,CUST468,2024-07-31,Food,912,COD
ORD3006,CUST252,2024-01-23,Food,801,Card
ORD3007,CUST250,2025-10-02,Electronics,18781,COD
ORD3008,CUST352,2025-03-05,Food,1784,Card
ORD3009,CUST325,2025-04-06,Furniture,8891,COD
ORD3010,CUST153,2024-01-11,Furniture,24615,UPI
ORD3011,CUST291,2025-10-08,Healthcare,1515,UPI
ORD3012,CUST061,2024-12-17,Clothing,4964,UPI
ORD3013,CUST315,2025-09-06,Healthcare,1082,COD
ORD3014,CUST082,2025-06-18,Automotive,10339,COD
ORD3015,CUST475,2024-05-04,Furniture,22861,COD
ORD3016,CUST016,2025-07-02,Electronics,38947,COD
ORD3017,CUST263,2024-06-05,Furniture,14956,UPI
ORD3018,CUST059,2024-08-10,Electronics,26465,UPI
ORD3019,CUST071,2024-08-13,Electronics,13295,UPI
ORD3020,CUST138,2024-10-07,Food,1316,UPI
ORD3021,CUST489,2024-04-04,Clothing,6800,UPI
ORD3022,CUST283,2025-10-29,Clothing,4826,Card
ORD3023,CUST382,2025-05-22,Food,2599,UPI
ORD3024,CUST485,2025-02-13,Furniture,11195,UPI
ORD3025,CUST089,2024-07-21,Automotive,11210,UPI
ORD3026,CUST493,2025-02-06,Electronics,43249,UPI
ORD3027,CUST407,2025-08-24,Clothing,2357,COD
ORD3028,CUST407,2024-07-29,Automotive,17985,Net Banking
ORD3029,CUST222,2025-04-01,Food,2942,COD
ORD3030,CUST383,2024-10-05,Clothing,6102,UPI
ORD3031,CUST056,2025-09-13,Food,2258,UPI
ORD3032,CUST103,2025-08-03,Clothing,4063,Net Banking
ORD3033,CUST460,2025-10-09,Electronics,34452,UPI
ORD3034,CUST086,2024-02-04,Healthcare,5146,UPI
ORD3035,CUST301,2025-02-23,Clothing,5947,UPI
ORD3036,CUST424,2025-10-22,Healthcare,6771,UPI
ORD3037,CUST204,2024-01-31,Electronics,16790,UPI
ORD3038,CUST415,2024-11-26,Food,1261,UPI
ORD3039,CUST184,2024-09-08,Electronics,19102,Card
ORD3040,CUST337,2025-01-15,Clothing,2188,UPI
ORD3041,CUST400,2024-11-17,Electronics,5631,UPI
ORD3042,CUST164,2025-12-05,Electronics,26552,COD
ORD3043,CUST110,2025-04-21,Healthcare,14029,UPI
ORD3044,CUST165,2024-08-26,Healthcare,2085,UPI
ORD3045,CUST198,2024-10-17,Healthcare,4476,COD
ORD3046,CUST270,2024-08-10,Electronics,41762,UPI
ORD3047,CUST143,2025-09-14,Automotive,4451,UPI
ORD3048,CUST294,2025-10-23,Food,2282,Card
ORD3049,CUST163,2024-11-23,Furniture,9459,UPI
ORD3050,CUST026,2025-05-20,Food,691,Card
ORD3051,CUST141,2025-03-07,Electronics,13132,COD
ORD3052,CUST232,2024-06-24,Healthcare,6355,UPI
ORD3053,CUST303,2025-01-27,Furniture,21887,Card
ORD3054,CUST011,2024-10-18,Electronics,47183,Card
ORD3055,CUST402,2025-08-12,Electronics,35262,UPI
ORD3056,CUST146,2024-05-14,Food,651,Card
ORD3057,CUST459,2025-06-30,Healthcare,1640,UPI
ORD3058,CUST173,2025-10-22,Electronics,9551,Card
ORD3059,CUST241,2024-04-07,Food,1732,UPI
ORD3060,CUST141,2024-11-20,Clothing,4279,Card
ORD3061,CUST041,2025-07-23,Clothing,5045,UPI
ORD3062,CUST314,2024-02-18,Food,1722,COD
ORD3063,CUST357,2025-04-10,Food,997,UPI
ORD3064,CUST432,2025-01-17,Healthcare,2683,UPI
ORD3065,CUST015,2024-08-17,Electronics,5681,Card
ORD3066,CUST072,2024-04-17,Clothing,6632,Net Banking
ORD3067,CUST371,2025-03-22,Furniture,8576,Card
ORD3068,CUST046,2024-07-14,Automotive,14087,Card
ORD3069,CUST418,2025-07-04,Electronics,8440,Net Banking
ORD3070,CUST133,2024-02-14,Electronics,8145,COD
ORD3071,CUST485,2024-11-07,Electronics,22283,UPI
ORD3072,CUST169,2025-12-05,Healthcare,13970,Card
ORD3073,CUST416,2025-01-23,Clothing,6723,COD
ORD3074,CUST088,2024-05-21,Healthcare,8548,COD
ORD3075,CUST062,2024-05-09,Clothing,2212,COD
ORD3076,CUST386,2025-08-21,Food,2330,UPI
ORD3077,CUST343,2024-05-05,Healthcare,9644,UPI
ORD3078,CUST124,2025-08-14,Food,2507,Card
ORD3079,CUST500,2024-10-14,Clothing,7329,Net Banking
ORD3080,CUST375,2025-05-09,Furniture,6008,Card
ORD3081,CUST136,2024-10-30,Automotive,4713,Card
ORD3082,CUST181,2025-07-25,Furniture,24609,COD
ORD3083,CUST332,2024-07-29,Automotive,4556,UPI
ORD3084,CUST039,2025-05-21,Electronics,18924,COD
ORD3085,CUST007,2025-11-17,Furniture,18340,UPI
ORD3086,CUST420,2025-01-29,Furniture,18979,UPI
ORD3087,CUST054,2024-12-14,Furniture,29673,Card
ORD3088,CUST303,2025-06-24,Healthcare,6134,Net Banking
ORD3089,CUST390,2024-11-15,Automotive,16877,UPI
ORD3090,CUST336,2024-06-06,Healthcare,2731,UPI
ORD3091,CUST469,2024-05-13,Furniture,14915,COD
ORD3092,CUST198,2025-04-08,Healthcare,9412,UPI
ORD3093,CUST104,2025-02-13,Furniture,5249,Card
ORD3094,CUST143,2025-03-09,Furniture,25487,Card
ORD3095,CUST158,2025-08-14,Automotive,5344,Card
ORD3096,CUST076,2025-04-17,Electronics,12222,Card
ORD3097,CUST124,2024-01-17,Food,1266,UPI
ORD3098,CUST137,2024-01-30,Food,2674,Card
ORD3099,CUST232,2024-12-26,Clothing,1969,UPI
ORD3100,CUST475,2025-07-17,Electronics,28227,Card
ORD3101,CUST221,2024-08-05,Furniture,16006,UPI
ORD3102,CUST258,2025-03-17,Healthcare,6467,Card
ORD3103,CUST028,2025-03-27,Clothing,4029,UPI
ORD3104,CUST051,2024-02-20,Automotive,14534,UPI
ORD3105,CUST375,2025-03-08,Furniture,12633,UPI
ORD3106,CUST097,2025-02-16,Furniture,22465,UPI
ORD3107,CUST142,2025-06-26,Healthcare,9087,COD
ORD3108,CUST266,2025-03-19,Electronics,49640,UPI
ORD3109,CUST026,2025-10-23,Furniture,6639,COD
ORD3110,CUST113,2024-04-27,Electronics,7338,COD
ORD3111,CUST295,2024-09-29,Furniture,5157,Card
ORD3112,CUST273,2024-04-13,Clothing,2855,UPI
ORD3113,CUST452,2025-09-27,Automotive,15256,UPI
ORD3114,CUST201,2025-02-06,Electronics,19410,Net Banking
ORD3115,CUST376,2025-12-09,Clothing,5056,UPI
ORD3116,CUST106,2024-06-24,Furniture,14391,UPI
ORD3117,CUST327,2024-10-21,Automotive,21539,Card
ORD3118,CUST148,2024-01-04,Electronics,17129,COD
ORD3119,CUST258,2025-12-18,Healthcare,8811,Net Banking
ORD3120,CUST379,2024-11-08,Automotive,9819,UPI
ORD3121,CUST088,2024-11-18,Automotive,4275,Card
ORD3122,CUST086,2024-07-10,Clothing,4729,UPI
ORD3123,CUST073,2024-01-14,Automotive,17551,UPI
ORD3124,CUST220,2024-12-08,Electronics,16633,COD
ORD3125,CUST499,2024-09-27,Electronics,16188,UPI
ORD3126,CUST348,2024-01-10,Healthcare,6769,UPI
ORD3127,CUST497,2025-04-30,Healthcare,1016,UPI
ORD3128,CUST251,2024-09-10,Food,948,COD
ORD3129,CUST024,2024-01-18,Healthcare,12141,Net Banking
ORD3130,CUST149,2024-08-21,Healthcare,9243,Card
ORD3131,CUST086,2024-05-30,Electronics,11553,Net Banking
ORD3132,CUST156,2024-12-09,Food,2509,UPI
ORD3133,CUST377,2024-12-25,Healthcare,5216,Card
ORD3134,CUST340,2025-05-13,Clothing,3984,UPI
ORD3135,CUST235,2024-01-14,Clothing,3466,UPI
ORD3136,CUST364,2024-12-07,Healthcare,13689,Card
ORD3137,CUST340,2025-09-02,Food,961,COD
ORD3138,CUST139,2025-12-03,Healthcare,12931,UPI
ORD3139,CUST328,2024-01-22,Furniture,16445,UPI
ORD3140,CUST439,2024-08-13,Automotive,6641,UPI
ORD3141,CUST183,2025-05-24,Electronics,21014,UPI
ORD3142,CUST296,2025-12-13,Food,1972,COD
ORD3143,CUST106,2024-04-01,Furniture,15379,Card
ORD3144,CUST328,2024-04-20,Clothing,6135,Card
ORD3145,CUST348,2025-07-11,Food,2658,Net Banking
ORD3146,CUST090,2024-09-28,Automotive,13430,UPI
ORD3147,CUST455,2024-12-05,Food,2913,Card
ORD3148,CUST214,2024-10-09,Clothing,2561,UPI
ORD3149,CUST022,2025-08-16,Healthcare,12498,Card
ORD3150,CUST176,2025-09-19,Electronics,33407,COD
ORD3151,CUST408,2025-04-10,Healthcare,13984,Net Banking
ORD3152,CUST406,2024-12-21,Clothing,1902,UPI
ORD3153,CUST497,2024-01-09,Food,1102,COD
ORD3154,CUST239,2025-11-28,Furniture,20143,UPI
ORD3155,CUST495,2024-10-23,Healthcare,10144,UPI
ORD3156,CUST341,2024-06-15,Clothing,4988,UPI
ORD3157,CUST148,2024-03-07,Clothing,1127,UPI
ORD3158,CUST233,2024-02-11,Furniture,12273,Card
ORD3159,CUST423,2025-08-30,Electronics,8486,Card
ORD3160,CUST251,2024-11-09,Electronics,33201,COD
ORD3161,CUST181,2025-11-07,Electronics,8270,Card
ORD3162,CUST129,2024-05-21,Clothing,3320,Card
ORD3163,CUST403,2025-05-29,Automotive,20374,UPI
ORD3164,CUST080,2024-03-29,Automotive,10869,UPI
ORD3165,CUST074,2024-07-20,Food,2897,Card
ORD3166,CUST471,2024-03-23,Clothing,2792,UPI
ORD3167,CUST017,2025-04-29,Clothing,3037,COD
ORD3168,CUST416,2025-11-25,Automotive,14656,UPI
ORD3169,CUST217,2025-02-12,Electronics,22121,UPI
ORD3170,CUST472,2024-11-05,Healthcare,6091,UPI
ORD3171,CUST089,2025-07-31,Food,1820,UPI
ORD3172,CUST412,2025-08-15,Furniture,25391,UPI
ORD3173,CUST394,2024-07-23,Clothing,2111,Net Banking
ORD3174,CUST214,2025-07-21,Furniture,12865,UPI
ORD3175,CUST157,2024-03-28,Clothing,5642,Card
ORD3176,CUST475,2025-10-05,Food,2735,UPI
ORD3177,CUST094,2025-01-19,Food,893,UPI
ORD3178,CUST071,2025-06-23,Food,1783,UPI
ORD3179,CUST258,2025-12-02,Automotive,13716,COD
ORD3180,CUST240,2024-12-28,Food,2410,UPI
ORD3181,CUST216,2025-02-24,Food,613,Net Banking
ORD3182,CUST468,2025-07-26,Electronics,32585,UPI
ORD3183,CUST046,2024-05-23,Healthcare,5954,Net Banking
ORD3184,CUST403,2024-09-05,Healthcare,9391,UPI
ORD3185,CUST192,2024-05-10,Healthcare,9900,Card
ORD3186,CUST461,2025-08-02,Clothing,1438,Card
ORD3187,CUST387,2025-02-06,Furniture,16203,COD
ORD3188,CUST344,2024-01-07,Food,2621,UPI
ORD3189,CUST236,2024-02-25,Electronics,8584,UPI
ORD3190,CUST139,2025-10-27,Electronics,26855,UPI
ORD3191,CUST305,2024-04-09,Clothing,5632,COD
ORD3192,CUST247,2025-12-08,Clothing,1498,Card
ORD3193,CUST063,2025-08-21,Automotive,18738,Net Banking
ORD3194,CUST379,2024-02-24,Automotive,8719,UPI
ORD3195,CUST265,2024-05-27,Healthcare,13131,UPI
ORD3196,CUST496,2025-05-22,Furniture,10325,UPI
ORD3197,CUST459,2025-11-22,Automotive,7071,COD
ORD3198,CUST155,2025-10-05,Clothing,6891,Card
ORD3199,CUST480,2024-01-07,Food,1322,COD
ORD3200,CUST059,2024-03-09,Electronics,15028,UPI
ORD3201,CUST310,2024-05-03,Healthcare,2587,Card
ORD3202,CUST127,2024-07-28,Electronics,36047,Card
ORD3203,CUST013,2025-06-01,Food,2100,UPI
ORD3204,CUST029,2024-05-04,Clothing,4314,COD
ORD3205,CUST248,2024-07-07,Furniture,20914,COD
ORD3206,CUST134,2025-09-19,Automotive,16389,COD
ORD3207,CUST440,2025-11-04,Healthcare,3018,Net Banking
ORD3208,CUST222,2024-05-29,Automotive,2709,UPI
ORD3209,CUST095,2024-05-25,Automotive,23543,UPI
ORD3210,CUST124,2024-06-23,Healthcare,13151,COD
ORD3211,CUST359,2025-07-13,Furniture,18602,UPI
ORD3212,CUST246,2024-10-23,Clothing,6468,Net Banking
ORD3213,CUST052,2025-08-25,Food,2004,Net Banking
ORD3214,CUST342,2024-10-08,Food,2080,Card
ORD3215,CUST358,2024-04-19,Food,2207,COD
ORD3216,CUST417,2025-03-11,Furniture,3916,UPI
ORD3217,CUST146,2025-04-13,Electronics,41976,UPI
ORD3218,CUST200,2024-01-12,Healthcare,5960,UPI
ORD3219,CUST018,2025-10-22,Automotive,23534,UPI
ORD3220,CUST318,2025-03-31,Electronics,28247,UPI
ORD3221,CUST493,2024-05-22,Food,2377,UPI
ORD3222,CUST142,2024-01-10,Furniture,14722,COD
ORD3223,CUST257,2025-05-30,Furniture,14430,COD
ORD3224,CUST463,2025-12-24,Healthcare,7399,UPI
ORD3225,CUST263,2024-03-05,Furniture,24493,UPI
ORD3226,CUST078,2024-12-26,Automotive,20453,COD
ORD3227,CUST174,2025-04-15,Automotive,6588,UPI
ORD3228,CUST143,2025-11-05,Clothing,4227,UPI
ORD3229,CUST035,2025-10-22,Food,2042,UPI
ORD3230,CUST493,2025-04-28,Healthcare,11796,Card
ORD3231,CUST093,2025-08-12,Automotive,18612,UPI
ORD3232,CUST398,2025-11-05,Healthcare,5247,COD
ORD3233,CUST067,2025-12-15,Clothing,5823,UPI
ORD3234,CUST490,2025-08-17,Clothing,5788,Card
ORD3235,CUST317,2025-02-17,Electronics,7944,UPI
ORD3236,CUST016,2024-06-11,Furniture,6163,Card
ORD3237,CUST341,2024-04-18,Food,2451,Card
ORD3238,CUST166,2024-08-25,Automotive,9753,Net Banking
ORD3239,CUST054,2024-06-27,Automotive,14585,Net Banking
ORD3240,CUST387,2025-03-06,Electronics,9058,Card
ORD3241,CUST314,2024-09-13,Electronics,7452,COD
ORD3242,CUST434,2024-03-15,Food,2033,COD
ORD3243,CUST311,2025-10-08,Electronics,16407,Net Banking
ORD3244,CUST165,2024-04-20,Automotive,16729,UPI
ORD3245,CUST194,2024-05-16,Automotive,20801,UPI
ORD3246,CUST285,2024-07-23,Furniture,11273,UPI
ORD3247,CUST252,2025-03-24,Automotive,11374,Card
ORD3248,CUST116,2024-07-25,Automotive,7311,UPI
ORD3249,CUST223,2025-06-25,Furniture,5818,UPI
ORD3250,CUST299,2024-01-25,Automotive,23910,COD
ORD3251,CUST050,2024-07-27,Electronics,14211,COD
ORD3252,CUST458,2024-01-06,Clothing,7343,COD
ORD3253,CUST209,2025-08-04,Healthcare,2179,UPI
ORD3254,CUST175,2024-07-08,Automotive,23044,Card
ORD3255,CUST271,2025-05-23,Furniture,9798,UPI
ORD3256,CUST293,2025-04-30,Healthcare,6768,UPI
ORD3257,CUST183,2025-09-25,Healthcare,14982,UPI
ORD3258,CUST071,2024-03-09,Food,2251,UPI
ORD3259,CUST321,2025-01-20,Electronics,42299,UPI
ORD3260,CUST041,2024-05-10,Healthcare,5886,COD
ORD3261,CUST052,2024-04-30,Food,1444,UPI
ORD3262,CUST027,2025-09-07,Healthcare,6421,Net Banking
ORD3263,CUST012,2024-08-17,Clothing,7784,Card
ORD3264,CUST129,2025-02-03,Automotive,13727,UPI
ORD3265,CUST035,2024-06-10,Clothing,1612,Card
ORD3266,CUST274,2025-08-12,Furniture,19965,UPI
ORD3267,CUST478,2025-09-17,Healthcare,6115,Card
ORD3268,CUST205,2025-09-25,Electronics,40778,UPI
ORD3269,CUST358,2024-04-23,Healthcare,8716,UPI
ORD3270,CUST480,2024-09-26,Automotive,2982,UPI
ORD3271,CUST017,2024-12-12,Food,1568,Card
ORD3272,CUST103,2024-12-08,Electronics,14128,COD
ORD3273,CUST105,2025-07-14,Automotive,12800,UPI
ORD3274,CUST474,2025-11-10,Electronics,20441,Net Banking
ORD3275,CUST253,2024-03-15,Healthcare,10994,Card
ORD3276,CUST360,2024-02-06,Clothing,1579,COD
ORD3277,CUST487,2025-03-02,Healthcare,13112,COD
ORD3278,CUST314,2024-03-23,Healthcare,8844,Card
ORD3279,CUST485,2024-05-12,Clothing,6925,Card
ORD3280,CUST022,2024-04-16,Electronics,37544,COD
ORD3281,CUST260,2024-08-18,Automotive,13477,UPI
ORD3282,CUST221,2025-05-04,Clothing,7402,UPI
ORD3283,CUST436,2024-08-21,Electronics,8627,UPI
ORD3284,CUST014,2024-07-19,Healthcare,10963,COD
ORD3285,CUST441,2025-01-23,Automotive,24400,COD
ORD3286,CUST378,2024-01-19,Healthcare,8899,UPI
ORD3287,CUST027,2025-01-31,Food,1012,Card
ORD3288,CUST221,2025-12-19,Food,2750,Card
ORD3289,CUST071,2024-04-28,Food,983,UPI
ORD3290,CUST460,2025-09-22,Clothing,3881,COD
ORD3291,CUST100,2024-12-17,Food,737,UPI
ORD3292,CUST122,2024-08-25,Electronics,43575,UPI
ORD3293,CUST006,2024-08-20,Food,2696,Card
ORD3294,CUST291,2024-02-16,Electronics,21378,Net Banking
ORD3295,CUST417,2024-02-28,Electronics,8712,UPI
ORD3296,CUST065,2025-03-25,Furniture,12260,Card
ORD3297,CUST023,2024-11-17,Clothing,5934,Card
ORD3298,CUST336,2024-09-07,Clothing,2062,UPI
ORD3299,CUST311,2025-02-11,Food,1001,UPI
ORD3300,CUST337,2024-03-19,Electronics,21397,Card
ORD3301,CUST481,2025-07-10,Furniture,19217,UPI
ORD3302,CUST362,2024-12-31,Furniture,17533,COD
ORD3303,CUST366,2024-11-05,Clothing,7391,COD
ORD3304,CUST283,2024-10-26,Automotive,10002,COD
ORD3305,CUST270,2024-09-30,Clothing,6716,UPI
ORD3306,CUST278,2025-05-30,Electronics,8538,COD
ORD3307,CUST178,2025-02-24,Automotive,22377,UPI
ORD3308,CUST249,2024-10-13,Electronics,18340,UPI
ORD3309,CUST467,2024-05-20,Healthcare,4777,UPI
ORD3310,CUST157,2025-07-20,Furniture,7022,UPI
ORD3311,CUST191,2024-05-25,Electronics,20407,Card
ORD3312,CUST358,2025-03-26,Automotive,16868,Card
ORD3313,CUST488,2024-04-26,Electronics,37696,UPI
ORD3314,CUST429,2024-02-04,Clothing,3277,Card
ORD3315,CUST302,2025-01-28,Clothing,7776,UPI
ORD3316,CUST495,2024-03-27,Electronics,23290,Card
ORD3317,CUST438,2025-09-16,Food,2528,UPI
ORD3318,CUST010,2025-01-26,Food,2318,COD
ORD3319,CUST023,2024-08-17,Furniture,15429,COD
ORD3320,CUST095,2025-11-06,Food,2681,Card
ORD3321,CUST027,2025-11-07,Clothing,1256,UPI
ORD3322,CUST278,2024-12-22,Electronics,44894,UPI
ORD3323,CUST387,2024-12-10,Clothing,7637,COD
ORD3324,CUST386,2025-08-28,Furniture,27813,UPI
ORD3325,CUST015,2024-12-15,Automotive,22366,UPI
ORD3326,CUST223,2025-03-13,Automotive,3871,UPI
ORD3327,CUST414,2024-04-21,Healthcare,7358,Card
ORD3328,CUST488,2025-11-25,Clothing,5380,Card
ORD3329,CUST238,2025-03-10,Healthcare,12783,COD
ORD3330,CUST291,2025-06-15,Clothing,2331,UPI
ORD3331,CUST492,2025-01-25,Food,1475,UPI
ORD3332,CUST068,2024-01-16,Clothing,7550,COD
ORD3333,CUST350,2024-10-07,Electronics,21379,COD
ORD3334,CUST395,2025-07-09,Clothing,3765,UPI
ORD3335,CUST293,2025-02-08,Electronics,45340,Card
ORD3336,CUST141,2025-01-05,Clothing,6400,UPI
ORD3337,CUST129,2025-10-30,Healthcare,1202,COD
ORD3338,CUST064,2024-11-10,Healthcare,11826,UPI
ORD3339,CUST165,2024-09-27,Furniture,17542,COD
ORD3340,CUST237,2024-01-18,Food,536,Card
ORD3341,CUST239,2024-02-07,Clothing,4933,Card
ORD3342,CUST327,2025-07-23,Furniture,16389,UPI
ORD3343,CUST030,2025-08-16,Electronics,23117,Card
ORD3344,CUST460,2025-09-16,Healthcare,6145,UPI
ORD3345,CUST489,2024-03-06,Food,1236,UPI
ORD3346,CUST133,2024-10-09,Clothing,5054,Card
ORD3347,CUST066,2024-08-20,Automotive,7717,COD
ORD3348,CUST076,2025-09-24,Automotive,3624,Card
ORD3349,CUST120,2024-04-27,Automotive,3261,Net Banking
ORD3350,CUST095,2025-12-01,Healthcare,8214,UPI
ORD3351,CUST297,2024-11-20,Electronics,41268,UPI
ORD3352,CUST368,2024-08-21,Electronics,21977,UPI
ORD3353,CUST500,2024-09-20,Electronics,49458,Card
ORD3354,CUST433,2024-12-27,Healthcare,12768,COD
ORD3355,CUST023,2025-09-06,Furniture,14459,Card
ORD3356,CUST056,2024-03-20,Healthcare,8271,UPI
ORD3357,CUST058,2025-06-07,Electronics,20530,UPI
ORD3358,CUST105,2024-11-29,Healthcare,7084,Card
ORD3359,CUST425,2025-11-28,Food,792,UPI
ORD3360,CUST329,2025-03-12,Clothing,2172,COD
ORD3361,CUST013,2024-11-30,Healthcare,13913,COD
ORD3362,CUST185,2024-12-09,Food,2034,Card
ORD3363,CUST241,2024-10-28,Healthcare,1510,UPI
ORD3364,CUST083,2025-01-12,Electronics,24062,UPI
ORD3365,CUST477,2024-06-02,Healthcare,1418,UPI
ORD3366,CUST055,2025-09-15,Furniture,29477,UPI
ORD3367,CUST161,2025-06-07,Automotive,18652,UPI
ORD3368,CUST402,2025-08-18,Automotive,13273,Card
ORD3369,CUST482,2024-08-08,Food,2886,Card
ORD3370,CUST017,2025-11-03,Automotive,6917,UPI
ORD3371,CUST196,2025-10-26,Electronics,10066,UPI
ORD3372,CUST491,2024-08-17,Healthcare,9249,UPI
ORD3373,CUST295,2025-10-07,Healthcare,13025,UPI
ORD3374,CUST215,2025-07-05,Automotive,5972,COD
ORD3375,CUST434,2025-06-24,Electronics,44787,UPI
ORD3376,CUST242,2025-11-06,Healthcare,9525,UPI
ORD3377,CUST226,2024-11-20,Clothing,2597,UPI
ORD3378,CUST429,2025-08-12,Clothing,2999,COD
ORD3379,CUST169,2024-09-05,Clothing,2891,Card
ORD3380,CUST234,2024-11-18,Automotive,5781,UPI
ORD3381,CUST355,2024-09-03,Food,2179,Card
ORD3382,CUST186,2024-03-22,Clothing,5591,Net Banking
ORD3383,CUST259,2024-03-19,Clothing,6352,COD
ORD3384,CUST248,2025-09-11,Furniture,17711,UPI
ORD3385,CUST403,2025-03-04,Furniture,21656,COD
ORD3386,CUST424,2024-05-08,Healthcare,5013,COD
ORD3387,CUST398,2025-02-21,Automotive,21161,COD
ORD3388,CUST341,2024-05-21,Healthcare,5264,Card
ORD3389,CUST408,2024-10-20,Clothing,3571,Card
ORD3390,CUST061,2024-03-24,Food,2224,UPI
ORD3391,CUST259,2024-05-31,Healthcare,9096,Net Banking
ORD3392,CUST324,2024-07-21,Furniture,17878,Card
ORD3393,CUST008,2024-06-19,Electronics,32435,Card
ORD3394,CUST135,2025-07-21,Automotive,17396,UPI
ORD3395,CUST381,2024-04-13,Furniture,4116,Net Banking
ORD3396,CUST427,2025-03-17,Electronics,15940,COD
ORD3397,CUST038,2024-05-15,Healthcare,9672,UPI
ORD3398,CUST471,2025-02-01,Food,1951,COD
ORD3399,CUST066,2025-02-15,Automotive,20249,Card
ORD3400,CUST124,2025-12-30,Clothing,1975,COD
ORD3401,CUST173,2024-12-10,Healthcare,10973,UPI
ORD3402,CUST316,2024-04-20,Automotive,3482,UPI
ORD3403,CUST038,2024-12-29,Food,2174,COD
ORD3404,CUST323,2025-04-05,Automotive,16276,UPI
ORD3405,CUST149,2025-05-03,Automotive,6410,COD
ORD3406,CUST376,2024-07-06,Automotive,21318,Card
ORD3407,CUST470,2025-06-05,Electronics,14978,Card
ORD3408,CUST459,2024-01-08,Healthcare,10716,UPI
ORD3409,CUST190,2025-11-21,Automotive,16861,Card
ORD3410,CUST195,2024-11-24,Food,1223,UPI
ORD3411,CUST261,2025-08-25,Clothing,7332,UPI
ORD3412,CUST050,2024-08-25,Clothing,5041,UPI
ORD3413,CUST175,2024-02-19,Healthcare,9481,UPI
ORD3414,CUST460,2025-06-21,Healthcare,9326,COD
ORD3415,CUST433,2025-03-12,Clothing,3644,COD
ORD3416,CUST197,2024-11-22,Furniture,7692,UPI
ORD3417,CUST022,2024-08-03,Food,2626,Net Banking
ORD3418,CUST143,2025-08-11,Healthcare,6150,UPI
ORD3419,CUST051,2024-12-21,Clothing,2356,Card
ORD3420,CUST061,2024-10-21,Clothing,4986,COD
ORD3421,CUST225,2024-08-17,Furniture,12452,COD
ORD3422,CUST481,2024-09-22,Healthcare,13344,UPI
ORD3423,CUST055,2024-08-25,Automotive,11130,Net Banking
ORD3424,CUST073,2024-04-08,Furniture,21093,UPI
ORD3425,CUST430,2025-06-04,Furniture,3896,COD
ORD3426,CUST307,2024-02-10,Healthcare,9813,UPI
ORD3427,CUST410,2024-07-18,Electronics,37005,Card
ORD3428,CUST427,2024-01-27,Clothing,2664,Card
ORD3429,CUST145,2025-08-07,Food,2322,Card
ORD3430,CUST267,2024-05-09,Food,1708,UPI
ORD3431,CUST471,2024-04-22,Automotive,5930,COD
ORD3432,CUST228,2025-03-18,Food,1577,UPI
ORD3433,CUST045,2024-05-20,Clothing,6993,Card
ORD3434,CUST343,2024-04-29,Clothing,7583,UPI
ORD3435,CUST041,2024-08-15,Automotive,4436,UPI
ORD3436,CUST168,2024-06-09,Healthcare,6494,Card
ORD3437,CUST142,2025-04-09,Automotive,18804,UPI
ORD3438,CUST345,2024-03-16,Automotive,24542,UPI
ORD3439,CUST162,2024-02-09,Food,911,UPI
ORD3440,CUST478,2025-12-23,Healthcare,6202,UPI
ORD3441,CUST098,2025-07-25,Automotive,22515,Net Banking
ORD3442,CUST019,2025-10-11,Automotive,2261,COD
ORD3443,CUST126,2024-05-20,Healthcare,7163,UPI
ORD3444,CUST447,2024-08-13,Automotive,8411,UPI
ORD3445,CUST136,2025-04-26,Furniture,18876,UPI
ORD3446,CUST417,2024-07-10,Automotive,18276,UPI
ORD3447,CUST145,2024-05-14,Furniture,23800,Card
ORD3448,CUST449,2024-03-31,Healthcare,12850,Card
ORD3449,CUST384,2024-08-07,Electronics,33463,UPI
ORD3450,CUST035,2025-05-17,Healthcare,11014,UPI
ORD3451,CUST107,2025-12-28,Furniture,4271,UPI
ORD3452,CUST215,2025-12-05,Clothing,6024,COD
ORD3453,CUST195,2025-10-08,Healthcare,4845,COD
ORD3454,CUST327,2024-12-23,Food,2672,UPI
ORD3455,CUST337,2024-07-03,Clothing,7886,UPI
ORD3456,CUST119,2024-10-26,Automotive,17894,COD
ORD3457,CUST251,2025-10-07,Food,2948,COD
ORD3458,CUST183,2025-07-10,Food,1710,UPI
ORD3459,CUST050,2024-08-12,Electronics,23826,UPI
ORD3460,CUST215,2025-04-02,Clothing,3026,UPI
ORD3461,CUST340,2025-03-11,Electronics,16547,Card
ORD3462,CUST238,2024-11-22,Automotive,5720,UPI
ORD3463,CUST178,2025-12-14,Food,1024,UPI
ORD3464,CUST397,2025-05-10,Food,2961,Card
ORD3465,CUST211,2025-12-04,Furniture,3949,UPI
ORD3466,CUST149,2024-10-01,Healthcare,4524,Net Banking
ORD3467,CUST456,2025-02-22,Electronics,41848,UPI
ORD3468,CUST396,2024-11-26,Clothing,6529,UPI
ORD3469,CUST163,2025-02-25,Food,2310,Card
ORD3470,CUST218,2025-02-12,Clothing,1447,UPI
ORD3471,CUST138,2025-05-12,Automotive,9174,COD
ORD3472,CUST174,2025-10-13,Electronics,25218,Card
ORD3473,CUST230,2025-02-23,Furniture,21759,UPI
ORD3474,CUST449,2024-06-19,Healthcare,4378,Net Banking
ORD3475,CUST400,2025-10-02,Electronics,45193,UPI
ORD3476,CUST313,2024-12-03,Furniture,22823,COD
ORD3477,CUST277,2024-01-21,Automotive,2691,UPI
ORD3478,CUST411,2025-01-23,Electronics,26842,Card
ORD3479,CUST468,2024-12-27,Healthcare,2039,UPI
ORD3480,CUST336,2024-02-20,Healthcare,4448,UPI
ORD3481,CUST186,2025-07-02,Furniture,8144,COD
ORD3482,CUST430,2025-07-02,Food,1439,COD
ORD3483,CUST149,2024-06-14,Clothing,3715,UPI
ORD3484,CUST212,2024-08-08,Healthcare,13014,UPI
ORD3485,CUST128,2024-01-14,Electronics,6312,COD
ORD3486,CUST387,2025-06-23,Electronics,37866,COD
ORD3487,CUST204,2025-05-11,Electronics,15285,UPI
ORD3488,CUST145,2024-11-04,Electronics,20073,Card
ORD3489,CUST324,2025-12-05,Furniture,4106,UPI
ORD3490,CUST140,2024-05-06,Food,2141,COD
ORD3491,CUST068,2024-10-03,Electronics,10015,UPI
ORD3492,CUST038,2025-05-31,Automotive,15611,UPI
ORD3493,CUST011,2024-01-16,Automotive,19750,Net Banking
ORD3494,CUST310,2024-06-04,Electronics,43547,UPI
ORD3495,CUST406,2025-02-04,Furniture,22847,Card
ORD3496,CUST440,2024-11-15,Clothing,4482,UPI
ORD3497,CUST263,2024-01-24,Clothing,3245,UPI
ORD3498,CUST235,2024-07-26,Electronics,22319,UPI
ORD3499,CUST497,2025-11-02,Healthcare,8723,Card
ORD3500,CUST193,2024-10-25,Food,881,UPI
ORD3501,CUST114,2025-02-20,Healthcare,5563,Card
ORD3502,CUST248,2024-10-18,Automotive,19472,COD
ORD3503,CUST260,2024-09-07,Food,570,Net Banking
ORD3504,CUST255,2025-02-07,Clothing,7248,UPI
ORD3505,CUST280,2024-04-20,Food,1417,UPI
ORD3506,CUST296,2024-01-26,Food,1450,UPI
ORD3507,CUST229,2025-01-13,Food,2806,UPI
ORD3508,CUST056,2025-10-20,Clothing,3723,UPI
ORD3509,CUST074,2025-10-07,Electronics,11251,Card
ORD3510,CUST288,2024-06-22,Furniture,19050,UPI
ORD3511,CUST304,2024-09-12,Electronics,14262,UPI
ORD3512,CUST207,2025-09-23,Food,2643,UPI
ORD3513,CUST371,2025-08-03,Furniture,4931,Card
ORD3514,CUST393,2025-05-20,Clothing,4373,UPI
ORD3515,CUST160,2024-12-11,Furniture,4196,Card
ORD3516,CUST165,2025-12-06,Healthcare,10809,UPI
ORD3517,CUST209,2024-01-06,Clothing,6655,COD
ORD3518,CUST108,2025-07-29,Food,2734,COD
ORD3519,CUST256,2024-11-16,Automotive,9724,UPI
ORD3520,CUST165,2025-04-17,Automotive,17826,UPI
ORD3521,CUST264,2025-07-22,Automotive,4668,UPI
ORD3522,CUST472,2024-04-17,Food,817,UPI
ORD3523,CUST193,2024-05-10,Electronics,15622,Card
ORD3524,CUST267,2024-05-04,Furniture,9467,COD
ORD3525,CUST225,2024-04-26,Electronics,32799,Card
ORD3526,CUST254,2024-06-23,Automotive,19189,COD
ORD3527,CUST250,2024-05-23,Automotive,19926,UPI
ORD3528,CUST215,2025-02-12,Electronics,24447,UPI
ORD3529,CUST061,2025-03-21,Clothing,6897,Net Banking
ORD3530,CUST473,2025-11-23,Clothing,5280,UPI
ORD3531,CUST166,2025-09-21,Clothing,5618,Card
ORD3532,CUST333,2024-06-18,Furniture,12509,UPI
ORD3533,CUST268,2025-12-02,Furniture,29306,UPI
ORD3534,CUST315,2025-01-15,Healthcare,10904,COD
ORD3535,CUST129,2025-04-28,Food,1362,UPI
ORD3536,CUST480,2024-12-04,Automotive,6434,COD
ORD3537,CUST085,2025-06-20,Automotive,17527,COD
ORD3538,CUST006,2024-11-21,Food,1234,Net Banking
ORD3539,CUST077,2025-04-26,Electronics,5367,Card
ORD3540,CUST160,2025-12-19,Furniture,9529,Card
ORD3541,CUST356,2024-04-06,Healthcare,8513,COD
ORD3542,CUST170,2024-04-06,Electronics,45958,UPI
ORD3543,CUST240,2025-08-31,Furniture,5187,Card
ORD3544,CUST180,2025-10-13,Healthcare,4703,Card
ORD3545,CUST177,2025-10-05,Electronics,17624,UPI
ORD3546,CUST141,2024-10-18,Food,2893,UPI
ORD3547,CUST374,2024-11-09,Clothing,6115,UPI
ORD3548,CUST393,2025-02-16,Clothing,5596,Card
ORD3549,CUST278,2025-10-18,Automotive,8638,COD
ORD3550,CUST040,2025-08-29,Furniture,6374,UPI
ORD3551,CUST375,2024-08-09,Clothing,2460,COD
ORD3552,CUST135,2025-07-31,Electronics,13303,Card
ORD3553,CUST409,2025-06-18,Healthcare,11564,COD
ORD3554,CUST393,2025-01-27,Clothing,5715,Card
ORD3555,CUST396,2025-08-29,Healthcare,5542,Net Banking
ORD3556,CUST495,2025-09-22,Automotive,17512,UPI
ORD3557,CUST108,2024-06-21,Electronics,20193,COD
ORD3558,CUST111,2024-04-03,Healthcare,3400,UPI
ORD3559,CUST074,2024-06-17,Food,501,COD
ORD3560,CUST166,2024-03-20,Electronics,13976,COD
ORD3561,CUST262,2025-03-26,Food,2432,UPI
ORD3562,CUST168,2024-11-05,Healthcare,13451,UPI
ORD3563,CUST061,2024-09-03,Healthcare,7442,Net Banking
ORD3564,CUST194,2025-01-29,Automotive,17547,UPI
ORD3565,CUST182,2024-11-15,Healthcare,6193,COD
ORD3566,CUST272,2024-03-21,Healthcare,14798,UPI
ORD3567,CUST110,2024-06-19,Automotive,11100,UPI
ORD3568,CUST365,2024-05-26,Food,2795,COD
ORD3569,CUST227,2025-05-16,Automotive,10209,Card
ORD3570,CUST351,2024-05-03,Healthcare,8133,COD
ORD3571,CUST334,2024-12-22,Furniture,3828,UPI
ORD3572,CUST444,2025-01-09,Food,1917,Card
ORD3573,CUST373,2025-03-10,Furniture,23217,Card
ORD3574,CUST287,2024-07-14,Food,2032,Card
ORD3575,CUST092,2024-01-11,Furniture,17486,Card
ORD3576,CUST185,2025-06-22,Furniture,3183,Card
ORD3577,CUST301,2024-11-13,Clothing,1770,UPI
ORD3578,CUST467,2025-01-12,Clothing,5118,UPI
ORD3579,CUST472,2024-01-14,Healthcare,5473,Net Banking
ORD3580,CUST018,2025-10-24,Clothing,6256,UPI
ORD3581,CUST246,2025-02-11,Electronics,21583,Card
ORD3582,CUST141,2025-10-02,Electronics,42498,UPI
ORD3583,CUST422,2024-02-01,Automotive,17427,Card
ORD3584,CUST312,2025-10-09,Food,2508,Net Banking
ORD3585,CUST089,2025-04-29,Automotive,23218,UPI
ORD3586,CUST385,2025-07-12,Electronics,7503,UPI
ORD3587,CUST190,2024-01-30,Healthcare,12686,UPI
ORD3588,CUST079,2025-12-23,Automotive,7796,Card
ORD3589,CUST446,2024-05-14,Electronics,32497,COD
ORD3590,CUST428,2024-05-02,Electronics,34057,UPI
ORD3591,CUST327,2025-12-28,Electronics,25593,Net Banking
ORD3592,CUST050,2025-07-11,Clothing,7984,UPI
ORD3593,CUST100,2025-11-01,Healthcare,13082,Card
ORD3594,CUST009,2024-12-06,Automotive,12370,COD
ORD3595,CUST460,2025-12-27,Furniture,22229,UPI
ORD3596,CUST370,2025-01-10,Healthcare,1232,Card
ORD3597,CUST482,2025-11-11,Food,2205,UPI
ORD3598,CUST429,2025-11-14,Automotive,4014,UPI
ORD3599,CUST034,2024-07-16,Healthcare,3416,UPI
ORD3600,CUST374,2024-09-30,Electronics,16310,UPI
ORD3601,CUST228,2024-02-15,Clothing,5985,Card
ORD3602,CUST102,2025-12-06,Healthcare,7705,UPI
ORD3603,CUST089,2025-10-12,Automotive,2105,Card
ORD3604,CUST160,2024-10-07,Healthcare,6745,UPI
ORD3605,CUST061,2024-12-15,Food,2827,UPI
ORD3606,CUST429,2025-12-14,Electronics,42105,Card
ORD3607,CUST477,2025-04-19,Electronics,12619,COD
ORD3608,CUST471,2024-04-02,Furniture,26905,UPI
ORD3609,CUST045,2024-07-09,Clothing,5842,COD
ORD3610,CUST321,2024-01-21,Furniture,28845,Card
ORD3611,CUST006,2024-08-10,Automotive,14272,Card
ORD3612,CUST236,2024-03-24,Automotive,10084,Card
ORD3613,CUST158,2025-11-28,Automotive,8261,UPI
ORD3614,CUST383,2024-05-15,Clothing,1436,UPI
ORD3615,CUST195,2025-12-23,Clothing,2458,Card
ORD3616,CUST143,2024-05-23,Healthcare,6169,UPI
ORD3617,CUST212,2024-08-19,Furniture,11939,COD
ORD3618,CUST453,2024-07-23,Furniture,12664,UPI
ORD3619,CUST133,2025-12-15,Food,1583,UPI
ORD3620,CUST048,2025-05-16,Clothing,5740,Net Banking
ORD3621,CUST187,2024-12-23,Automotive,19139,UPI
ORD3622,CUST231,2025-10-08,Automotive,7586,Card
ORD3623,CUST019,2025-08-22,Food,1137,Card
ORD3624,CUST276,2025-08-05,Furniture,26009,COD
ORD3625,CUST223,2024-12-21,Automotive,24348,Net Banking
ORD3626,CUST408,2024-10-22,Furniture,14212,Card
ORD3627,CUST359,2025-05-30,Healthcare,14596,Card
ORD3628,CUST381,2024-10-02,Electronics,38637,COD
ORD3629,CUST396,2024-08-03,Clothing,2787,UPI
ORD3630,CUST240,2024-09-24,Electronics,12556,UPI
ORD3631,CUST265,2025-11-05,Automotive,8108,UPI
ORD3632,CUST244,2024-05-23,Food,2903,UPI
ORD3633,CUST166,2025-01-16,Healthcare,7191,Card
ORD3634,CUST338,2025-08-25,Electronics,26126,Card
ORD3635,CUST360,2024-04-17,Automotive,13759,Card
ORD3636,CUST446,2024-01-09,Furniture,16808,UPI
ORD3637,CUST244,2024-12-08,Clothing,6307,Net Banking
ORD3638,CUST463,2024-04-12,Furniture,14731,UPI
ORD3639,CUST157,2024-06-15,Food,2739,Card
ORD3640,CUST096,2024-01-23,Food,2369,Card
ORD3641,CUST304,2025-08-12,Automotive,16253,UPI
ORD3642,CUST375,2025-02-12,Food,1497,UPI
ORD3643,CUST130,2025-01-17,Healthcare,6535,UPI
ORD3644,CUST248,2025-11-25,Food,1729,COD
ORD3645,CUST021,2024-08-27,Healthcare,2767,COD
ORD3646,CUST216,2025-03-12,Clothing,5730,Card
ORD3647,CUST206,2025-08-30,Electronics,15749,UPI
ORD3648,CUST263,2024-06-19,Clothing,5889,UPI
ORD3649,CUST495,2025-12-15,Healthcare,4251,Net Banking
ORD3650,CUST488,2025-08-04,Furniture,7256,Net Banking
ORD3651,CUST340,2024-12-07,Electronics,10924,UPI
ORD3652,CUST159,2024-05-24,Clothing,4757,UPI
ORD3653,CUST203,2024-06-18,Food,503,Net Banking
ORD3654,CUST338,2024-05-31,Furniture,8638,UPI
ORD3655,CUST155,2024-11-10,Electronics,17097,UPI
ORD3656,CUST121,2024-07-27,Food,869,UPI
ORD3657,CUST371,2024-09-07,Furniture,25436,Card
ORD3658,CUST285,2025-01-18,Electronics,36283,COD
ORD3659,CUST082,2024-12-18,Electronics,35854,COD
ORD3660,CUST282,2025-12-04,Food,1370,Card
ORD3661,CUST468,2025-04-28,Automotive,14330,Card
ORD3662,CUST426,2025-04-19,Automotive,9954,UPI
ORD3663,CUST391,2024-04-08,Food,1026,Card
ORD3664,CUST163,2024-05-16,Food,1839,UPI
ORD3665,CUST460,2024-10-16,Automotive,15913,Card
ORD3666,CUST306,2025-02-07,Healthcare,2174,UPI
ORD3667,CUST178,2025-05-15,Automotive,21216,UPI
ORD3668,CUST014,2024-08-15,Healthcare,3918,UPI
ORD3669,CUST394,2024-08-28,Clothing,3967,UPI
ORD3670,CUST175,2025-05-28,Electronics,45014,UPI
ORD3671,CUST307,2025-02-11,Electronics,47308,UPI
ORD3672,CUST118,2024-05-21,Food,1269,COD
ORD3673,CUST023,2024-08-04,Clothing,4566,UPI
ORD3674,CUST048,2024-12-13,Food,1236,Card
ORD3675,CUST218,2024-06-03,Clothing,3548,COD
ORD3676,CUST199,2025-11-22,Food,642,COD
ORD3677,CUST134,2025-03-07,Furniture,8358,Card
ORD3678,CUST204,2025-11-29,Healthcare,14668,COD
ORD3679,CUST055,2025-04-21,Electronics,27694,UPI
ORD3680,CUST352,2024-04-13,Automotive,15253,UPI
ORD3681,CUST412,2024-01-13,Furniture,13453,UPI
ORD3682,CUST066,2025-08-11,Healthcare,7291,Card
ORD3683,CUST352,2025-04-10,Electronics,36859,Card
ORD3684,CUST335,2025-11-17,Food,2230,UPI
ORD3685,CUST395,2024-02-25,Clothing,4481,UPI
ORD3686,CUST133,2025-10-11,Electronics,44559,Card
ORD3687,CUST414,2025-04-06,Healthcare,7108,UPI
ORD3688,CUST400,2025-04-29,Automotive,12979,Card
ORD3689,CUST433,2025-07-01,Clothing,1914,Card
ORD3690,CUST403,2024-07-02,Food,2677,Net Banking
ORD3691,CUST389,2025-01-27,Automotive,4621,Net Banking
ORD3692,CUST077,2024-01-08,Clothing,6796,COD
ORD3693,CUST303,2024-09-21,Furniture,19872,Card
ORD3694,CUST417,2025-09-21,Automotive,16909,Net Banking
ORD3695,CUST223,2024-02-19,Food,1653,Card
ORD3696,CUST021,2024-05-04,Food,2385,UPI
ORD3697,CUST188,2024-02-21,Healthcare,12245,UPI
ORD3698,CUST190,2024-09-15,Food,1882,UPI
ORD3699,CUST346,2024-10-30,Electronics,40569,UPI
ORD3700,CUST137,2024-07-02,Clothing,3923,Card
ORD3701,CUST214,2024-01-18,Food,1829,COD
ORD3702,CUST153,2025-10-13,Electronics,44044,UPI
ORD3703,CUST058,2024-12-31,Automotive,3199,UPI
ORD3704,CUST273,2025-02-09,Furniture,8742,COD
ORD3705,CUST044,2025-07-01,Electronics,13261,UPI
ORD3706,CUST373,2024-05-28,Automotive,18169,Card
ORD3707,CUST221,2024-10-08,Clothing,4752,Card
ORD3708,CUST353,2025-09-24,Furniture,27008,Card
ORD3709,CUST421,2025-06-20,Healthcare,8510,UPI
ORD3710,CUST021,2024-03-19,Clothing,4053,UPI
ORD3711,CUST020,2024-05-30,Healthcare,12858,UPI
ORD3712,CUST327,2024-04-13,Food,2599,Card
ORD3713,CUST372,2024-03-21,Clothing,6216,Card
ORD3714,CUST384,2024-11-05,Food,2141,UPI
ORD3715,CUST012,2024-07-07,Automotive,10416,Card
ORD3716,CUST370,2025-10-30,Automotive,4597,COD
ORD3717,CUST429,2025-03-19,Electronics,17559,UPI
ORD3718,CUST293,2024-09-24,Clothing,6042,Card
ORD3719,CUST264,2025-07-06,Furniture,25749,Card
ORD3720,CUST410,2024-02-20,Clothing,5696,UPI
ORD3721,CUST243,2024-08-08,Food,1625,UPI
ORD3722,CUST383,2025-12-06,Furniture,12071,Card
ORD3723,CUST257,2025-11-18,Electronics,44624,COD
ORD3724,CUST205,2024-07-04,Automotive,11336,COD
ORD3725,CUST140,2024-01-06,Food,1348,Card
ORD3726,CUST010,2025-02-28,Automotive,6252,Net Banking
ORD3727,CUST141,2024-09-30,Food,2953,UPI
ORD3728,CUST405,2025-10-12,Clothing,1795,Card
ORD3729,CUST114,2024-08-18,Electronics,26273,Card
ORD3730,CUST114,2024-03-06,Healthcare,5715,UPI
ORD3731,CUST373,2025-12-30,Healthcare,14549,Net Banking
ORD3732,CUST236,2025-08-25,Food,2938,Card
ORD3733,CUST169,2025-07-08,Food,2448,UPI
ORD3734,CUST477,2025-07-25,Electronics,27475,COD
ORD3735,CUST175,2024-11-23,Clothing,7738,UPI
ORD3736,CUST228,2024-06-04,Food,2543,UPI
ORD3737,CUST108,2025-06-29,Automotive,7570,UPI
ORD3738,CUST345,2025-02-03,Clothing,4300,Net Banking
ORD3739,CUST017,2025-11-07,Healthcare,2287,Net Banking
ORD3740,CUST324,2025-05-13,Healthcare,6657,UPI
ORD3741,CUST043,2024-07-31,Automotive,19353,Card
ORD3742,CUST190,2024-11-07,Clothing,7151,UPI
ORD3743,CUST162,2025-04-07,Automotive,17315,Net Banking
ORD3744,CUST016,2024-06-08,Healthcare,10583,Card
ORD3745,CUST086,2025-10-01,Clothing,5627,UPI
ORD3746,CUST221,2025-03-01,Electronics,23604,COD
ORD3747,CUST285,2025-05-17,Furniture,15297,UPI
ORD3748,CUST472,2025-07-04,Furniture,15400,UPI
ORD3749,CUST311,2024-05-06,Electronics,30935,Card
ORD3750,CUST112,2024-08-04,Electronics,42404,COD
ORD3751,CUST149,2024-07-01,Furniture,28128,UPI
ORD3752,CUST399,2025-02-14,Healthcare,7693,UPI
ORD3753,CUST181,2024-08-10,Food,2954,UPI
ORD3754,CUST143,2024-11-23,Clothing,6163,Card
ORD3755,CUST055,2025-11-11,Automotive,22746,UPI
ORD3756,CUST391,2025-10-13,Clothing,5114,Card
ORD3757,CUST275,2025-06-29,Food,1422,COD
ORD3758,CUST440,2025-02-17,Food,2400,Card
ORD3759,CUST147,2025-04-05,Furniture,8820,UPI
ORD3760,CUST205,2024-10-22,Electronics,39908,UPI
ORD3761,CUST425,2024-12-08,Food,1205,UPI
ORD3762,CUST350,2024-04-10,Food,2876,COD
ORD3763,CUST335,2025-03-04,Food,2180,UPI
ORD3764,CUST097,2025-10-13,Electronics,45558,UPI
ORD3765,CUST115,2024-05-21,Healthcare,11156,Card
ORD3766,CUST258,2024-03-23,Healthcare,10348,UPI
ORD3767,CUST375,2025-02-22,Electronics,26300,Card
ORD3768,CUST313,2024-09-12,Furniture,21655,UPI
ORD3769,CUST321,2025-04-28,Automotive,4980,COD
ORD3770,CUST488,2025-01-14,Electronics,44409,COD
ORD3771,CUST453,2025-10-31,Food,2761,Card
ORD3772,CUST262,2024-07-16,Furniture,18000,COD
ORD3773,CUST189,2024-09-02,Furniture,18472,UPI
ORD3774,CUST480,2025-12-30,Furniture,13575,Card
ORD3775,CUST068,2024-10-27,Electronics,7024,Card
ORD3776,CUST106,2025-08-14,Food,2380,Card
ORD3777,CUST126,2025-12-01,Healthcare,8268,UPI
ORD3778,CUST124,2024-06-30,Food,2548,UPI
ORD3779,CUST329,2024-04-23,Healthcare,14727,UPI
ORD3780,CUST170,2024-06-12,Furniture,18145,UPI
ORD3781,CUST370,2024-03-12,Electronics,7118,UPI
ORD3782,CUST350,2025-11-24,Food,2628,Net Banking
ORD3783,CUST241,2025-01-29,Electronics,32334,UPI
ORD3784,CUST491,2024-09-23,Automotive,19607,UPI
ORD3785,CUST062,2025-09-13,Automotive,19503,Card
ORD3786,CUST366,2024-01-25,Food,2469,Card
ORD3787,CUST424,2024-03-02,Clothing,7649,COD
ORD3788,CUST204,2024-02-10,Clothing,4272,Card
ORD3789,CUST367,2025-06-07,Automotive,23287,UPI
ORD3790,CUST226,2025-03-14,Electronics,11791,COD
ORD3791,CUST075,2024-09-25,Healthcare,13346,Card
ORD3792,CUST406,2024-04-24,Automotive,7536,UPI
ORD3793,CUST188,2025-02-26,Automotive,13135,Card
ORD3794,CUST073,2024-09-05,Food,1360,COD
ORD3795,CUST136,2024-04-09,Clothing,6259,UPI
ORD3796,CUST356,2024-03-16,Food,2513,UPI
ORD3797,CUST386,2024-09-07,Clothing,3805,UPI
ORD3798,CUST152,2025-12-06,Food,1854,UPI
ORD3799,CUST404,2025-04-06,Automotive,10451,UPI
ORD3800,CUST291,2024-10-08,Healthcare,1585,Card
ORD3801,CUST390,2024-05-23,Furniture,20097,UPI
ORD3802,CUST148,2024-01-27,Furniture,15152,COD
ORD3803,CUST289,2025-01-06,Automotive,11542,Net Banking
ORD3804,CUST158,2024-06-11,Healthcare,11385,Card
ORD3805,CUST157,2025-05-01,Automotive,16413,COD
ORD3806,CUST345,2024-10-28,Furniture,27370,UPI
ORD3807,CUST413,2025-12-12,Furniture,7801,Card
ORD3808,CUST312,2024-10-26,Food,1553,Card
ORD3809,CUST327,2024-08-21,Electronics,18871,COD
ORD3810,CUST299,2024-11-06,Furniture,22144,Net Banking
ORD3811,CUST007,2024-09-22,Clothing,6907,UPI
ORD3812,CUST261,2025-06-13,Food,2453,COD
ORD3813,CUST317,2024-06-23,Clothing,6274,UPI
ORD3814,CUST080,2025-08-24,Healthcare,6149,COD
ORD3815,CUST268,2025-01-18,Food,2487,COD
ORD3816,CUST332,2024-06-22,Healthcare,8897,UPI
ORD3817,CUST090,2025-05-10,Food,558,Net Banking
ORD3818,CUST343,2024-03-07,Clothing,2841,UPI
ORD3819,CUST159,2024-07-30,Furniture,7918,UPI
ORD3820,CUST143,2025-09-15,Automotive,5918,Card
ORD3821,CUST333,2024-07-20,Clothing,5086,Card
ORD3822,CUST236,2025-08-06,Automotive,2399,COD
ORD3823,CUST431,2025-06-20,Furniture,27293,Card
ORD3824,CUST104,2025-01-07,Automotive,3076,Card
ORD3825,CUST205,2025-10-03,Electronics,26595,COD
ORD3826,CUST260,2024-03-09,Clothing,5532,COD
ORD3827,CUST493,2025-07-01,Automotive,19620,UPI
ORD3828,CUST447,2024-03-22,Electronics,34270,COD
ORD3829,CUST291,2025-06-19,Furniture,11018,UPI
ORD3830,CUST132,2024-07-06,Automotive,23325,COD
ORD3831,CUST440,2024-09-07,Furniture,25598,UPI
ORD3832,CUST368,2025-04-12,Furniture,4318,UPI
ORD3833,CUST312,2024-09-29,Healthcare,5546,UPI
ORD3834,CUST047,2024-07-13,Automotive,4086,Card
ORD3835,CUST464,2024-05-15,Healthcare,5960,UPI
ORD3836,CUST032,2024-07-31,Furniture,10993,UPI
ORD3837,CUST300,2025-08-18,Food,2401,Card
ORD3838,CUST051,2025-07-03,Electronics,25896,COD
ORD3839,CUST405,2025-10-11,Electronics,17872,UPI
ORD3840,CUST245,2024-04-29,Food,841,UPI
ORD3841,CUST244,2024-07-21,Electronics,40544,UPI
ORD3842,CUST302,2024-08-08,Healthcare,8982,UPI
ORD3843,CUST154,2025-08-05,Electronics,43123,COD
ORD3844,CUST221,2024-04-24,Automotive,16504,COD
ORD3845,CUST399,2025-10-20,Furniture,22298,Card
ORD3846,CUST413,2025-10-12,Healthcare,13378,UPI
ORD3847,CUST234,2024-01-01,Clothing,7181,Net Banking
ORD3848,CUST209,2025-09-07,Clothing,5035,Card
ORD3849,CUST324,2024-06-29,Clothing,5155,COD
ORD3850,CUST248,2025-06-10,Clothing,6286,Card
ORD3851,CUST154,2024-09-27,Healthcare,5079,Net Banking
ORD3852,CUST175,2024-10-08,Automotive,20391,Card
ORD3853,CUST258,2024-11-12,Automotive,16419,UPI
ORD3854,CUST058,2024-07-05,Food,526,COD
ORD3855,CUST164,2025-06-05,Food,2530,Card
ORD3856,CUST084,2024-07-02,Electronics,33312,Card
ORD3857,CUST345,2024-11-07,Electronics,34045,UPI
ORD3858,CUST176,2025-10-15,Automotive,19648,Card
ORD3859,CUST422,2024-07-06,Furniture,28519,Card
ORD3860,CUST056,2024-08-25,Furniture,13066,UPI
ORD3861,CUST257,2024-11-08,Clothing,7278,UPI
ORD3862,CUST272,2025-04-28,Electronics,49875,Card
ORD3863,CUST154,2025-09-16,Furniture,21710,Net Banking
ORD3864,CUST345,2024-06-07,Clothing,2281,Card
ORD3865,CUST099,2025-02-09,Furniture,8175,UPI
ORD3866,CUST313,2025-11-09,Furniture,13671,Card
ORD3867,CUST490,2025-06-12,Food,2938,UPI
ORD3868,CUST404,2025-03-02,Automotive,10827,UPI
ORD3869,CUST118,2024-09-26,Food,1743,UPI
ORD3870,CUST190,2024-05-28,Clothing,3733,UPI
ORD3871,CUST373,2024-12-28,Automotive,12333,UPI
ORD3872,CUST231,2024-11-11,Food,2807,UPI
ORD3873,CUST202,2025-03-03,Electronics,31481,UPI
ORD3874,CUST029,2025-02-22,Clothing,6290,UPI
ORD3875,CUST413,2024-05-23,Food,1623,Card
ORD3876,CUST010,2025-12-22,Furniture,9835,Card
ORD3877,CUST339,2024-09-19,Clothing,7820,UPI
ORD3878,CUST192,2024-01-25,Clothing,4502,COD
ORD3879,CUST405,2025-01-26,Clothing,5571,UPI
ORD3880,CUST287,2024-07-23,Furniture,23236,Card
ORD3881,CUST258,2025-03-26,Clothing,1875,UPI
ORD3882,CUST039,2024-09-05,Furniture,13665,UPI
ORD3883,CUST371,2025-05-06,Automotive,21429,Card
ORD3884,CUST241,2024-02-17,Automotive,14781,Card
ORD3885,CUST353,2025-12-24,Food,1523,COD
ORD3886,CUST144,2025-09-13,Healthcare,7144,Card
ORD3887,CUST031,2024-04-13,Electronics,46918,COD
ORD3888,CUST176,2024-10-09,Healthcare,7053,UPI
ORD3889,CUST225,2024-10-18,Electronics,35922,UPI
ORD3890,CUST069,2024-03-16,Clothing,7350,UPI
ORD3891,CUST376,2025-02-27,Furniture,7928,UPI
ORD3892,CUST302,2024-11-02,Healthcare,4276,Card
ORD3893,CUST288,2024-03-31,Food,1504,Card
ORD3894,CUST168,2025-08-09,Healthcare,13497,UPI
ORD3895,CUST339,2024-09-23,Healthcare,9700,COD
ORD3896,CUST419,2024-10-25,Automotive,2716,COD
ORD3897,CUST072,2024-03-10,Automotive,12287,UPI
ORD3898,CUST491,2025-01-04,Food,1379,UPI
ORD3899,CUST095,2024-11-24,Food,1432,UPI
ORD3900,CUST236,2025-01-05,Clothing,2630,UPI
ORD3901,CUST347,2025-12-21,Clothing,3091,UPI
ORD3902,CUST310,2024-01-24,Furniture,6905,Card
ORD3903,CUST329,2025-02-24,Food,2123,UPI
ORD3904,CUST413,2025-05-13,Electronics,39629,UPI
ORD3905,CUST031,2025-06-08,Clothing,1132,COD
ORD3906,CUST290,2025-03-23,Electronics,38044,Card
ORD3907,CUST448,2024-11-30,Healthcare,9061,COD
ORD3908,CUST145,2025-08-11,Clothing,6196,UPI
ORD3909,CUST035,2024-03-18,Healthcare,2509,UPI
ORD3910,CUST499,2025-07-25,Electronics,39849,Card
ORD3911,CUST082,2025-06-09,Electronics,42612,UPI
ORD3912,CUST473,2025-04-24,Healthcare,11652,UPI
ORD3913,CUST098,2024-03-15,Automotive,16121,Card
ORD3914,CUST419,2024-10-10,Food,2348,Card
ORD3915,CUST456,2024-06-04,Automotive,12827,UPI
ORD3916,CUST038,2024-07-05,Automotive,20848,Card
ORD3917,CUST174,2025-04-09,Healthcare,13797,UPI
ORD3918,CUST355,2025-03-18,Electronics,31310,UPI
ORD3919,CUST295,2024-10-27,Electronics,45874,UPI
ORD3920,CUST425,2025-02-03,Electronics,5559,UPI
ORD3921,CUST116,2024-11-26,Food,1116,UPI
ORD3922,CUST133,2024-08-16,Healthcare,12051,COD
ORD3923,CUST394,2024-11-30,Healthcare,8499,Card
ORD3924,CUST335,2025-11-12,Furniture,28228,Net Banking
ORD3925,CUST421,2025-08-11,Clothing,6856,UPI
ORD3926,CUST445,2025-08-13,Furniture,9188,UPI
ORD3927,CUST396,2024-05-31,Furniture,13108,UPI
ORD3928,CUST093,2024-04-13,Electronics,39958,UPI
ORD3929,CUST309,2024-02-10,Furniture,20697,UPI
ORD3930,CUST179,2024-03-11,Clothing,3583,Net Banking
ORD3931,CUST476,2024-08-23,Automotive,8842,Card
ORD3932,CUST104,2024-11-06,Furniture,16902,Card
ORD3933,CUST139,2024-08-26,Furniture,28308,Card
ORD3934,CUST182,2024-01-28,Furniture,17406,COD
ORD3935,CUST064,2025-01-19,Electronics,34094,UPI
ORD3936,CUST445,2024-08-01,Food,701,UPI
ORD3937,CUST229,2025-03-25,Food,1313,UPI
ORD3938,CUST106,2025-01-24,Healthcare,14344,Net Banking
ORD3939,CUST064,2024-04-05,Furniture,19603,COD
ORD3940,CUST468,2025-08-15,Automotive,18924,UPI
ORD3941,CUST063,2024-06-15,Furniture,6943,COD
ORD3942,CUST482,2025-05-15,Automotive,21819,COD
ORD3943,CUST184,2024-11-20,Food,1282,UPI
ORD3944,CUST108,2024-04-02,Healthcare,6895,UPI
ORD3945,CUST245,2024-09-18,Healthcare,2834,UPI
ORD3946,CUST484,2025-04-12,Electronics,5475,COD
ORD3947,CUST195,2025-03-06,Food,909,UPI
ORD3948,CUST182,2025-01-04,Clothing,7852,Net Banking
ORD3949,CUST034,2025-03-20,Automotive,11853,UPI
ORD3950,CUST118,2025-12-19,Electronics,47626,Net Banking
ORD3951,CUST330,2025-02-03,Food,564,UPI
ORD3952,CUST488,2024-10-08,Automotive,23212,Card
ORD3953,CUST460,2024-11-27,Electronics,14223,COD
ORD3954,CUST434,2024-09-11,Furniture,21500,COD
ORD3955,CUST005,2024-05-11,Healthcare,3551,COD
ORD3956,CUST072,2025-12-12,Food,659,UPI
ORD3957,CUST032,2025-09-02,Furniture,27243,Card
ORD3958,CUST339,2024-10-27,Clothing,6059,UPI
ORD3959,CUST213,2024-06-10,Food,1206,UPI
ORD3960,CUST090,2025-06-15,Furniture,27312,Card
ORD3961,CUST415,2025-11-15,Furniture,14962,UPI
ORD3962,CUST451,2024-04-22,Furniture,3982,Card
ORD3963,CUST255,2024-07-27,Clothing,4306,COD
ORD3964,CUST321,2025-01-17,Clothing,6094,UPI
ORD3965,CUST165,2024-01-30,Electronics,26730,Card
ORD3966,CUST015,2025-04-26,Electronics,14459,UPI
ORD3967,CUST468,2025-02-21,Electronics,40355,UPI
ORD3968,CUST194,2025-09-04,Automotive,19209,UPI
ORD3969,CUST087,2024-06-10,Electronics,5979,COD
ORD3970,CUST179,2024-08-16,Electronics,32517,COD
ORD3971,CUST034,2024-04-25,Food,2402,COD
ORD3972,CUST213,2025-07-03,Food,1050,COD
ORD3973,CUST439,2025-09-09,Automotive,2023,UPI
ORD3974,CUST160,2025-05-02,Food,1552,UPI
ORD3975,CUST066,2024-11-26,Automotive,19694,Card
ORD3976,CUST188,2025-09-20,Automotive,5158,Card
ORD3977,CUST245,2025-05-19,Automotive,20718,UPI
ORD3978,CUST101,2024-05-08,Furniture,19866,UPI
ORD3979,CUST067,2024-05-26,Furniture,24600,Card
ORD3980,CUST043,2024-04-07,Automotive,15232,Card
ORD3981,CUST145,2025-09-21,Electronics,21369,UPI
ORD3982,CUST116,2024-09-13,Furniture,26921,Card
ORD3983,CUST338,2024-11-04,Clothing,6820,Card
ORD3984,CUST499,2025-04-18,Automotive,21358,Card
ORD3985,CUST267,2025-06-13,Healthcare,5370,UPI
ORD3986,CUST390,2024-05-14,Clothing,4457,Net Banking
ORD3987,CUST192,2025-11-08,Furniture,21984,UPI
ORD3988,CUST378,2024-02-05,Automotive,14616,UPI
ORD3989,CUST324,2024-02-19,Furniture,8969,Net Banking
ORD3990,CUST008,2024-05-26,Automotive,3117,Card
ORD3991,CUST428,2024-08-31,Furniture,16001,UPI
ORD3992,CUST166,2024-01-12,Healthcare,8877,Card
ORD3993,CUST248,2024-12-18,Furniture,23601,Card
ORD3994,CUST446,2025-08-14,Food,2351,Net Banking
ORD3995,CUST110,2025-04-09,Healthcare,5305,Net Banking
ORD3996,CUST280,2025-03-26,Electronics,23304,Card
ORD3997,CUST336,2025-06-10,Clothing,3762,Card
ORD3998,CUST457,2024-07-09,Clothing,3793,UPI
ORD3999,CUST414,2025-05-14,Healthcare,8476,UPI
ORD4000,CUST340,2024-04-08,Automotive,13218,UPI
ORD4001,CUST391,2025-06-15,Clothing,1517,Card
ORD4002,CUST401,2025-01-09,Food,604,Card
ORD4003,CUST494,2025-07-10,Furniture,6099,UPI
ORD4004,CUST117,2025-04-13,Electronics,12882,UPI
ORD4005,CUST282,2025-12-30,Clothing,2034,Card
ORD4006,CUST448,2024-12-21,Clothing,4707,UPI
ORD4007,CUST224,2025-07-20,Electronics,38077,Net Banking
ORD4008,CUST094,2025-02-11,Healthcare,4192,UPI
ORD4009,CUST073,2025-11-27,Furniture,28425,Card
ORD4010,CUST009,2024-07-22,Automotive,13597,COD
ORD4011,CUST270,2025-09-07,Furniture,21444,UPI
ORD4012,CUST441,2025-06-27,Healthcare,1769,Card
ORD4013,CUST410,2025-06-29,Clothing,5419,UPI
ORD4014,CUST118,2025-12-11,Healthcare,3732,Card
ORD4015,CUST192,2024-06-11,Electronics,49590,Card
ORD4016,CUST085,2025-10-12,Automotive,22256,UPI
ORD4017,CUST116,2024-06-04,Healthcare,10988,Card
ORD4018,CUST218,2024-07-26,Clothing,1400,COD
ORD4019,CUST492,2025-02-14,Clothing,4193,UPI
ORD4020,CUST462,2025-06-18,Food,2451,UPI
ORD4021,CUST240,2024-11-25,Furniture,26643,COD
ORD4022,CUST481,2024-11-03,Electronics,9906,Card
ORD4023,CUST129,2025-12-26,Healthcare,11946,COD
ORD4024,CUST160,2024-08-01,Automotive,22090,Card
ORD4025,CUST305,2024-03-09,Electronics,31894,COD
ORD4026,CUST072,2024-05-27,Food,1156,UPI
ORD4027,CUST392,2024-09-05,Food,1153,Net Banking
ORD4028,CUST331,2025-03-05,Food,2922,COD
ORD4029,CUST100,2024-09-11,Clothing,1577,Card
ORD4030,CUST116,2024-10-09,Furniture,16154,UPI
ORD4031,CUST064,2025-08-22,Automotive,6975,UPI
ORD4032,CUST106,2025-03-30,Furniture,25027,UPI
ORD4033,CUST142,2024-12-01,Electronics,46730,UPI
ORD4034,CUST061,2025-06-17,Clothing,5294,UPI
ORD4035,CUST053,2025-10-05,Healthcare,8718,Card
ORD4036,CUST119,2025-11-07,Food,1723,Card
ORD4037,CUST421,2024-05-07,Healthcare,13171,UPI
ORD4038,CUST313,2025-04-10,Furniture,5306,Card
ORD4039,CUST451,2024-12-15,Clothing,1335,UPI
ORD4040,CUST196,2024-09-18,Electronics,46084,UPI
ORD4041,CUST239,2025-03-12,Healthcare,3759,UPI
ORD4042,CUST449,2025-12-27,Automotive,17967,Card
ORD4043,CUST389,2024-10-25,Furniture,20132,UPI
ORD4044,CUST053,2024-03-31,Automotive,21769,UPI
ORD4045,CUST492,2025-09-05,Clothing,2976,UPI
ORD4046,CUST446,2025-11-11,Food,2271,COD
ORD4047,CUST216,2024-02-28,Automotive,5446,UPI
ORD4048,CUST443,2024-10-13,Automotive,11039,Card
ORD4049,CUST464,2024-09-14,Automotive,18640,Card
ORD4050,CUST169,2025-03-05,Automotive,10232,Net Banking
ORD4051,CUST183,2024-03-26,Electronics,11627,COD
ORD4052,CUST366,2025-05-12,Furniture,22194,UPI
ORD4053,CUST254,2024-08-14,Healthcare,8106,UPI
ORD4054,CUST341,2024-09-29,Electronics,36972,COD
ORD4055,CUST288,2025-09-13,Healthcare,7157,Card
ORD4056,CUST311,2025-06-15,Automotive,14536,Card
ORD4057,CUST022,2025-09-08,Electronics,43688,Card
ORD4058,CUST430,2025-10-20,Electronics,42724,Card
ORD4059,CUST049,2024-04-30,Furniture,14819,COD
ORD4060,CUST298,2025-11-19,Automotive,21785,COD
ORD4061,CUST216,2025-02-07,Automotive,3306,Net Banking
ORD4062,CUST178,2025-10-24,Food,2387,UPI
ORD4063,CUST294,2025-06-19,Electronics,31128,COD
ORD4064,CUST417,2025-10-05,Automotive,16149,UPI
ORD4065,CUST343,2024-01-27,Furniture,21577,UPI
ORD4066,CUST093,2024-01-25,Automotive,12779,COD
ORD4067,CUST051,2024-10-26,Food,616,UPI
ORD4068,CUST374,2025-04-12,Clothing,3937,UPI
ORD4069,CUST420,2025-11-30,Clothing,3886,UPI
ORD4070,CUST499,2024-09-11,Clothing,4653,COD
ORD4071,CUST402,2024-02-18,Clothing,4753,Card
ORD4072,CUST358,2025-10-12,Clothing,7296,Card
ORD4073,CUST407,2024-06-13,Furniture,21300,UPI
ORD4074,CUST395,2025-07-14,Automotive,12547,Net Banking
ORD4075,CUST380,2025-02-14,Clothing,7397,Net Banking
ORD4076,CUST418,2024-06-25,Food,864,UPI
ORD4077,CUST171,2024-12-26,Healthcare,9818,UPI
ORD4078,CUST379,2024-08-21,Clothing,7788,UPI
ORD4079,CUST157,2024-04-13,Automotive,4963,COD
ORD4080,CUST328,2025-02-19,Clothing,6093,Card
ORD4081,CUST255,2025-10-16,Furniture,27791,COD
ORD4082,CUST196,2024-07-26,Clothing,6794,UPI
ORD4083,CUST249,2024-12-25,Clothing,7601,Net Banking
ORD4084,CUST225,2025-01-05,Furniture,8522,Net Banking
ORD4085,CUST166,2024-01-17,Electronics,17438,Card
ORD4086,CUST298,2024-11-13,Healthcare,12472,COD
ORD4087,CUST329,2025-07-27,Clothing,7199,UPI
ORD4088,CUST287,2025-07-05,Furniture,16040,UPI
ORD4089,CUST317,2025-12-13,Electronics,18016,Card
ORD4090,CUST048,2024-04-02,Automotive,21594,Net Banking
ORD4091,CUST469,2025-11-10,Food,1578,Card
ORD4092,CUST075,2024-12-14,Healthcare,6796,UPI
ORD4093,CUST204,2024-05-16,Food,924,Card
ORD4094,CUST433,2024-10-27,Healthcare,10340,UPI
ORD4095,CUST498,2024-03-25,Clothing,2841,UPI
ORD4096,CUST227,2024-02-11,Furniture,20956,Card
ORD4097,CUST080,2025-11-14,Clothing,1215,Net Banking
ORD4098,CUST254,2024-08-17,Automotive,9175,UPI
ORD4099,CUST126,2024-08-19,Food,1384,UPI
ORD4100,CUST075,2024-01-13,Clothing,2996,UPI
ORD4101,CUST494,2024-01-22,Healthcare,8917,UPI
ORD4102,CUST430,2025-03-25,Food,2778,Net Banking
ORD4103,CUST283,2025-08-04,Furniture,16511,COD
ORD4104,CUST096,2025-06-15,Healthcare,7547,UPI
ORD4105,CUST322,2025-08-12,Food,1571,Net Banking
ORD4106,CUST362,2025-01-07,Clothing,4533,COD
ORD4107,CUST190,2025-01-08,Furniture,13490,COD
ORD4108,CUST277,2024-12-31,Electronics,13814,UPI
ORD4109,CUST165,2025-12-20,Furniture,29068,COD
ORD4110,CUST276,2025-08-15,Furniture,6166,UPI
ORD4111,CUST470,2025-06-03,Automotive,17588,UPI
ORD4112,CUST275,2024-11-17,Electronics,44589,UPI
ORD4113,CUST117,2024-12-22,Automotive,23134,Card
ORD4114,CUST500,2025-07-21,Furniture,18246,UPI
ORD4115,CUST138,2025-08-11,Electronics,35162,UPI
ORD4116,CUST317,2025-03-24,Food,2920,UPI
ORD4117,CUST224,2024-03-07,Furniture,3724,COD
ORD4118,CUST287,2025-04-04,Healthcare,11654,COD
ORD4119,CUST030,2024-12-21,Food,1105,UPI
ORD4120,CUST033,2025-11-29,Clothing,1535,COD
ORD4121,CUST489,2024-10-09,Healthcare,5128,COD
ORD4122,CUST486,2024-01-29,Automotive,21586,Net Banking
ORD4123,CUST252,2025-03-17,Automotive,6369,UPI
ORD4124,CUST203,2024-08-08,Automotive,16814,Card
ORD4125,CUST159,2025-07-05,Automotive,24107,COD
ORD4126,CUST156,2024-12-04,Furniture,21673,Card
ORD4127,CUST409,2025-06-04,Food,1090,UPI
ORD4128,CUST393,2025-07-06,Automotive,21230,Card
ORD4129,CUST162,2024-01-07,Healthcare,1867,Card
ORD4130,CUST365,2025-01-01,Healthcare,2960,Card
ORD4131,CUST397,2024-03-13,Healthcare,2042,UPI
ORD4132,CUST272,2025-02-27,Automotive,7282,UPI
ORD4133,CUST376,2024-07-18,Furniture,22710,COD
ORD4134,CUST397,2024-07-02,Furniture,3966,COD
ORD4135,CUST333,2025-05-21,Automotive,5915,UPI
ORD4136,CUST170,2024-04-01,Electronics,31447,COD
ORD4137,CUST294,2025-12-18,Automotive,14695,UPI
ORD4138,CUST413,2025-02-21,Food,2443,Card
ORD4139,CUST071,2024-12-17,Furniture,6141,Net Banking
ORD4140,CUST160,2024-12-29,Furniture,26175,COD
ORD4141,CUST221,2024-09-15,Food,871,COD
ORD4142,CUST095,2024-09-23,Food,1321,UPI
ORD4143,CUST117,2024-12-25,Automotive,22742,COD
ORD4144,CUST042,2024-12-13,Food,885,UPI
ORD4145,CUST269,2024-09-20,Electronics,44725,Net Banking
ORD4146,CUST032,2025-07-24,Electronics,49742,Net Banking
ORD4147,CUST192,2024-04-07,Furniture,3056,Card
ORD4148,CUST494,2025-06-25,Electronics,5305,UPI
ORD4149,CUST168,2025-01-28,Clothing,1226,COD
ORD4150,CUST410,2025-08-04,Healthcare,7141,UPI
ORD4151,CUST440,2024-03-12,Furniture,9176,UPI
ORD4152,CUST326,2025-09-27,Food,1244,Net Banking
ORD4153,CUST275,2024-08-11,Clothing,1794,Card
ORD4154,CUST447,2025-11-30,Furniture,22651,COD
ORD4155,CUST192,2025-08-10,Furniture,17440,UPI
ORD4156,CUST362,2024-06-30,Healthcare,3438,UPI
ORD4157,CUST417,2025-03-31,Electronics,45768,COD
ORD4158,CUST020,2025-07-04,Electronics,25425,Card
ORD4159,CUST479,2024-10-25,Electronics,27875,UPI
ORD4160,CUST350,2024-07-03,Healthcare,9494,Net Banking
ORD4161,CUST086,2024-04-12,Food,1291,Card
ORD4162,CUST309,2024-06-07,Healthcare,6527,Card
ORD4163,CUST481,2025-04-10,Automotive,19956,Card
ORD4164,CUST426,2025-02-02,Food,976,COD
ORD4165,CUST343,2025-07-21,Electronics,27173,COD
ORD4166,CUST127,2025-01-09,Furniture,10846,Net Banking
ORD4167,CUST492,2025-05-17,Furniture,29019,UPI
ORD4168,CUST207,2024-02-12,Clothing,1480,COD
ORD4169,CUST470,2025-05-06,Automotive,21370,Card
ORD4170,CUST051,2025-06-16,Electronics,48483,Card
ORD4171,CUST336,2024-11-24,Healthcare,10224,UPI
ORD4172,CUST295,2025-12-20,Healthcare,9547,COD
ORD4173,CUST202,2025-07-13,Automotive,8584,Net Banking
ORD4174,CUST145,2024-11-24,Furniture,17676,UPI
ORD4175,CUST391,2024-07-21,Clothing,6130,UPI
ORD4176,CUST219,2025-02-17,Food,2044,COD
ORD4177,CUST043,2025-05-17,Electronics,37193,UPI
ORD4178,CUST054,2024-11-25,Healthcare,8931,COD
ORD4179,CUST313,2025-02-02,Clothing,5076,Card
ORD4180,CUST403,2024-10-21,Automotive,24901,Card
ORD4181,CUST029,2025-06-24,Electronics,17325,UPI
ORD4182,CUST485,2024-04-01,Clothing,5812,UPI
ORD4183,CUST383,2025-08-07,Healthcare,3840,COD
ORD4184,CUST329,2024-11-17,Automotive,3571,UPI
ORD4185,CUST274,2024-01-29,Electronics,24853,Net Banking
ORD4186,CUST198,2024-07-11,Clothing,5405,UPI
ORD4187,CUST027,2025-12-01,Food,2582,UPI
ORD4188,CUST269,2024-07-01,Healthcare,7075,UPI
ORD4189,CUST349,2025-12-16,Electronics,19057,Card
ORD4190,CUST051,2025-04-13,Furniture,10260,COD
ORD4191,CUST365,2024-11-23,Electronics,18343,UPI
ORD4192,CUST254,2024-07-30,Healthcare,11492,UPI
ORD4193,CUST314,2024-01-16,Electronics,30001,UPI
ORD4194,CUST106,2025-12-06,Electronics,24034,Card
ORD4195,CUST003,2024-09-03,Automotive,12838,UPI
ORD4196,CUST091,2025-02-03,Furniture,15182,COD
ORD4197,CUST470,2025-02-15,Electronics,15218,Card
ORD4198,CUST073,2025-09-05,Furniture,23373,Card
ORD4199,CUST343,2024-09-21,Food,2836,UPI
ORD4200,CUST364,2025-10-03,Clothing,2678,COD
ORD4201,CUST482,2025-10-31,Automotive,10933,UPI
ORD4202,CUST210,2025-12-07,Electronics,32255,UPI
ORD4203,CUST422,2025-02-27,Food,1639,Card
ORD4204,CUST432,2024-07-13,Food,1538,Card
ORD4205,CUST308,2024-01-11,Automotive,24692,UPI
ORD4206,CUST203,2024-02-12,Automotive,16717,UPI
ORD4207,CUST066,2025-11-09,Automotive,9306,Net Banking
ORD4208,CUST037,2025-10-14,Electronics,12554,UPI
ORD4209,CUST082,2025-05-15,Electronics,17016,COD
ORD4210,CUST275,2024-12-01,Furniture,27251,Card
ORD4211,CUST132,2025-11-28,Automotive,24774,UPI
ORD4212,CUST204,2024-10-18,Healthcare,5693,Card
ORD4213,CUST146,2025-08-06,Clothing,1888,UPI
ORD4214,CUST390,2024-05-02,Food,1327,Net Banking
ORD4215,CUST487,2024-03-29,Healthcare,14868,Card
ORD4216,CUST255,2024-07-24,Furniture,19981,UPI
ORD4217,CUST019,2025-04-25,Food,947,Card
ORD4218,CUST058,2024-08-22,Electronics,30432,COD
ORD4219,CUST095,2024-03-26,Automotive,4208,UPI
ORD4220,CUST124,2025-03-22,Healthcare,7076,COD
ORD4221,CUST225,2024-05-26,Food,2945,UPI
ORD4222,CUST394,2024-02-12,Automotive,18502,UPI
ORD4223,CUST393,2024-07-12,Furniture,26753,UPI
ORD4224,CUST163,2024-02-14,Healthcare,1232,UPI
ORD4225,CUST486,2024-06-05,Clothing,3054,UPI
ORD4226,CUST472,2024-06-28,Clothing,4784,UPI
ORD4227,CUST103,2025-10-21,Electronics,30645,COD
ORD4228,CUST195,2024-06-05,Clothing,5141,COD
ORD4229,CUST033,2024-08-18,Furniture,23552,Net Banking
ORD4230,CUST100,2024-12-09,Automotive,16380,UPI
ORD4231,CUST013,2025-03-27,Electronics,21107,UPI
ORD4232,CUST309,2025-06-25,Clothing,5561,UPI
ORD4233,CUST083,2024-05-26,Healthcare,6202,Net Banking
ORD4234,CUST030,2024-04-24,Automotive,4134,COD
ORD4235,CUST210,2025-06-14,Healthcare,1286,UPI
ORD4236,CUST317,2024-06-22,Automotive,12540,UPI
ORD4237,CUST190,2024-02-09,Furniture,6401,Card
ORD4238,CUST351,2024-08-27,Electronics,29983,UPI
ORD4239,CUST002,2025-07-30,Electronics,30396,UPI
ORD4240,CUST394,2025-08-03,Electronics,19714,Card
ORD4241,CUST391,2025-10-05,Electronics,41938,Net Banking
ORD4242,CUST280,2024-03-16,Electronics,47523,UPI
ORD4243,CUST422,2025-05-02,Healthcare,11564,UPI
ORD4244,CUST198,2024-10-16,Automotive,22186,COD
ORD4245,CUST199,2025-04-05,Automotive,9787,UPI
ORD4246,CUST350,2025-05-17,Healthcare,5096,UPI
ORD4247,CUST177,2025-10-13,Food,2462,UPI
ORD4248,CUST471,2024-06-05,Food,2697,UPI
ORD4249,CUST451,2025-01-03,Furniture,7731,UPI
ORD4250,CUST147,2025-10-14,Automotive,7713,COD
ORD4251,CUST494,2025-02-01,Clothing,2313,UPI
ORD4252,CUST189,2024-01-22,Food,1728,UPI
ORD4253,CUST074,2024-02-13,Food,2180,Card
ORD4254,CUST364,2025-07-08,Furniture,16180,Card
ORD4255,CUST065,2025-10-03,Clothing,2704,COD
ORD4256,CUST483,2025-02-19,Food,2211,COD
ORD4257,CUST236,2025-04-08,Food,2091,UPI
ORD4258,CUST238,2025-01-07,Clothing,3670,Net Banking
ORD4259,CUST341,2025-02-12,Furniture,26701,Card
ORD4260,CUST272,2024-07-29,Furniture,10109,COD
ORD4261,CUST365,2024-07-14,Healthcare,4188,Card
ORD4262,CUST486,2025-11-06,Healthcare,6954,COD
ORD4263,CUST461,2025-04-19,Healthcare,13516,Net Banking
ORD4264,CUST406,2025-02-22,Clothing,6275,UPI
ORD4265,CUST158,2024-08-06,Food,1078,Card
ORD4266,CUST241,2024-04-21,Healthcare,11686,COD
ORD4267,CUST232,2024-11-03,Healthcare,7752,COD
ORD4268,CUST027,2024-07-23,Furniture,14065,UPI
ORD4269,CUST283,2024-06-09,Automotive,14592,Net Banking
ORD4270,CUST480,2025-06-13,Food,1238,UPI
ORD4271,CUST483,2025-03-29,Electronics,18530,UPI
ORD4272,CUST198,2025-08-04,Automotive,7647,UPI
ORD4273,CUST140,2025-11-27,Healthcare,13603,UPI
ORD4274,CUST080,2025-10-18,Food,2855,COD
ORD4275,CUST401,2024-07-21,Furniture,16477,UPI
ORD4276,CUST163,2025-04-24,Furniture,27198,COD
ORD4277,CUST067,2025-05-13,Clothing,6000,UPI
ORD4278,CUST478,2025-09-19,Healthcare,13047,UPI
ORD4279,CUST322,2024-02-06,Automotive,5180,UPI
ORD4280,CUST403,2024-03-07,Electronics,6406,UPI
ORD4281,CUST005,2024-02-24,Clothing,7984,UPI
ORD4282,CUST047,2024-11-16,Clothing,2663,UPI
ORD4283,CUST381,2024-06-03,Furniture,13078,Card
ORD4284,CUST431,2024-03-08,Clothing,6105,UPI
ORD4285,CUST466,2024-11-19,Healthcare,14570,UPI
ORD4286,CUST229,2025-05-01,Clothing,6763,UPI
ORD4287,CUST090,2024-10-23,Clothing,1831,COD
ORD4288,CUST411,2025-07-29,Furniture,7981,COD
ORD4289,CUST084,2025-03-01,Electronics,39885,Card
ORD4290,CUST467,2025-09-25,Food,1148,UPI
ORD4291,CUST288,2025-07-19,Automotive,17386,UPI
ORD4292,CUST359,2024-10-14,Automotive,10172,COD
ORD4293,CUST500,2024-04-26,Automotive,6805,UPI
ORD4294,CUST466,2025-03-31,Electronics,7580,UPI
ORD4295,CUST070,2025-01-25,Food,2053,UPI
ORD4296,CUST245,2024-06-23,Electronics,43415,UPI
ORD4297,CUST353,2025-01-06,Food,2895,UPI
ORD4298,CUST293,2024-07-05,Food,581,Net Banking
ORD4299,CUST497,2025-05-18,Automotive,20572,UPI
ORD4300,CUST177,2024-12-13,Electronics,29246,Card
ORD4301,CUST036,2024-06-30,Furniture,23448,UPI
ORD4302,CUST154,2025-11-24,Food,1112,UPI
ORD4303,CUST057,2025-11-15,Furniture,23782,COD
ORD4304,CUST165,2024-10-26,Automotive,4722,UPI
ORD4305,CUST182,2025-09-09,Food,565,COD
ORD4306,CUST319,2025-08-27,Food,1192,Card
ORD4307,CUST187,2024-09-15,Furniture,19823,UPI
ORD4308,CUST144,2025-06-16,Electronics,37087,COD
ORD4309,CUST164,2024-06-19,Electronics,47559,UPI
ORD4310,CUST123,2025-12-18,Clothing,3155,COD
ORD4311,CUST230,2025-03-19,Clothing,1331,UPI
ORD4312,CUST140,2025-11-03,Food,828,COD
ORD4313,CUST171,2025-07-18,Electronics,13562,UPI
ORD4314,CUST447,2025-10-01,Electronics,42594,Card
ORD4315,CUST010,2024-11-05,Food,1317,Net Banking
ORD4316,CUST464,2025-04-26,Food,2090,COD
ORD4317,CUST019,2025-12-12,Automotive,10856,COD
ORD4318,CUST357,2025-01-19,Clothing,4004,COD
ORD4319,CUST412,2025-06-08,Food,2167,COD
ORD4320,CUST363,2024-12-16,Furniture,14345,UPI
ORD4321,CUST369,2024-09-24,Healthcare,4160,UPI
ORD4322,CUST251,2024-10-15,Clothing,1682,UPI
ORD4323,CUST468,2025-04-05,Automotive,4778,UPI
ORD4324,CUST413,2025-11-13,Clothing,5168,UPI
ORD4325,CUST459,2024-04-26,Electronics,13423,Card
ORD4326,CUST413,2024-04-19,Furniture,5438,UPI
ORD4327,CUST091,2025-01-17,Electronics,15092,Card
ORD4328,CUST293,2024-08-30,Electronics,9942,UPI
ORD4329,CUST005,2024-01-14,Automotive,13178,UPI
ORD4330,CUST446,2025-09-24,Electronics,15239,Card
ORD4331,CUST299,2025-10-03,Food,1855,Net Banking
ORD4332,CUST403,2025-11-11,Electronics,45145,Net Banking
ORD4333,CUST063,2024-02-27,Automotive,6545,Card
ORD4334,CUST103,2024-03-24,Furniture,6004,UPI
ORD4335,CUST368,2024-04-03,Electronics,33375,Card
ORD4336,CUST406,2025-12-03,Furniture,9888,UPI
ORD4337,CUST026,2024-03-22,Food,1812,UPI
ORD4338,CUST321,2025-06-26,Furniture,18599,UPI
ORD4339,CUST419,2024-07-21,Automotive,18230,UPI
ORD4340,CUST310,2025-12-24,Furniture,18375,UPI
ORD4341,CUST148,2025-11-23,Healthcare,2003,COD
ORD4342,CUST227,2024-07-08,Healthcare,1103,COD
ORD4343,CUST041,2024-06-29,Furniture,11626,UPI
ORD4344,CUST074,2025-07-09,Healthcare,4102,UPI
ORD4345,CUST359,2024-05-06,Automotive,4483,UPI
ORD4346,CUST097,2024-07-10,Clothing,7195,UPI
ORD4347,CUST117,2024-06-15,Food,2926,COD
ORD4348,CUST152,2025-09-07,Food,2575,UPI
ORD4349,CUST328,2024-10-19,Furniture,16976,Net Banking
ORD4350,CUST129,2024-12-19,Automotive,9889,UPI
ORD4351,CUST272,2024-01-08,Automotive,24397,COD
ORD4352,CUST129,2024-10-15,Furniture,5118,UPI
ORD4353,CUST032,2024-03-05,Food,1909,Net Banking
ORD4354,CUST463,2024-03-02,Healthcare,13380,UPI
ORD4355,CUST419,2025-03-16,Electronics,49173,Card
ORD4356,CUST392,2025-04-01,Electronics,49204,UPI
ORD4357,CUST046,2024-11-22,Healthcare,13638,UPI
ORD4358,CUST470,2025-01-05,Automotive,24317,COD
ORD4359,CUST311,2025-11-25,Electronics,42303,COD
ORD4360,CUST135,2024-11-22,Food,1966,COD
ORD4361,CUST381,2025-05-06,Clothing,5093,Card
ORD4362,CUST154,2025-05-15,Clothing,5472,COD
ORD4363,CUST382,2024-07-13,Furniture,22242,UPI
ORD4364,CUST088,2024-02-13,Automotive,13563,UPI
ORD4365,CUST210,2025-04-21,Food,1828,UPI
ORD4366,CUST473,2025-02-16,Food,2402,Card
ORD4367,CUST232,2024-06-05,Furniture,27178,UPI
ORD4368,CUST385,2025-01-29,Food,600,UPI
ORD4369,CUST448,2024-05-22,Clothing,4124,Card
ORD4370,CUST446,2025-10-09,Furniture,16088,COD
ORD4371,CUST188,2024-01-15,Food,1207,UPI
ORD4372,CUST078,2025-08-30,Furniture,10110,UPI
ORD4373,CUST049,2024-01-17,Food,2434,UPI
ORD4374,CUST077,2024-10-04,Clothing,2620,UPI
ORD4375,CUST012,2025-05-24,Food,1148,UPI
ORD4376,CUST156,2025-07-16,Clothing,2865,Card
ORD4377,CUST098,2025-05-13,Healthcare,12857,Card
ORD4378,CUST256,2025-03-19,Food,1154,Card
ORD4379,CUST250,2025-11-12,Electronics,28158,UPI
ORD4380,CUST493,2024-04-18,Electronics,26186,COD
ORD4381,CUST362,2025-05-03,Healthcare,5740,UPI
ORD4382,CUST073,2024-08-28,Healthcare,9097,Card
ORD4383,CUST412,2024-08-09,Food,2509,COD
ORD4384,CUST007,2024-11-11,Automotive,7197,UPI
ORD4385,CUST174,2025-10-07,Clothing,6603,UPI
ORD4386,CUST317,2025-03-15,Healthcare,2996,COD
ORD4387,CUST307,2024-05-12,Healthcare,5618,UPI
ORD4388,CUST175,2025-01-17,Automotive,6198,Card
ORD4389,CUST190,2025-08-01,Food,758,UPI
ORD4390,CUST010,2025-04-02,Clothing,4416,Card
ORD4391,CUST127,2024-08-02,Clothing,6638,UPI
ORD4392,CUST120,2024-11-16,Automotive,17603,UPI
ORD4393,CUST403,2024-10-14,Healthcare,6582,Card
ORD4394,CUST296,2024-12-05,Automotive,8369,UPI
ORD4395,CUST462,2024-05-10,Clothing,7402,UPI
ORD4396,CUST324,2025-08-09,Furniture,26203,UPI
ORD4397,CUST304,2025-09-16,Furniture,29650,UPI
ORD4398,CUST420,2024-09-12,Food,2807,UPI
ORD4399,CUST241,2024-01-20,Clothing,5185,UPI
ORD4400,CUST451,2024-04-07,Food,1107,COD
ORD4401,CUST320,2024-11-25,Electronics,39683,UPI
ORD4402,CUST252,2025-04-18,Healthcare,12924,Card
ORD4403,CUST137,2024-03-09,Food,2095,UPI
ORD4404,CUST399,2024-07-16,Clothing,6831,UPI
ORD4405,CUST074,2025-01-07,Electronics,36047,COD
ORD4406,CUST127,2024-08-16,Automotive,2100,UPI
ORD4407,CUST168,2024-12-30,Healthcare,8906,COD
ORD4408,CUST288,2024-05-29,Clothing,3621,UPI
ORD4409,CUST249,2024-11-17,Healthcare,9786,Net Banking
ORD4410,CUST103,2025-10-23,Furniture,22581,Card
ORD4411,CUST310,2024-05-03,Clothing,7008,COD
ORD4412,CUST032,2024-07-18,Healthcare,14088,Card
ORD4413,CUST259,2024-10-16,Furniture,28909,Card
ORD4414,CUST193,2025-03-09,Automotive,2357,UPI
ORD4415,CUST153,2024-09-24,Furniture,7720,UPI
ORD4416,CUST152,2024-01-26,Electronics,47705,COD
ORD4417,CUST330,2025-03-07,Electronics,29158,UPI
ORD4418,CUST239,2024-05-31,Food,2064,UPI
ORD4419,CUST285,2024-06-09,Healthcare,8276,Net Banking
ORD4420,CUST389,2024-11-17,Electronics,22927,UPI
ORD4421,CUST234,2024-10-09,Furniture,26143,COD
ORD4422,CUST311,2025-04-09,Clothing,2334,Net Banking
ORD4423,CUST301,2024-05-11,Clothing,1138,Card
ORD4424,CUST064,2024-02-23,Clothing,5526,COD
ORD4425,CUST245,2025-01-12,Furniture,13330,UPI
ORD4426,CUST426,2025-01-19,Healthcare,1417,UPI
ORD4427,CUST322,2025-03-20,Automotive,12613,Card
ORD4428,CUST203,2024-07-01,Clothing,6022,UPI
ORD4429,CUST429,2024-02-05,Automotive,11270,Net Banking
ORD4430,CUST166,2025-08-02,Healthcare,1645,COD
ORD4431,CUST453,2025-06-07,Electronics,13642,UPI
ORD4432,CUST255,2024-03-06,Electronics,14169,UPI
ORD4433,CUST078,2024-04-14,Healthcare,3676,COD
ORD4434,CUST482,2025-12-31,Furniture,6010,UPI
ORD4435,CUST387,2025-01-03,Clothing,3770,Card
ORD4436,CUST042,2025-02-26,Clothing,7150,UPI
ORD4437,CUST036,2025-05-19,Food,2732,COD
ORD4438,CUST032,2025-06-21,Food,2121,Card
ORD4439,CUST356,2024-06-07,Healthcare,14481,Net Banking
ORD4440,CUST046,2024-07-31,Food,1151,COD
ORD4441,CUST060,2024-09-24,Furniture,10840,UPI
ORD4442,CUST029,2025-10-22,Automotive,20274,UPI
ORD4443,CUST013,2024-02-23,Automotive,24848,COD
ORD4444,CUST116,2025-05-05,Electronics,7764,UPI
ORD4445,CUST113,2024-08-26,Furniture,7511,Net Banking
ORD4446,CUST257,2024-11-23,Clothing,4174,COD
ORD4447,CUST388,2025-10-11,Automotive,14969,Card
ORD4448,CUST010,2025-06-06,Clothing,5032,Net Banking
ORD4449,CUST013,2025-11-16,Automotive,24843,COD
ORD4450,CUST213,2025-07-17,Electronics,7629,COD
ORD4451,CUST103,2025-08-26,Electronics,18686,UPI
ORD4452,CUST118,2025-08-19,Food,529,UPI
ORD4453,CUST179,2025-12-19,Electronics,43114,UPI
ORD4454,CUST452,2025-01-11,Healthcare,14582,Card
ORD4455,CUST085,2025-02-10,Furniture,7989,Card
ORD4456,CUST275,2024-01-08,Automotive,22407,Net Banking
ORD4457,CUST145,2024-09-29,Healthcare,7132,UPI
ORD4458,CUST262,2025-02-01,Furniture,9605,Card
ORD4459,CUST387,2025-09-14,Clothing,3740,UPI
ORD4460,CUST101,2024-11-30,Clothing,4216,Net Banking
ORD4461,CUST062,2025-10-28,Clothing,4699,Card
ORD4462,CUST015,2025-04-01,Healthcare,11672,UPI
ORD4463,CUST344,2025-06-08,Food,1338,UPI
ORD4464,CUST095,2024-04-25,Electronics,30392,Net Banking
ORD4465,CUST412,2024-04-19,Automotive,8736,Card
ORD4466,CUST103,2025-08-06,Automotive,11784,UPI
ORD4467,CUST427,2025-12-07,Automotive,9023,COD
ORD4468,CUST454,2025-08-30,Clothing,3956,Net Banking
ORD4469,CUST238,2024-02-25,Automotive,22516,COD
ORD4470,CUST118,2025-08-03,Clothing,2776,UPI
ORD4471,CUST262,2024-01-25,Clothing,1101,Card
ORD4472,CUST111,2024-07-04,Clothing,2690,COD
ORD4473,CUST256,2025-02-01,Automotive,12726,Card
ORD4474,CUST235,2025-02-04,Healthcare,13351,Net Banking
ORD4475,CUST085,2025-05-18,Food,2797,UPI
ORD4476,CUST306,2024-10-19,Automotive,10143,UPI
ORD4477,CUST040,2025-09-23,Electronics,5017,UPI
ORD4478,CUST437,2024-02-01,Healthcare,1819,UPI
ORD4479,CUST439,2024-01-12,Clothing,1000,UPI
ORD4480,CUST156,2025-03-31,Food,2826,UPI
ORD4481,CUST493,2024-06-12,Electronics,8508,COD
ORD4482,CUST189,2024-08-08,Automotive,8251,UPI
ORD4483,CUST498,2025-03-09,Automotive,14216,Card
ORD4484,CUST039,2024-10-13,Food,591,COD
ORD4485,CUST153,2024-02-05,Electronics,24795,Card
ORD4486,CUST073,2024-09-26,Food,1338,UPI
ORD4487,CUST062,2025-10-13,Automotive,24342,Net Banking
ORD4488,CUST406,2024-02-01,Food,1215,Card
ORD4489,CUST008,2024-04-25,Electronics,20388,Net Banking
ORD4490,CUST234,2025-08-16,Automotive,20266,Net Banking
ORD4491,CUST140,2024-10-03,Electronics,41911,COD
ORD4492,CUST246,2024-03-05,Automotive,24668,Card
ORD4493,CUST079,2024-08-08,Electronics,31053,UPI
ORD4494,CUST348,2025-01-21,Electronics,7435,Card
ORD4495,CUST255,2025-03-18,Food,2189,UPI
ORD4496,CUST090,2024-01-14,Healthcare,1721,COD
ORD4497,CUST337,2024-03-05,Clothing,6815,UPI
ORD4498,CUST145,2025-05-05,Furniture,29278,UPI
ORD4499,CUST137,2024-01-25,Automotive,10911,COD
ORD4500,CUST494,2024-07-11,Furniture,25599,Card
ORD4501,CUST230,2024-01-02,Automotive,3445,UPI
ORD4502,CUST448,2025-07-30,Food,2789,Card
ORD4503,CUST488,2025-12-20,Food,1448,COD
ORD4504,CUST367,2024-02-18,Clothing,3982,UPI
ORD4505,CUST046,2025-09-04,Clothing,4737,COD
ORD4506,CUST421,2025-04-28,Healthcare,3685,UPI
ORD4507,CUST192,2025-11-05,Clothing,6949,Net Banking
ORD4508,CUST283,2025-07-07,Furniture,13509,COD
ORD4509,CUST377,2025-10-16,Clothing,4334,UPI
ORD4510,CUST090,2025-08-17,Food,2024,UPI
ORD4511,CUST240,2024-12-21,Clothing,2209,UPI
ORD4512,CUST417,2025-11-19,Food,2721,Net Banking
ORD4513,CUST209,2025-01-03,Food,854,Card
ORD4514,CUST309,2024-09-16,Furniture,13905,Card
ORD4515,CUST474,2025-01-02,Automotive,17288,UPI
ORD4516,CUST231,2025-07-06,Automotive,7383,UPI
ORD4517,CUST456,2024-02-13,Clothing,5148,UPI
ORD4518,CUST471,2025-10-02,Furniture,22621,UPI
ORD4519,CUST175,2025-07-07,Automotive,7224,Card
ORD4520,CUST436,2025-08-10,Furniture,29747,COD
ORD4521,CUST406,2024-07-29,Automotive,14987,Card
ORD4522,CUST042,2025-03-05,Electronics,37858,UPI
ORD4523,CUST279,2024-02-12,Healthcare,2700,COD
ORD4524,CUST295,2024-01-05,Clothing,5509,Net Banking
ORD4525,CUST341,2024-06-17,Automotive,9431,COD
ORD4526,CUST351,2025-12-27,Clothing,5007,Card
ORD4527,CUST060,2024-11-29,Automotive,14233,UPI
ORD4528,CUST281,2025-02-08,Healthcare,11762,UPI
ORD4529,CUST420,2025-02-06,Furniture,21907,Net Banking
ORD4530,CUST180,2025-02-21,Automotive,5487,UPI
ORD4531,CUST116,2025-10-17,Automotive,16865,UPI
ORD4532,CUST080,2025-12-11,Furniture,26468,Card
ORD4533,CUST001,2025-05-31,Electronics,37453,Card
ORD4534,CUST074,2024-03-14,Automotive,12045,Card
ORD4535,CUST124,2025-02-19,Clothing,7760,UPI
ORD4536,CUST108,2025-07-08,Automotive,5164,UPI
ORD4537,CUST488,2024-07-14,Electronics,6062,Card
ORD4538,CUST016,2024-10-29,Electronics,18571,COD
ORD4539,CUST096,2025-11-27,Electronics,9392,Net Banking
ORD4540,CUST130,2025-04-08,Electronics,32650,COD
ORD4541,CUST484,2025-01-01,Automotive,15205,Net Banking
ORD4542,CUST006,2025-12-15,Healthcare,5918,Card
ORD4543,CUST176,2025-02-01,Clothing,2707,UPI
ORD4544,CUST156,2025-03-14,Healthcare,10661,Card
ORD4545,CUST471,2025-05-04,Automotive,22145,Card
ORD4546,CUST304,2024-02-12,Automotive,18100,Card
ORD4547,CUST017,2025-05-26,Clothing,3879,Card
ORD4548,CUST016,2024-09-18,Automotive,17518,Card
ORD4549,CUST441,2025-01-27,Healthcare,13612,UPI
ORD4550,CUST051,2025-03-08,Automotive,21238,Card
ORD4551,CUST318,2024-12-25,Automotive,18066,UPI
ORD4552,CUST014,2025-01-24,Electronics,36945,COD
ORD4553,CUST389,2024-03-29,Food,1532,UPI
ORD4554,CUST279,2024-04-04,Electronics,21081,UPI
ORD4555,CUST371,2025-10-08,Electronics,34798,UPI
ORD4556,CUST195,2024-12-11,Furniture,22779,Card
ORD4557,CUST241,2024-02-05,Clothing,3537,UPI
ORD4558,CUST283,2025-12-21,Food,1387,UPI
ORD4559,CUST315,2025-02-24,Electronics,5674,Card
ORD4560,CUST351,2024-05-11,Healthcare,12063,UPI
ORD4561,CUST400,2024-01-29,Healthcare,8281,COD
ORD4562,CUST036,2025-05-29,Furniture,18177,COD
ORD4563,CUST141,2025-12-14,Healthcare,7359,Card
ORD4564,CUST411,2025-07-02,Automotive,3596,UPI
ORD4565,CUST130,2025-08-22,Electronics,38864,Net Banking
ORD4566,CUST252,2024-06-27,Food,1701,UPI
ORD4567,CUST438,2024-06-15,Electronics,24024,Card
ORD4568,CUST308,2024-12-05,Food,949,UPI
ORD4569,CUST352,2024-06-07,Electronics,18049,COD
ORD4570,CUST247,2025-05-12,Furniture,3186,UPI
ORD4571,CUST199,2025-10-31,Furniture,28312,Card
ORD4572,CUST193,2024-02-14,Clothing,2496,Net Banking
ORD4573,CUST115,2024-12-14,Automotive,21122,Card
ORD4574,CUST433,2025-05-20,Furniture,26390,UPI
ORD4575,CUST228,2025-12-18,Electronics,11654,COD
ORD4576,CUST085,2024-05-22,Furniture,27259,Card
ORD4577,CUST485,2025-09-11,Healthcare,1387,Card
ORD4578,CUST225,2025-05-23,Clothing,7507,UPI
ORD4579,CUST358,2025-03-16,Electronics,39417,Card
ORD4580,CUST460,2025-12-11,Clothing,6200,UPI
ORD4581,CUST279,2024-04-18,Food,2440,UPI
ORD4582,CUST018,2024-10-12,Food,2782,UPI
ORD4583,CUST360,2025-03-08,Electronics,9271,COD
ORD4584,CUST045,2024-09-26,Automotive,13719,UPI
ORD4585,CUST244,2025-02-14,Healthcare,4985,UPI
ORD4586,CUST465,2024-05-20,Electronics,6580,Card
ORD4587,CUST083,2024-03-29,Healthcare,4060,Net Banking
ORD4588,CUST341,2024-07-20,Food,2736,UPI
ORD4589,CUST192,2025-07-24,Clothing,4914,Card
ORD4590,CUST035,2025-11-03,Furniture,22074,UPI
ORD4591,CUST212,2024-04-28,Healthcare,1651,UPI
ORD4592,CUST119,2024-07-26,Furniture,12841,UPI
ORD4593,CUST069,2025-12-19,Food,545,COD
ORD4594,CUST191,2024-03-02,Healthcare,13912,UPI
ORD4595,CUST007,2024-04-25,Healthcare,11910,UPI
ORD4596,CUST137,2025-08-22,Healthcare,1145,UPI
ORD4597,CUST156,2024-05-20,Clothing,2996,COD
ORD4598,CUST441,2025-05-06,Furniture,9182,UPI
ORD4599,CUST340,2025-05-01,Food,2460,UPI
ORD4600,CUST110,2024-04-11,Furniture,15709,UPI
ORD4601,CUST284,2025-10-10,Automotive,19740,UPI
ORD4602,CUST440,2024-03-13,Furniture,24858,Card
ORD4603,CUST066,2025-06-06,Furniture,27920,Card
ORD4604,CUST035,2025-05-04,Healthcare,2189,UPI
ORD4605,CUST290,2024-06-17,Furniture,23543,UPI
ORD4606,CUST386,2025-02-27,Automotive,13852,UPI
ORD4607,CUST481,2024-08-18,Clothing,4329,UPI
ORD4608,CUST031,2025-03-18,Electronics,26003,UPI
ORD4609,CUST400,2025-02-08,Electronics,17622,Net Banking
ORD4610,CUST344,2025-01-17,Food,2342,COD
ORD4611,CUST311,2024-08-18,Automotive,6172,COD
ORD4612,CUST246,2025-09-21,Healthcare,7660,COD
ORD4613,CUST331,2025-10-12,Furniture,10908,Card
ORD4614,CUST307,2025-06-17,Clothing,5072,Net Banking
ORD4615,CUST396,2024-03-17,Food,2956,UPI
ORD4616,CUST016,2025-03-03,Electronics,41810,Card
ORD4617,CUST044,2025-12-22,Furniture,28326,Card
ORD4618,CUST329,2024-02-10,Clothing,3272,Card
ORD4619,CUST202,2024-10-14,Food,1898,Net Banking
ORD4620,CUST156,2025-07-02,Healthcare,6359,UPI
ORD4621,CUST471,2024-11-11,Food,2594,UPI
ORD4622,CUST250,2025-01-30,Automotive,21318,COD
ORD4623,CUST356,2025-07-27,Automotive,21831,UPI
ORD4624,CUST307,2025-11-07,Healthcare,3248,Card
ORD4625,CUST241,2024-12-11,Electronics,37091,COD
ORD4626,CUST500,2024-12-16,Healthcare,9470,Card
ORD4627,CUST316,2025-10-08,Electronics,21488,Card
ORD4628,CUST323,2024-10-01,Clothing,3367,UPI
ORD4629,CUST305,2025-06-09,Furniture,13258,UPI
ORD4630,CUST475,2024-11-27,Furniture,21547,COD
ORD4631,CUST098,2024-12-22,Clothing,2571,Card
ORD4632,CUST423,2024-12-09,Healthcare,12077,Card
ORD4633,CUST211,2024-10-12,Clothing,5896,UPI
ORD4634,CUST218,2025-11-16,Automotive,8171,UPI
ORD4635,CUST394,2025-09-19,Furniture,29287,COD
ORD4636,CUST395,2025-12-05,Clothing,2556,UPI
ORD4637,CUST352,2025-12-03,Clothing,6837,Card
ORD4638,CUST278,2025-07-20,Clothing,2674,UPI
ORD4639,CUST409,2025-04-18,Healthcare,9521,Card
ORD4640,CUST089,2024-04-30,Automotive,11550,COD
ORD4641,CUST327,2024-09-09,Furniture,22599,Card
ORD4642,CUST405,2025-10-10,Clothing,2499,UPI
ORD4643,CUST455,2025-10-25,Food,2035,Card
ORD4644,CUST126,2025-02-05,Food,1608,Net Banking
ORD4645,CUST478,2025-08-04,Food,2701,UPI
ORD4646,CUST175,2024-05-29,Clothing,5964,COD
ORD4647,CUST037,2024-09-15,Electronics,29678,Card
ORD4648,CUST417,2025-07-17,Food,513,COD
ORD4649,CUST035,2024-07-12,Clothing,5055,Card
ORD4650,CUST233,2025-07-17,Healthcare,14453,UPI
ORD4651,CUST142,2025-06-07,Healthcare,7889,UPI
ORD4652,CUST102,2024-09-29,Electronics,33030,UPI
ORD4653,CUST322,2025-05-16,Healthcare,2770,COD
ORD4654,CUST244,2025-03-23,Food,1782,Net Banking
ORD4655,CUST062,2024-05-23,Furniture,7027,Card
ORD4656,CUST186,2024-02-25,Electronics,9605,UPI
ORD4657,CUST143,2024-04-20,Healthcare,9769,UPI
ORD4658,CUST138,2024-05-10,Electronics,32739,Net Banking
ORD4659,CUST105,2024-02-10,Automotive,20565,Card
ORD4660,CUST031,2024-01-11,Electronics,27125,UPI
ORD4661,CUST320,2024-10-10,Clothing,4520,Card
ORD4662,CUST124,2024-08-24,Furniture,23260,UPI
ORD4663,CUST310,2025-08-07,Clothing,5527,UPI
ORD4664,CUST182,2024-08-30,Furniture,3752,Card
ORD4665,CUST284,2025-08-21,Clothing,7245,UPI
ORD4666,CUST113,2024-06-24,Food,1332,COD
ORD4667,CUST278,2025-09-23,Electronics,15511,UPI
ORD4668,CUST047,2025-08-07,Automotive,22123,UPI
ORD4669,CUST499,2024-10-03,Food,1010,UPI
ORD4670,CUST049,2024-09-09,Food,1405,Net Banking
ORD4671,CUST124,2025-04-15,Healthcare,3713,UPI
ORD4672,CUST457,2024-06-26,Furniture,12157,Card
ORD4673,CUST055,2024-01-04,Furniture,24992,UPI
ORD4674,CUST158,2025-03-21,Healthcare,10825,UPI
ORD4675,CUST435,2025-01-30,Food,1374,UPI
ORD4676,CUST119,2024-04-12,Electronics,31773,COD
ORD4677,CUST365,2025-03-30,Food,1115,COD
ORD4678,CUST379,2025-01-28,Healthcare,13299,UPI
ORD4679,CUST195,2024-01-24,Healthcare,13534,Card
ORD4680,CUST140,2024-07-29,Automotive,18106,COD
ORD4681,CUST224,2025-06-20,Clothing,3638,UPI
ORD4682,CUST011,2025-05-26,Healthcare,11086,COD
ORD4683,CUST199,2025-03-28,Healthcare,4366,UPI
ORD4684,CUST191,2024-05-27,Automotive,4534,COD
ORD4685,CUST308,2025-12-16,Automotive,14375,Net Banking
ORD4686,CUST087,2025-02-17,Furniture,10141,COD
ORD4687,CUST161,2024-12-27,Food,1622,Card
ORD4688,CUST128,2024-10-24,Furniture,15433,UPI
ORD4689,CUST308,2025-04-25,Electronics,49989,COD
ORD4690,CUST479,2025-07-30,Furniture,24150,UPI
ORD4691,CUST358,2024-03-07,Food,589,UPI
ORD4692,CUST200,2025-08-08,Clothing,3945,Net Banking
ORD4693,CUST196,2024-01-21,Food,2287,Net Banking
ORD4694,CUST371,2025-04-01,Food,866,COD
ORD4695,CUST224,2024-09-18,Clothing,2872,UPI
ORD4696,CUST138,2025-01-10,Clothing,4920,Net Banking
ORD4697,CUST081,2024-06-21,Furniture,22185,Net Banking
ORD4698,CUST331,2025-06-13,Healthcare,9698,UPI
ORD4699,CUST415,2024-07-19,Electronics,29998,UPI
ORD4700,CUST187,2024-02-19,Furniture,5948,UPI
ORD4701,CUST363,2024-06-11,Electronics,45334,UPI
ORD4702,CUST357,2025-07-20,Electronics,21409,COD
ORD4703,CUST041,2025-06-21,Clothing,4711,Card
ORD4704,CUST077,2024-10-27,Furniture,17283,Net Banking
ORD4705,CUST143,2024-07-09,Furniture,16417,COD
ORD4706,CUST160,2024-06-19,Healthcare,2094,UPI
ORD4707,CUST119,2024-04-04,Healthcare,1854,COD
ORD4708,CUST294,2025-11-01,Automotive,7765,UPI
ORD4709,CUST148,2025-07-15,Food,2233,COD
ORD4710,CUST459,2024-06-20,Furniture,3563,UPI
ORD4711,CUST414,2024-07-19,Healthcare,12674,COD
ORD4712,CUST040,2024-03-09,Electronics,22632,UPI
ORD4713,CUST419,2024-07-02,Healthcare,3033,UPI
ORD4714,CUST399,2025-04-18,Healthcare,13465,Net Banking
ORD4715,CUST189,2024-07-02,Furniture,20486,UPI
ORD4716,CUST478,2024-07-10,Furniture,28785,Card
ORD4717,CUST005,2024-11-29,Furniture,28111,UPI
ORD4718,CUST140,2025-06-09,Electronics,37827,Net Banking
ORD4719,CUST259,2024-02-28,Food,1052,UPI
ORD4720,CUST086,2024-02-19,Food,1138,UPI
ORD4721,CUST434,2024-05-15,Furniture,22954,UPI
ORD4722,CUST428,2025-01-11,Healthcare,13831,Card
ORD4723,CUST143,2025-04-18,Furniture,17907,UPI
ORD4724,CUST090,2025-12-28,Electronics,21267,UPI
ORD4725,CUST083,2025-10-17,Healthcare,13361,UPI
ORD4726,CUST022,2024-03-09,Food,1056,UPI
ORD4727,CUST001,2024-10-21,Food,2666,Card
ORD4728,CUST410,2025-05-16,Automotive,14943,COD
ORD4729,CUST282,2025-07-08,Automotive,15234,UPI
ORD4730,CUST456,2025-06-21,Food,2628,Card
ORD4731,CUST182,2025-09-12,Healthcare,12769,Card
ORD4732,CUST429,2025-02-18,Clothing,5288,UPI
ORD4733,CUST480,2025-02-21,Furniture,19487,Net Banking
ORD4734,CUST440,2025-05-26,Furniture,29372,UPI
ORD4735,CUST019,2024-07-30,Electronics,44308,Card
ORD4736,CUST189,2024-11-01,Electronics,44609,UPI
ORD4737,CUST463,2025-02-26,Food,2039,Card
ORD4738,CUST154,2025-01-17,Electronics,25614,Card
ORD4739,CUST250,2024-07-22,Electronics,19127,UPI
ORD4740,CUST223,2025-10-15,Furniture,17743,UPI
ORD4741,CUST443,2025-08-27,Automotive,6582,COD
ORD4742,CUST333,2024-11-05,Food,1501,UPI
ORD4743,CUST073,2024-01-17,Furniture,17386,Card
ORD4744,CUST130,2025-05-13,Food,2410,COD
ORD4745,CUST365,2025-04-21,Clothing,2676,Net Banking
ORD4746,CUST238,2024-05-13,Food,710,Card
ORD4747,CUST126,2024-05-29,Automotive,5318,Net Banking
ORD4748,CUST152,2025-01-18,Electronics,27973,COD
ORD4749,CUST239,2025-01-30,Automotive,16201,Card
ORD4750,CUST040,2025-09-04,Clothing,3906,Card
ORD4751,CUST421,2025-06-08,Healthcare,8816,UPI
ORD4752,CUST021,2025-05-05,Electronics,28100,COD
ORD4753,CUST170,2024-07-17,Clothing,5151,Card
ORD4754,CUST085,2024-01-12,Electronics,14564,UPI
ORD4755,CUST382,2025-12-29,Healthcare,5417,COD
ORD4756,CUST031,2024-01-26,Healthcare,4583,Card
ORD4757,CUST323,2025-06-17,Clothing,1197,UPI
ORD4758,CUST230,2025-02-17,Clothing,7541,Card
ORD4759,CUST314,2025-04-16,Clothing,6093,UPI
ORD4760,CUST168,2024-10-18,Clothing,1417,COD
ORD4761,CUST411,2025-06-13,Healthcare,3020,UPI
ORD4762,CUST453,2025-03-24,Food,2275,COD
ORD4763,CUST391,2025-06-10,Electronics,48667,Card
ORD4764,CUST400,2025-07-15,Automotive,20558,UPI
ORD4765,CUST260,2024-03-09,Furniture,15383,COD
ORD4766,CUST170,2025-11-07,Automotive,16413,Card
ORD4767,CUST375,2025-10-12,Clothing,2179,UPI
ORD4768,CUST073,2024-07-20,Electronics,45427,Card
ORD4769,CUST197,2024-10-09,Food,1402,COD
ORD4770,CUST022,2024-02-15,Clothing,1099,UPI
ORD4771,CUST489,2024-05-16,Furniture,16709,UPI
ORD4772,CUST292,2024-07-17,Food,1121,UPI
ORD4773,CUST219,2025-07-14,Healthcare,5180,UPI
ORD4774,CUST470,2024-08-03,Electronics,9340,Net Banking
ORD4775,CUST084,2024-02-08,Clothing,6957,Card
ORD4776,CUST248,2024-03-08,Furniture,18345,UPI
ORD4777,CUST469,2024-06-18,Automotive,18170,UPI
ORD4778,CUST059,2024-03-22,Automotive,17060,UPI
ORD4779,CUST416,2024-12-16,Healthcare,12926,COD
ORD4780,CUST191,2025-04-25,Clothing,5727,UPI
ORD4781,CUST286,2025-07-15,Automotive,12833,COD
ORD4782,CUST324,2025-11-11,Clothing,5314,Card
ORD4783,CUST080,2025-11-14,Automotive,21325,UPI
ORD4784,CUST267,2025-11-29,Clothing,7604,COD
ORD4785,CUST305,2024-09-08,Furniture,29703,Card
ORD4786,CUST012,2025-03-20,Food,1614,Net Banking
ORD4787,CUST169,2025-06-05,Clothing,5086,COD
ORD4788,CUST499,2025-02-18,Electronics,43777,UPI
ORD4789,CUST154,2024-09-20,Electronics,14697,UPI
ORD4790,CUST285,2024-08-16,Furniture,11150,Net Banking
ORD4791,CUST238,2024-06-05,Electronics,40534,UPI
ORD4792,CUST259,2025-01-06,Food,2137,UPI
ORD4793,CUST215,2025-08-03,Clothing,3450,UPI
ORD4794,CUST042,2024-09-05,Furniture,23416,UPI
ORD4795,CUST247,2025-11-09,Electronics,25575,Net Banking
ORD4796,CUST475,2024-02-28,Food,2162,UPI
ORD4797,CUST418,2025-03-18,Furniture,16573,Card
ORD4798,CUST243,2024-02-01,Clothing,4034,Card
ORD4799,CUST061,2024-11-11,Furniture,18942,UPI
ORD4800,CUST451,2025-05-18,Food,2910,UPI
ORD4801,CUST110,2025-02-19,Food,1463,Net Banking
ORD4802,CUST147,2024-09-06,Healthcare,14181,UPI
ORD4803,CUST085,2024-12-10,Furniture,22594,Net Banking
ORD4804,CUST168,2025-08-30,Food,839,COD
ORD4805,CUST052,2024-03-25,Electronics,5556,UPI
ORD4806,CUST077,2025-07-07,Food,2517,Card
ORD4807,CUST460,2024-04-04,Automotive,23232,Card
ORD4808,CUST078,2024-02-22,Electronics,35881,UPI
ORD4809,CUST091,2024-02-03,Furniture,12549,COD
ORD4810,CUST432,2025-01-10,Automotive,24467,COD
ORD4811,CUST471,2025-12-17,Clothing,6456,UPI
ORD4812,CUST293,2024-03-30,Electronics,15827,Card
ORD4813,CUST458,2024-11-13,Clothing,1818,COD
ORD4814,CUST020,2025-08-19,Electronics,7589,COD
ORD4815,CUST315,2024-01-01,Furniture,28871,Card
ORD4816,CUST088,2025-02-04,Food,940,Card
ORD4817,CUST137,2025-08-30,Clothing,6041,UPI
ORD4818,CUST429,2025-06-22,Electronics,45156,COD
ORD4819,CUST146,2024-05-21,Electronics,35299,UPI
ORD4820,CUST311,2024-09-23,Furniture,24085,Card
ORD4821,CUST398,2025-12-17,Healthcare,2574,UPI
ORD4822,CUST255,2025-09-13,Furniture,25578,UPI
ORD4823,CUST146,2024-02-02,Food,1887,UPI
ORD4824,CUST341,2024-06-15,Automotive,17488,COD
ORD4825,CUST415,2025-04-08,Clothing,5168,UPI
ORD4826,CUST157,2024-10-27,Automotive,15143,Card
ORD4827,CUST215,2024-08-28,Clothing,6457,UPI
ORD4828,CUST168,2024-08-03,Furniture,18115,UPI
ORD4829,CUST077,2025-12-21,Furniture,4205,UPI
ORD4830,CUST041,2024-03-01,Healthcare,2928,Card
ORD4831,CUST076,2024-04-20,Food,1016,UPI
ORD4832,CUST077,2024-03-16,Clothing,7310,UPI
ORD4833,CUST171,2025-12-05,Clothing,5745,UPI
ORD4834,CUST123,2025-05-08,Food,2178,UPI
ORD4835,CUST063,2025-10-21,Automotive,24008,COD
ORD4836,CUST283,2025-08-24,Clothing,6809,COD
ORD4837,CUST108,2025-04-29,Automotive,3108,UPI
ORD4838,CUST187,2024-06-09,Food,1284,Card
ORD4839,CUST177,2024-03-08,Electronics,7056,COD
ORD4840,CUST431,2024-09-15,Food,1264,UPI
ORD4841,CUST417,2025-05-24,Food,2128,COD
ORD4842,CUST402,2025-12-27,Clothing,4683,COD
ORD4843,CUST069,2024-11-30,Automotive,15839,UPI
ORD4844,CUST338,2024-11-18,Healthcare,12466,UPI
ORD4845,CUST095,2024-01-08,Furniture,11211,COD
ORD4846,CUST213,2024-04-05,Food,1870,Card
ORD4847,CUST076,2024-02-13,Furniture,10865,UPI
ORD4848,CUST263,2025-09-10,Food,1638,UPI
ORD4849,CUST465,2024-07-26,Automotive,7915,UPI
ORD4850,CUST214,2024-02-09,Electronics,46388,Card
ORD4851,CUST185,2025-12-29,Clothing,7555,Net Banking
ORD4852,CUST315,2025-01-16,Clothing,1022,COD
ORD4853,CUST054,2025-05-09,Healthcare,4304,UPI
ORD4854,CUST109,2024-05-31,Clothing,6573,Card
ORD4855,CUST338,2025-06-01,Clothing,5348,Card
ORD4856,CUST201,2025-06-25,Healthcare,11034,UPI
ORD4857,CUST475,2025-09-18,Furniture,17252,UPI
ORD4858,CUST395,2024-02-10,Food,2920,COD
ORD4859,CUST281,2024-10-24,Healthcare,13382,COD
ORD4860,CUST234,2024-02-15,Clothing,3724,Card
ORD4861,CUST010,2025-02-21,Healthcare,11273,Card
ORD4862,CUST495,2024-03-05,Food,2209,UPI
ORD4863,CUST476,2025-04-19,Healthcare,10369,Card
ORD4864,CUST119,2024-11-18,Healthcare,4651,Card
ORD4865,CUST231,2024-09-28,Clothing,6341,Card
ORD4866,CUST437,2024-02-09,Furniture,24903,COD
ORD4867,CUST464,2025-08-16,Clothing,4234,Card
ORD4868,CUST136,2024-01-05,Healthcare,4755,UPI
ORD4869,CUST021,2024-08-15,Food,1478,Net Banking
ORD4870,CUST204,2024-01-03,Food,695,UPI
ORD4871,CUST491,2024-03-18,Clothing,5384,UPI
ORD4872,CUST417,2025-07-13,Food,566,UPI
ORD4873,CUST257,2025-10-17,Clothing,7298,UPI
ORD4874,CUST308,2025-11-10,Electronics,37547,Net Banking
ORD4875,CUST298,2024-08-06,Healthcare,11834,Card
ORD4876,CUST283,2024-10-21,Electronics,20390,Net Banking
ORD4877,CUST474,2025-02-02,Healthcare,12890,Card
ORD4878,CUST169,2024-06-30,Healthcare,11749,UPI
ORD4879,CUST103,2024-01-15,Automotive,16073,COD
ORD4880,CUST041,2024-12-02,Automotive,10047,UPI
ORD4881,CUST485,2025-05-06,Electronics,11518,UPI
ORD4882,CUST067,2024-09-21,Furniture,24543,Card
ORD4883,CUST150,2025-11-18,Clothing,4404,UPI
ORD4884,CUST083,2025-03-12,Furniture,26893,UPI
ORD4885,CUST084,2025-01-05,Electronics,23925,Card
ORD4886,CUST159,2025-07-09,Automotive,19979,Card
ORD4887,CUST328,2024-03-11,Electronics,15195,UPI
ORD4888,CUST448,2024-05-04,Electronics,20699,COD
ORD4889,CUST034,2024-10-03,Furniture,6714,Card
ORD4890,CUST392,2025-04-07,Clothing,1994,COD
ORD4891,CUST257,2025-07-01,Food,2592,UPI
ORD4892,CUST063,2025-05-07,Automotive,22131,Card
ORD4893,CUST143,2024-03-26,Clothing,7463,COD
ORD4894,CUST048,2024-12-27,Furniture,15710,Card
ORD4895,CUST413,2024-07-12,Healthcare,5100,Net Banking
ORD4896,CUST372,2024-01-19,Healthcare,14178,UPI
ORD4897,CUST497,2024-03-29,Electronics,15635,UPI
ORD4898,CUST075,2024-12-16,Furniture,20107,Card
ORD4899,CUST418,2025-12-07,Healthcare,4181,UPI
ORD4900,CUST246,2025-10-08,Clothing,1244,COD
ORD4901,CUST175,2025-02-02,Food,924,UPI
ORD4902,CUST414,2025-06-08,Food,1369,COD
ORD4903,CUST086,2024-07-13,Healthcare,11444,COD
ORD4904,CUST248,2025-08-23,Automotive,24850,UPI
ORD4905,CUST035,2024-08-20,Automotive,18199,UPI
ORD4906,CUST286,2025-04-13,Food,1819,COD
ORD4907,CUST329,2025-01-12,Furniture,4375,COD
ORD4908,CUST019,2025-04-08,Furniture,3121,UPI
ORD4909,CUST293,2024-12-29,Electronics,48553,UPI
ORD4910,CUST479,2025-01-16,Automotive,13099,Card
ORD4911,CUST213,2024-01-08,Clothing,4796,Card
ORD4912,CUST044,2024-05-17,Electronics,43970,UPI
ORD4913,CUST267,2025-07-28,Electronics,43855,Net Banking
ORD4914,CUST070,2025-04-29,Food,2767,UPI
ORD4915,CUST283,2024-12-14,Electronics,45956,UPI
ORD4916,CUST416,2024-02-03,Automotive,12389,UPI
ORD4917,CUST126,2024-11-15,Healthcare,14470,UPI
ORD4918,CUST218,2024-10-27,Electronics,11984,UPI
ORD4919,CUST029,2024-11-03,Automotive,6486,Card
ORD4920,CUST357,2024-09-21,Food,1126,UPI
ORD4921,CUST144,2024-12-14,Food,804,UPI
ORD4922,CUST500,2025-06-27,Clothing,1615,UPI
ORD4923,CUST256,2024-11-11,Automotive,11824,COD
ORD4924,CUST209,2024-01-24,Electronics,23687,UPI
ORD4925,CUST168,2024-07-08,Automotive,5049,UPI
ORD4926,CUST446,2024-05-20,Healthcare,10878,Card
ORD4927,CUST307,2024-04-12,Clothing,1928,COD
ORD4928,CUST049,2024-09-27,Clothing,3607,UPI
ORD4929,CUST455,2024-05-06,Furniture,21887,Card
ORD4930,CUST109,2025-08-19,Electronics,20172,Net Banking
ORD4931,CUST026,2024-10-10,Clothing,7893,Card
ORD4932,CUST390,2025-07-17,Healthcare,2305,UPI
ORD4933,CUST416,2025-12-30,Healthcare,10459,Card
ORD4934,CUST446,2025-12-08,Healthcare,5869,UPI
ORD4935,CUST465,2025-07-19,Automotive,11749,Card
ORD4936,CUST052,2025-02-17,Electronics,25440,Net Banking
ORD4937,CUST471,2025-03-06,Electronics,48115,UPI
ORD4938,CUST171,2024-10-02,Automotive,3705,COD
ORD4939,CUST071,2024-03-11,Electronics,43555,UPI
ORD4940,CUST003,2024-04-19,Food,674,COD
ORD4941,CUST241,2025-01-04,Food,2719,Card
ORD4942,CUST055,2024-09-27,Furniture,22361,UPI
ORD4943,CUST482,2025-07-28,Furniture,5687,UPI
ORD4944,CUST172,2024-06-21,Furniture,24249,COD
ORD4945,CUST471,2025-08-05,Automotive,5403,UPI
ORD4946,CUST323,2024-01-18,Food,1394,UPI
ORD4947,CUST374,2025-12-26,Furniture,8549,UPI
ORD4948,CUST378,2025-11-29,Healthcare,4909,Card
ORD4949,CUST209,2024-01-06,Automotive,19136,Card
ORD4950,CUST449,2024-10-06,Healthcare,14019,UPI
ORD4951,CUST374,2024-07-11,Food,2742,UPI
ORD4952,CUST122,2024-03-01,Food,1364,UPI
ORD4953,CUST314,2025-11-13,Food,1288,UPI
ORD4954,CUST423,2025-06-24,Clothing,3820,UPI
ORD4955,CUST070,2025-02-18,Healthcare,7742,Net Banking
ORD4956,CUST467,2025-08-15,Clothing,3206,UPI
ORD4957,CUST128,2025-09-23,Electronics,32539,UPI
ORD4958,CUST131,2025-10-25,Healthcare,9153,UPI
ORD4959,CUST001,2024-04-27,Food,2919,COD
ORD4960,CUST098,2024-09-16,Automotive,6200,COD
ORD4961,CUST296,2024-07-07,Automotive,21012,COD
ORD4962,CUST062,2025-11-18,Furniture,7340,UPI
ORD4963,CUST365,2024-02-11,Furniture,11191,UPI
ORD4964,CUST382,2024-02-17,Automotive,4365,UPI
ORD4965,CUST351,2025-02-08,Furniture,10147,UPI
ORD4966,CUST142,2024-04-25,Healthcare,1046,Card
ORD4967,CUST334,2024-08-03,Automotive,5629,Net Banking
ORD4968,CUST425,2025-12-13,Electronics,32089,COD
ORD4969,CUST055,2024-12-15,Furniture,17649,COD
ORD4970,CUST074,2024-05-30,Automotive,23232,UPI
ORD4971,CUST403,2024-05-06,Clothing,3663,Card
ORD4972,CUST211,2025-01-22,Automotive,19002,UPI
ORD4973,CUST349,2024-10-08,Food,1325,UPI
ORD4974,CUST440,2025-10-12,Furniture,9775,Net Banking
ORD4975,CUST200,2024-12-27,Furniture,24818,UPI
ORD4976,CUST440,2025-11-09,Furniture,19053,UPI
ORD4977,CUST251,2024-10-07,Food,700,UPI
ORD4978,CUST130,2024-01-04,Food,2398,Card
ORD4979,CUST082,2024-03-03,Electronics,35064,Net Banking
ORD4980,CUST269,2024-10-23,Furniture,16546,UPI
ORD4981,CUST057,2024-10-21,Furniture,12287,COD
ORD4982,CUST144,2024-06-30,Food,556,UPI
ORD4983,CUST243,2025-06-26,Electronics,43435,UPI
ORD4984,CUST233,2024-12-22,Clothing,6277,Net Banking
ORD4985,CUST115,2025-04-05,Furniture,25558,Card
ORD4986,CUST443,2024-10-09,Food,2099,COD
ORD4987,CUST139,2024-06-13,Food,1403,UPI
ORD4988,CUST225,2024-05-16,Electronics,20363,Card
ORD4989,CUST331,2025-05-12,Food,1396,Card
ORD4990,CUST486,2025-07-18,Healthcare,11516,COD
ORD4991,CUST479,2024-05-28,Electronics,22542,UPI
ORD4992,CUST370,2025-01-14,Healthcare,5174,Net Banking
ORD4993,CUST354,2024-04-11,Clothing,6392,Card
ORD4994,CUST265,2024-11-13,Automotive,15228,UPI
ORD4995,CUST011,2024-03-05,Healthcare,2755,Card
ORD4996,CUST124,2024-10-16,Clothing,7633,UPI
ORD4997,CUST126,2025-11-15,Healthcare,11053,Card
ORD4998,CUST295,2025-06-26,Furniture,23562,COD
ORD4999,CUST255,2025-06-25,Electronics,14771,Card
ORD5000,CUST491,2024-01-21,Clothing,7295,Card
