shipment_id,order_id,warehouse_id,vehicle_id,driver_id,route_id,dispatch_date,expected_delivery_date,actual_delivery_date,shipment_weight,shipping_cost,status,delivery_type
SHP0001,ORD0001,WH001,VEH001,DRV050,RT001,2024-02-01,2024-02-02,2024-02-01,169.1,1091.23,Delivered,Inter-City
SHP0002,ORD0002,WH010,VEH003,DRV006,RT007,2025-05-07,2025-05-14,2025-05-14,102.77,688.75,In Transit,Inter-City
SHP0003,ORD0003,WH009,VEH012,DRV004,RT020,2024-01-27,2024-02-02,2024-02-04,988.46,3832.32,Delayed,Inter-City
SHP0004,ORD0004,WH002,VEH017,DRV042,RT010,2024-10-26,2024-10-29,2024-10-29,89.62,616.28,Delivered,Inter-City
SHP0005,ORD0005,WH010,VEH019,DRV035,RT016,2024-10-21,2024-10-25,2024-10-23,910.7,2239.98,Delivered,Inter-City
SHP0006,ORD0006,WH003,VEH010,DRV033,RT020,2024-02-13,2024-02-16,2024-02-15,471.53,2377.86,Delivered,Inter-City
SHP0007,ORD0007,WH008,VEH001,DRV003,RT020,2024-02-20,2024-02-21,2024-02-19,264.98,920.45,Delivered,Local
SHP0008,ORD0008,WH006,VEH011,DRV006,RT012,2025-06-12,2025-06-15,2025-06-15,532.39,2359.07,In Transit,Local
SHP0009,ORD0009,WH010,VEH004,DRV016,RT014,2024-06-01,2024-06-08,2024-06-07,514.12,4084.17,Delivered,Inter-City
SHP0010,ORD0010,WH006,VEH002,DRV024,RT010,2024-06-23,2024-06-30,2024-07-05,378.45,851.98,Delayed,Inter-City
SHP0011,ORD0011,WH001,VEH016,DRV004,RT014,2024-07-31,2024-08-02,2024-08-02,413.13,2948.16,Returned,Local
SHP0012,ORD0012,WH009,VEH015,DRV040,RT012,2024-01-18,2024-01-25,2024-01-30,779.72,6018.37,Delayed,Inter-City
SHP0013,ORD0013,WH009,VEH006,DRV009,RT003,2024-03-03,2024-03-06,2024-03-06,928.5,6677.32,Delivered,Local
SHP0014,ORD0014,WH005,VEH017,DRV008,RT018,2025-06-25,2025-07-01,2025-07-01,265.3,1697.84,Delivered,Inter-City
SHP0015,ORD0015,WH003,VEH018,DRV031,RT016,2024-09-11,2024-09-16,2024-09-16,197.89,1248.51,In Transit,Inter-City
SHP0016,ORD0016,WH004,VEH017,DRV042,RT003,2025-02-13,2025-02-16,2025-02-16,159.09,380.73,Delivered,Inter-City
SHP0017,ORD0017,WH007,VEH020,DRV044,RT010,2024-06-23,2024-06-28,2024-07-03,646.96,3882.97,Delayed,Inter-City
SHP0018,ORD0018,WH005,VEH014,DRV020,RT006,2024-01-22,2024-01-24,2024-01-23,757.7,2108.73,Delivered,Local
SHP0019,ORD0019,WH009,VEH014,DRV014,RT004,2024-11-13,2024-11-20,2024-11-19,86.76,628.2,Delivered,Inter-City
SHP0020,ORD0020,WH007,VEH010,DRV041,RT013,2024-06-09,2024-06-12,2024-06-12,946.41,4014.66,In Transit,Inter-City
SHP0021,ORD0021,WH005,VEH002,DRV012,RT013,2024-08-22,2024-08-28,2024-08-26,372.2,1958.08,Delivered,Inter-City
SHP0022,ORD0022,WH003,VEH010,DRV013,RT001,2025-11-15,2025-11-16,2025-11-15,380.38,1699.21,Delivered,Inter-City
SHP0023,ORD0023,WH005,VEH010,DRV033,RT019,2025-06-27,2025-07-02,2025-07-02,773.18,4936.51,Delivered,Inter-City
SHP0024,ORD0024,WH006,VEH008,DRV036,RT017,2025-06-15,2025-06-17,2025-06-16,334.89,2623.82,Delivered,Inter-City
SHP0025,ORD0025,WH008,VEH020,DRV045,RT002,2025-11-20,2025-11-26,2025-11-25,42.35,259.22,Delivered,Inter-City
SHP0026,ORD0026,WH001,VEH010,DRV016,RT007,2024-08-09,2024-08-11,2024-08-10,198.36,1023.0,Delivered,Inter-City
SHP0027,ORD0027,WH010,VEH011,DRV046,RT004,2025-02-08,2025-02-14,2025-02-14,807.67,5520.98,Delivered,Inter-City
SHP0028,ORD0028,WH002,VEH004,DRV046,RT020,2025-04-10,2025-04-15,2025-04-14,722.65,4859.27,Delivered,Inter-City
SHP0029,ORD0029,WH009,VEH002,DRV039,RT007,2024-09-03,2024-09-08,2024-09-09,632.72,2017.07,Delayed,Inter-City
SHP0030,ORD0030,WH004,VEH005,DRV026,RT011,2024-08-19,2024-08-20,2024-08-19,855.54,5424.26,Delivered,Inter-City
SHP0031,ORD0031,WH002,VEH020,DRV049,RT017,2025-05-23,2025-05-30,2025-05-29,991.46,2549.88,Delivered,Inter-City
SHP0032,ORD0032,WH009,VEH014,DRV050,RT018,2025-06-21,2025-06-22,2025-06-23,911.95,2965.86,Delayed,Local
SHP0033,ORD0033,WH001,VEH001,DRV038,RT004,2024-12-08,2024-12-15,2024-12-14,116.45,322.27,Delivered,Inter-City
SHP0034,ORD0034,WH010,VEH017,DRV001,RT008,2025-12-05,2025-12-09,2025-12-12,474.91,2952.53,Delayed,Local
SHP0035,ORD0035,WH005,VEH010,DRV039,RT004,2025-03-01,2025-03-02,2025-02-28,681.72,2965.87,Delivered,Local
SHP0036,ORD0036,WH010,VEH012,DRV009,RT002,2024-03-19,2024-03-22,2024-03-20,75.56,206.96,Delivered,Inter-City
SHP0037,ORD0037,WH009,VEH019,DRV019,RT004,2025-07-06,2025-07-09,2025-07-11,235.19,1218.13,Delayed,Inter-City
SHP0038,ORD0038,WH006,VEH001,DRV038,RT005,2025-02-21,2025-02-23,2025-02-23,815.87,2403.61,Delivered,Inter-City
SHP0039,ORD0039,WH004,VEH020,DRV039,RT017,2024-05-31,2024-06-01,2024-06-01,454.04,1821.22,Delivered,Inter-City
SHP0040,ORD0040,WH007,VEH003,DRV006,RT009,2024-02-07,2024-02-13,2024-02-11,857.99,3229.21,Delivered,Local
SHP0041,ORD0041,WH009,VEH018,DRV027,RT002,2025-01-10,2025-01-16,2025-01-16,779.13,3135.96,Delivered,Inter-City
SHP0042,ORD0042,WH008,VEH013,DRV028,RT014,2024-02-17,2024-02-22,2024-02-20,100.51,651.11,Delivered,Local
SHP0043,ORD0043,WH007,VEH001,DRV003,RT007,2024-02-26,2024-03-02,2024-03-02,364.52,1599.14,Delivered,Local
SHP0044,ORD0044,WH010,VEH003,DRV049,RT001,2025-01-30,2025-02-01,2025-01-30,458.35,1797.77,Delivered,Inter-City
SHP0045,ORD0045,WH004,VEH004,DRV012,RT007,2024-09-17,2024-09-20,2024-09-19,56.79,260.03,Delivered,Local
SHP0046,ORD0046,WH009,VEH006,DRV028,RT019,2024-04-21,2024-04-25,2024-04-23,848.19,3856.59,Delivered,Inter-City
SHP0047,ORD0047,WH009,VEH005,DRV040,RT007,2025-06-21,2025-06-28,2025-06-27,293.95,2286.57,Delivered,Inter-City
SHP0048,ORD0048,WH002,VEH008,DRV020,RT018,2024-01-06,2024-01-13,2024-01-11,985.22,6582.71,Delivered,Local
SHP0049,ORD0049,WH006,VEH010,DRV016,RT016,2025-11-14,2025-11-19,2025-11-17,894.26,2520.89,Delivered,Inter-City
SHP0050,ORD0050,WH001,VEH007,DRV015,RT012,2025-09-21,2025-09-27,2025-09-27,58.13,348.91,Delivered,Inter-City
SHP0051,ORD0051,WH008,VEH001,DRV039,RT002,2025-06-03,2025-06-06,2025-06-04,582.94,1392.67,Delivered,Inter-City
SHP0052,ORD0052,WH005,VEH010,DRV037,RT006,2024-01-17,2024-01-23,2024-01-22,991.93,5453.03,Delivered,Inter-City
SHP0053,ORD0053,WH003,VEH013,DRV049,RT020,2025-12-24,2025-12-29,2025-12-27,942.88,4265.99,Delivered,Local
SHP0054,ORD0054,WH010,VEH019,DRV025,RT010,2025-07-19,2025-07-25,2025-07-23,760.7,4926.38,Delivered,Inter-City
SHP0055,ORD0055,WH008,VEH003,DRV034,RT010,2024-05-28,2024-06-02,2024-06-02,784.61,4296.27,Returned,Inter-City
SHP0056,ORD0056,WH010,VEH008,DRV010,RT011,2025-08-01,2025-08-02,2025-08-01,26.17,130.92,Delivered,Local
SHP0057,ORD0057,WH005,VEH019,DRV040,RT007,2024-06-28,2024-06-30,2024-07-01,189.03,1263.1,Delayed,Inter-City
SHP0058,ORD0058,WH004,VEH010,DRV050,RT005,2025-03-16,2025-03-20,2025-03-18,562.05,4285.73,Delivered,Inter-City
SHP0059,ORD0059,WH007,VEH020,DRV045,RT001,2025-07-25,2025-07-29,2025-07-29,401.0,1085.23,Delivered,Inter-City
SHP0060,ORD0060,WH007,VEH001,DRV042,RT015,2024-06-27,2024-07-03,2024-07-03,312.95,2396.63,Delivered,Inter-City
SHP0061,ORD0061,WH004,VEH017,DRV039,RT008,2024-11-29,2024-12-05,2024-12-10,908.32,5360.12,Delayed,Local
SHP0062,ORD0062,WH009,VEH005,DRV043,RT018,2024-01-18,2024-01-25,2024-01-24,828.87,6119.97,Delivered,Inter-City
SHP0063,ORD0063,WH007,VEH004,DRV010,RT019,2025-09-16,2025-09-20,2025-09-20,344.63,1824.99,Returned,Local
SHP0064,ORD0064,WH003,VEH013,DRV038,RT012,2025-07-11,2025-07-17,2025-07-17,436.97,1571.45,Delivered,Local
SHP0065,ORD0065,WH009,VEH013,DRV037,RT013,2024-12-18,2024-12-22,2024-12-20,77.44,540.17,Delivered,Local
SHP0066,ORD0066,WH001,VEH018,DRV031,RT014,2024-04-10,2024-04-16,2024-04-14,882.88,5826.08,Delivered,Inter-City
SHP0067,ORD0067,WH009,VEH011,DRV037,RT011,2024-05-03,2024-05-06,2024-05-06,844.09,5624.43,In Transit,Local
SHP0068,ORD0068,WH007,VEH018,DRV010,RT008,2025-08-24,2025-08-31,2025-08-30,850.51,3088.55,Delivered,Inter-City
SHP0069,ORD0069,WH001,VEH001,DRV011,RT016,2024-08-17,2024-08-18,2024-08-18,669.38,3402.72,Delivered,Inter-City
SHP0070,ORD0070,WH010,VEH013,DRV025,RT003,2024-02-26,2024-02-27,2024-02-26,506.38,1240.8,Delivered,Inter-City
SHP0071,ORD0071,WH004,VEH020,DRV022,RT001,2024-02-19,2024-02-20,2024-02-19,530.17,3007.34,Delivered,Local
SHP0072,ORD0072,WH005,VEH003,DRV019,RT020,2024-03-15,2024-03-22,2024-03-20,324.79,1532.63,Delivered,Inter-City
SHP0073,ORD0073,WH003,VEH017,DRV013,RT019,2025-03-29,2025-04-04,2025-04-03,628.84,1447.46,Delivered,Inter-City
SHP0074,ORD0074,WH006,VEH008,DRV041,RT009,2024-10-03,2024-10-04,2024-10-03,443.45,2480.22,Delivered,Inter-City
SHP0075,ORD0075,WH007,VEH006,DRV004,RT015,2024-05-23,2024-05-29,2024-05-29,406.2,2915.74,Returned,Local
SHP0076,ORD0076,WH003,VEH020,DRV009,RT012,2024-01-20,2024-01-25,2024-01-25,747.13,3700.21,Delivered,Inter-City
SHP0077,ORD0077,WH008,VEH013,DRV004,RT006,2025-08-01,2025-08-07,2025-08-05,71.46,476.38,Delivered,Local
SHP0078,ORD0078,WH001,VEH013,DRV034,RT018,2024-09-26,2024-09-27,2024-09-27,970.45,3096.35,In Transit,Local
SHP0079,ORD0079,WH008,VEH008,DRV006,RT005,2024-11-17,2024-11-20,2024-11-22,206.61,1548.52,Delayed,Local
SHP0080,ORD0080,WH007,VEH004,DRV030,RT018,2024-03-22,2024-03-26,2024-03-26,208.89,1666.25,Delivered,Inter-City
SHP0081,ORD0081,WH003,VEH004,DRV006,RT020,2024-06-16,2024-06-17,2024-06-16,117.06,761.13,Delivered,Inter-City
SHP0082,ORD0082,WH004,VEH017,DRV043,RT011,2024-05-15,2024-05-19,2024-05-18,548.38,4309.5,Delivered,Inter-City
SHP0083,ORD0083,WH007,VEH004,DRV013,RT007,2025-04-03,2025-04-04,2025-04-02,547.46,2103.66,Delivered,Inter-City
SHP0084,ORD0084,WH010,VEH002,DRV047,RT006,2025-08-15,2025-08-18,2025-08-18,145.15,634.82,Delivered,Inter-City
SHP0085,ORD0085,WH009,VEH002,DRV007,RT014,2024-10-09,2024-10-12,2024-10-12,240.32,776.08,Delivered,Local
SHP0086,ORD0086,WH005,VEH004,DRV026,RT016,2025-07-01,2025-07-02,2025-07-02,905.52,5836.53,Delivered,Inter-City
SHP0087,ORD0087,WH008,VEH017,DRV011,RT006,2024-03-17,2024-03-18,2024-03-18,640.87,4658.54,Delivered,Local
SHP0088,ORD0088,WH010,VEH018,DRV012,RT004,2025-10-05,2025-10-07,2025-10-06,521.83,4092.23,Delivered,Inter-City
SHP0089,ORD0089,WH003,VEH019,DRV035,RT011,2025-05-18,2025-05-25,2025-05-23,688.35,3185.4,Delivered,Local
SHP0090,ORD0090,WH007,VEH008,DRV035,RT008,2024-04-27,2024-05-04,2024-05-02,181.33,1104.15,Delivered,Inter-City
SHP0091,ORD0091,WH006,VEH014,DRV002,RT011,2024-08-22,2024-08-27,2024-08-31,959.97,2051.95,Delayed,Inter-City
SHP0092,ORD0092,WH010,VEH018,DRV047,RT014,2025-02-16,2025-02-22,2025-02-22,456.31,2829.43,Delivered,Inter-City
SHP0093,ORD0093,WH007,VEH016,DRV016,RT013,2025-06-14,2025-06-21,2025-06-21,860.8,1801.46,Delivered,Inter-City
SHP0094,ORD0094,WH001,VEH013,DRV035,RT005,2024-03-27,2024-04-02,2024-04-02,184.55,1065.79,Delivered,Local
SHP0095,ORD0095,WH006,VEH006,DRV006,RT013,2025-11-26,2025-12-03,2025-12-01,369.21,2460.31,Delivered,Inter-City
SHP0096,ORD0096,WH009,VEH015,DRV007,RT009,2025-02-18,2025-02-23,2025-02-25,733.83,3769.7,Delayed,Inter-City
SHP0097,ORD0097,WH003,VEH003,DRV037,RT005,2024-12-01,2024-12-06,2024-12-10,969.07,6327.81,Delayed,Inter-City
SHP0098,ORD0098,WH001,VEH018,DRV038,RT018,2025-11-29,2025-12-02,2025-12-02,432.81,2447.01,Delivered,Inter-City
SHP0099,ORD0099,WH005,VEH018,DRV002,RT006,2024-05-09,2024-05-10,2024-05-09,799.39,6162.02,Delivered,Inter-City
SHP0100,ORD0100,WH004,VEH018,DRV028,RT020,2025-12-09,2025-12-12,2025-12-12,509.82,1912.44,Returned,Inter-City
SHP0101,ORD0101,WH003,VEH010,DRV039,RT011,2025-09-16,2025-09-21,2025-09-19,631.37,3714.74,Delivered,Inter-City
SHP0102,ORD0102,WH005,VEH012,DRV029,RT018,2025-06-03,2025-06-07,2025-06-07,696.8,3239.03,Delivered,Inter-City
SHP0103,ORD0103,WH006,VEH006,DRV016,RT018,2025-02-15,2025-02-19,2025-02-19,393.54,1249.86,In Transit,Inter-City
SHP0104,ORD0104,WH003,VEH001,DRV040,RT015,2024-10-08,2024-10-12,2024-10-12,963.71,2294.48,Delivered,Inter-City
SHP0105,ORD0105,WH008,VEH016,DRV040,RT018,2025-05-19,2025-05-23,2025-05-21,154.17,885.22,Delivered,Inter-City
SHP0106,ORD0106,WH007,VEH017,DRV032,RT005,2024-05-12,2024-05-15,2024-05-13,578.92,2873.44,Delivered,Inter-City
SHP0107,ORD0107,WH001,VEH018,DRV021,RT017,2024-01-01,2024-01-05,2024-01-05,645.33,3932.66,In Transit,Local
SHP0108,ORD0108,WH004,VEH012,DRV004,RT009,2024-01-31,2024-02-06,2024-02-09,756.79,3285.17,Delayed,Inter-City
SHP0109,ORD0109,WH010,VEH011,DRV044,RT015,2025-08-05,2025-08-06,2025-08-06,674.65,2029.02,Delivered,Local
SHP0110,ORD0110,WH009,VEH006,DRV050,RT011,2025-01-18,2025-01-21,2025-01-20,186.64,959.61,Delivered,Inter-City
SHP0111,ORD0111,WH008,VEH019,DRV026,RT007,2024-05-23,2024-05-26,2024-05-24,297.69,1735.48,Delivered,Inter-City
SHP0112,ORD0112,WH003,VEH018,DRV048,RT019,2024-10-02,2024-10-09,2024-10-08,831.16,2770.41,Delivered,Inter-City
SHP0113,ORD0113,WH004,VEH018,DRV037,RT004,2024-12-14,2024-12-18,2024-12-18,264.42,1614.76,Delivered,Inter-City
SHP0114,ORD0114,WH006,VEH006,DRV035,RT011,2025-05-09,2025-05-11,2025-05-10,392.13,3063.23,Delivered,Local
SHP0115,ORD0115,WH003,VEH013,DRV038,RT008,2025-12-12,2025-12-14,2025-12-17,532.09,3559.73,Delayed,Local
SHP0116,ORD0116,WH006,VEH004,DRV015,RT017,2024-04-18,2024-04-23,2024-04-21,394.26,1653.85,Delivered,Inter-City
SHP0117,ORD0117,WH008,VEH017,DRV017,RT013,2025-07-26,2025-07-29,2025-07-29,611.83,3998.88,Delivered,Local
SHP0118,ORD0118,WH005,VEH009,DRV015,RT001,2024-07-17,2024-07-20,2024-07-18,625.06,4542.0,Delivered,Inter-City
SHP0119,ORD0119,WH009,VEH019,DRV005,RT004,2025-05-07,2025-05-12,2025-05-11,168.99,539.9,Delivered,Inter-City
SHP0120,ORD0120,WH006,VEH019,DRV016,RT009,2024-02-08,2024-02-09,2024-02-09,839.37,2737.28,Returned,Local
SHP0121,ORD0121,WH005,VEH003,DRV021,RT010,2025-04-09,2025-04-10,2025-04-09,828.46,2662.49,Delivered,Inter-City
SHP0122,ORD0122,WH004,VEH006,DRV024,RT020,2024-08-07,2024-08-14,2024-08-14,422.39,2689.38,Returned,Inter-City
SHP0123,ORD0123,WH009,VEH004,DRV016,RT014,2025-04-03,2025-04-10,2025-04-09,50.56,392.28,Delivered,Inter-City
SHP0124,ORD0124,WH005,VEH005,DRV045,RT004,2024-10-17,2024-10-24,2024-10-24,40.02,165.01,Delivered,Inter-City
SHP0125,ORD0125,WH008,VEH013,DRV040,RT017,2024-05-04,2024-05-10,2024-05-10,593.78,2872.31,Returned,Local
SHP0126,ORD0126,WH001,VEH020,DRV047,RT005,2025-05-04,2025-05-05,2025-05-04,364.18,1241.88,Delivered,Local
SHP0127,ORD0127,WH009,VEH017,DRV036,RT012,2025-02-15,2025-02-17,2025-02-17,935.5,4999.72,Delivered,Inter-City
SHP0128,ORD0128,WH007,VEH014,DRV004,RT011,2025-08-20,2025-08-25,2025-08-24,793.33,3727.6,Delivered,Local
SHP0129,ORD0129,WH008,VEH009,DRV020,RT006,2024-05-21,2024-05-25,2024-05-23,341.2,1372.89,Delivered,Inter-City
SHP0130,ORD0130,WH005,VEH018,DRV041,RT011,2025-08-25,2025-08-29,2025-08-28,797.62,3113.88,Delivered,Inter-City
SHP0131,ORD0131,WH010,VEH010,DRV012,RT017,2024-05-11,2024-05-14,2024-05-12,910.93,7110.54,Delivered,Inter-City
SHP0132,ORD0132,WH007,VEH011,DRV002,RT005,2024-01-07,2024-01-08,2024-01-09,160.16,615.18,Delayed,Local
SHP0133,ORD0133,WH004,VEH019,DRV042,RT008,2024-03-15,2024-03-17,2024-03-17,644.44,4482.02,Delivered,Local
SHP0134,ORD0134,WH002,VEH011,DRV021,RT003,2024-08-01,2024-08-02,2024-08-01,343.23,756.05,Delivered,Inter-City
SHP0135,ORD0135,WH004,VEH014,DRV036,RT006,2025-11-29,2025-11-30,2025-11-30,287.49,1065.49,In Transit,Inter-City
SHP0136,ORD0136,WH009,VEH017,DRV040,RT013,2025-01-30,2025-02-04,2025-02-09,995.12,4919.65,Delayed,Inter-City
SHP0137,ORD0137,WH008,VEH008,DRV028,RT015,2025-10-14,2025-10-21,2025-10-20,720.76,2707.18,Delivered,Inter-City
SHP0138,ORD0138,WH007,VEH005,DRV048,RT001,2024-05-12,2024-05-15,2024-05-13,984.87,6127.97,Delivered,Inter-City
SHP0139,ORD0139,WH006,VEH010,DRV014,RT003,2025-06-22,2025-06-24,2025-06-24,709.03,4854.29,Delivered,Local
SHP0140,ORD0140,WH002,VEH005,DRV013,RT003,2024-05-09,2024-05-11,2024-05-09,147.5,1039.43,Delivered,Inter-City
SHP0141,ORD0141,WH001,VEH010,DRV040,RT003,2024-03-01,2024-03-05,2024-03-05,739.6,5408.62,Returned,Inter-City
SHP0142,ORD0142,WH009,VEH008,DRV027,RT009,2025-05-16,2025-05-18,2025-05-20,718.96,3435.99,Delayed,Inter-City
SHP0143,ORD0143,WH001,VEH018,DRV011,RT016,2025-02-17,2025-02-22,2025-02-20,91.66,434.12,Delivered,Inter-City
SHP0144,ORD0144,WH003,VEH012,DRV031,RT015,2024-11-24,2024-11-27,2024-11-30,564.23,2027.72,Delayed,Inter-City
SHP0145,ORD0145,WH003,VEH013,DRV010,RT019,2024-02-03,2024-02-06,2024-02-06,620.52,3143.29,Delivered,Inter-City
SHP0146,ORD0146,WH008,VEH013,DRV043,RT018,2024-09-03,2024-09-09,2024-09-09,395.53,2094.82,Delivered,Local
SHP0147,ORD0147,WH003,VEH015,DRV008,RT016,2024-06-28,2024-06-29,2024-06-28,689.05,2198.02,Delivered,Local
SHP0148,ORD0148,WH004,VEH019,DRV042,RT019,2024-07-09,2024-07-16,2024-07-17,329.19,999.18,Delayed,Local
SHP0149,ORD0149,WH010,VEH019,DRV040,RT007,2025-02-25,2025-02-27,2025-02-27,734.14,4989.52,Delivered,Inter-City
SHP0150,ORD0150,WH010,VEH003,DRV041,RT010,2024-08-29,2024-09-03,2024-09-01,148.15,1093.38,Delivered,Inter-City
SHP0151,ORD0151,WH006,VEH012,DRV045,RT008,2025-08-14,2025-08-21,2025-08-19,207.17,1105.39,Delivered,Inter-City
SHP0152,ORD0152,WH005,VEH009,DRV027,RT004,2025-05-15,2025-05-21,2025-05-25,738.43,5386.87,Delayed,Inter-City
SHP0153,ORD0153,WH004,VEH006,DRV026,RT010,2024-09-10,2024-09-11,2024-09-09,335.96,2416.43,Delivered,Inter-City
SHP0154,ORD0154,WH010,VEH016,DRV040,RT004,2024-07-03,2024-07-07,2024-07-05,825.74,5915.34,Delivered,Local
SHP0155,ORD0155,WH008,VEH001,DRV012,RT019,2024-06-27,2024-07-01,2024-07-01,166.28,662.9,Delivered,Inter-City
SHP0156,ORD0156,WH010,VEH015,DRV049,RT017,2025-05-24,2025-05-30,2025-05-30,218.17,1363.02,Delivered,Inter-City
SHP0157,ORD0157,WH006,VEH005,DRV038,RT018,2025-06-15,2025-06-17,2025-06-17,153.49,1055.08,Delivered,Inter-City
SHP0158,ORD0158,WH002,VEH005,DRV024,RT013,2024-02-25,2024-03-01,2024-03-01,177.4,1295.06,Delivered,Inter-City
SHP0159,ORD0159,WH005,VEH018,DRV032,RT020,2025-12-03,2025-12-07,2025-12-05,505.94,3633.53,Delivered,Local
SHP0160,ORD0160,WH008,VEH012,DRV044,RT007,2025-12-10,2025-12-16,2025-12-19,669.01,2772.5,Delayed,Inter-City
SHP0161,ORD0161,WH004,VEH018,DRV026,RT002,2024-02-11,2024-02-13,2024-02-13,281.74,1074.17,Delivered,Local
SHP0162,ORD0162,WH007,VEH003,DRV037,RT019,2024-11-24,2024-11-25,2024-11-24,71.08,498.35,Delivered,Inter-City
SHP0163,ORD0163,WH003,VEH007,DRV047,RT019,2024-04-05,2024-04-06,2024-04-06,644.7,1937.25,Delivered,Local
SHP0164,ORD0164,WH010,VEH012,DRV043,RT001,2024-04-04,2024-04-07,2024-04-09,480.58,2846.25,Delayed,Inter-City
SHP0165,ORD0165,WH009,VEH007,DRV004,RT020,2024-07-20,2024-07-21,2024-07-19,418.51,2017.46,Delivered,Inter-City
SHP0166,ORD0166,WH004,VEH019,DRV032,RT003,2025-09-15,2025-09-16,2025-09-16,400.83,2324.71,Delivered,Inter-City
SHP0167,ORD0167,WH003,VEH004,DRV014,RT006,2024-04-30,2024-05-07,2024-05-05,924.37,7173.74,Delivered,Inter-City
SHP0168,ORD0168,WH007,VEH015,DRV049,RT005,2024-02-24,2024-02-25,2024-02-23,772.52,4666.5,Delivered,Inter-City
SHP0169,ORD0169,WH002,VEH004,DRV025,RT013,2024-04-17,2024-04-19,2024-04-19,46.64,266.08,Delivered,Inter-City
SHP0170,ORD0170,WH001,VEH015,DRV009,RT011,2025-11-08,2025-11-14,2025-11-19,761.15,5780.49,Delayed,Inter-City
SHP0171,ORD0171,WH004,VEH020,DRV048,RT007,2024-02-07,2024-02-10,2024-02-08,196.48,841.27,Delivered,Inter-City
SHP0172,ORD0172,WH004,VEH018,DRV001,RT006,2025-04-11,2025-04-17,2025-04-15,812.2,5409.16,Delivered,Local
SHP0173,ORD0173,WH002,VEH005,DRV049,RT010,2024-06-29,2024-06-30,2024-06-30,288.03,1941.04,Delivered,Local
SHP0174,ORD0174,WH007,VEH017,DRV009,RT011,2024-01-09,2024-01-14,2024-01-14,666.6,5260.74,In Transit,Inter-City
SHP0175,ORD0175,WH003,VEH020,DRV019,RT013,2024-05-11,2024-05-12,2024-05-12,840.79,4665.05,Returned,Inter-City
SHP0176,ORD0176,WH006,VEH012,DRV047,RT013,2024-03-08,2024-03-15,2024-03-13,737.3,1480.07,Delivered,Inter-City
SHP0177,ORD0177,WH004,VEH019,DRV039,RT012,2024-05-11,2024-05-18,2024-05-16,585.54,4064.21,Delivered,Inter-City
SHP0178,ORD0178,WH002,VEH008,DRV030,RT004,2024-05-25,2024-05-28,2024-05-28,426.74,1772.72,Delivered,Inter-City
SHP0179,ORD0179,WH006,VEH018,DRV024,RT013,2024-11-10,2024-11-17,2024-11-17,215.95,466.94,Delivered,Inter-City
SHP0180,ORD0180,WH002,VEH005,DRV002,RT005,2025-05-08,2025-05-09,2025-05-08,127.5,724.9,Delivered,Local
SHP0181,ORD0181,WH008,VEH008,DRV036,RT016,2024-10-11,2024-10-12,2024-10-12,601.07,1424.0,Delivered,Inter-City
SHP0182,ORD0182,WH002,VEH014,DRV028,RT019,2024-01-23,2024-01-27,2024-01-27,134.34,961.88,Delivered,Inter-City
SHP0183,ORD0183,WH009,VEH004,DRV022,RT011,2024-09-24,2024-10-01,2024-10-01,828.63,5060.19,Delivered,Local
SHP0184,ORD0184,WH001,VEH008,DRV045,RT010,2024-02-03,2024-02-05,2024-02-05,63.35,133.11,Returned,Inter-City
SHP0185,ORD0185,WH006,VEH013,DRV032,RT019,2025-10-17,2025-10-21,2025-10-20,426.07,2863.63,Delivered,Inter-City
SHP0186,ORD0186,WH010,VEH003,DRV024,RT015,2025-08-27,2025-09-02,2025-09-01,375.11,1707.13,Delivered,Inter-City
SHP0187,ORD0187,WH003,VEH008,DRV017,RT016,2024-04-18,2024-04-20,2024-04-19,464.44,936.49,Delivered,Inter-City
SHP0188,ORD0188,WH001,VEH018,DRV004,RT004,2025-06-10,2025-06-11,2025-06-11,211.18,1443.75,Delivered,Inter-City
SHP0189,ORD0189,WH007,VEH018,DRV015,RT004,2025-04-05,2025-04-09,2025-04-08,764.63,1942.07,Delivered,Inter-City
SHP0190,ORD0190,WH003,VEH014,DRV034,RT002,2025-07-11,2025-07-12,2025-07-10,101.94,648.4,Delivered,Inter-City
SHP0191,ORD0191,WH006,VEH015,DRV007,RT005,2025-08-29,2025-08-30,2025-08-28,112.64,456.9,Delivered,Inter-City
SHP0192,ORD0192,WH001,VEH015,DRV006,RT007,2025-06-04,2025-06-05,2025-06-04,455.7,1585.39,Delivered,Inter-City
SHP0193,ORD0193,WH008,VEH008,DRV022,RT003,2024-02-18,2024-02-25,2024-02-24,364.32,1888.69,Delivered,Inter-City
SHP0194,ORD0194,WH005,VEH016,DRV020,RT007,2025-02-14,2025-02-16,2025-02-16,705.54,1516.02,Delivered,Local
SHP0195,ORD0195,WH010,VEH014,DRV012,RT012,2025-06-28,2025-07-05,2025-07-03,677.98,3173.57,Delivered,Local
SHP0196,ORD0196,WH007,VEH020,DRV017,RT016,2024-01-31,2024-02-02,2024-02-02,563.45,2255.25,Delivered,Local
SHP0197,ORD0197,WH004,VEH020,DRV026,RT006,2025-03-26,2025-03-29,2025-03-28,890.19,4113.44,Delivered,Inter-City
SHP0198,ORD0198,WH003,VEH003,DRV023,RT019,2024-03-06,2024-03-11,2024-03-11,244.35,691.35,Returned,Inter-City
SHP0199,ORD0199,WH008,VEH001,DRV003,RT002,2024-09-29,2024-10-03,2024-10-02,428.44,1655.32,Delivered,Local
SHP0200,ORD0200,WH006,VEH019,DRV002,RT003,2024-04-29,2024-04-30,2024-04-29,590.57,3542.96,Delivered,Inter-City
SHP0201,ORD0201,WH002,VEH009,DRV003,RT001,2025-11-01,2025-11-04,2025-11-02,239.77,1584.79,Delivered,Local
SHP0202,ORD0202,WH009,VEH003,DRV046,RT019,2025-12-17,2025-12-24,2025-12-22,632.92,2289.49,Delivered,Inter-City
SHP0203,ORD0203,WH001,VEH011,DRV016,RT003,2024-11-20,2024-11-27,2024-11-27,47.09,266.69,Delivered,Inter-City
SHP0204,ORD0204,WH009,VEH002,DRV038,RT010,2025-10-24,2025-10-31,2025-10-29,822.6,6231.66,Delivered,Inter-City
SHP0205,ORD0205,WH007,VEH020,DRV034,RT016,2025-10-16,2025-10-18,2025-10-16,69.79,333.56,Delivered,Inter-City
SHP0206,ORD0206,WH008,VEH004,DRV027,RT013,2025-09-09,2025-09-14,2025-09-12,296.15,1322.41,Delivered,Inter-City
SHP0207,ORD0207,WH007,VEH004,DRV010,RT007,2025-05-11,2025-05-14,2025-05-14,487.6,2645.77,Delivered,Inter-City
SHP0208,ORD0208,WH004,VEH008,DRV012,RT011,2025-03-23,2025-03-25,2025-03-25,738.28,5760.24,Delivered,Inter-City
SHP0209,ORD0209,WH010,VEH020,DRV019,RT019,2025-08-05,2025-08-06,2025-08-06,995.69,4656.25,In Transit,Local
SHP0210,ORD0210,WH001,VEH003,DRV046,RT009,2024-06-18,2024-06-22,2024-06-22,848.88,6565.68,In Transit,Inter-City
SHP0211,ORD0211,WH003,VEH001,DRV014,RT015,2024-02-22,2024-02-27,2024-02-26,820.71,4303.23,Delivered,Local
SHP0212,ORD0212,WH003,VEH004,DRV006,RT014,2024-02-26,2024-03-04,2024-03-06,662.45,3945.28,Delayed,Inter-City
SHP0213,ORD0213,WH005,VEH004,DRV035,RT003,2024-08-28,2024-08-31,2024-08-29,703.31,4002.72,Delivered,Inter-City
SHP0214,ORD0214,WH009,VEH020,DRV033,RT019,2025-04-04,2025-04-06,2025-04-06,88.08,411.05,Delivered,Local
SHP0215,ORD0215,WH001,VEH018,DRV033,RT019,2024-10-23,2024-10-29,2024-10-27,35.38,244.9,Delivered,Inter-City
SHP0216,ORD0216,WH002,VEH018,DRV026,RT009,2024-11-07,2024-11-12,2024-11-12,164.91,448.8,Delivered,Local
SHP0217,ORD0217,WH006,VEH017,DRV033,RT008,2025-08-07,2025-08-11,2025-08-11,972.66,4126.8,Returned,Local
SHP0218,ORD0218,WH001,VEH018,DRV012,RT002,2024-01-27,2024-01-30,2024-01-28,51.59,250.0,Delivered,Local
SHP0219,ORD0219,WH008,VEH003,DRV012,RT007,2025-01-24,2025-01-29,2025-01-29,303.06,1339.34,Delivered,Inter-City
SHP0220,ORD0220,WH002,VEH006,DRV033,RT016,2025-11-21,2025-11-28,2025-11-26,274.06,820.01,Delivered,Inter-City
SHP0221,ORD0221,WH007,VEH018,DRV033,RT005,2025-04-19,2025-04-25,2025-04-24,580.7,4642.28,Delivered,Inter-City
SHP0222,ORD0222,WH008,VEH002,DRV018,RT002,2025-08-25,2025-08-28,2025-08-28,714.82,2538.98,Delivered,Inter-City
SHP0223,ORD0223,WH002,VEH019,DRV028,RT004,2024-12-29,2025-01-02,2025-01-02,496.88,2638.97,Delivered,Inter-City
SHP0224,ORD0224,WH004,VEH006,DRV032,RT010,2025-11-21,2025-11-28,2025-11-26,555.45,1857.86,Delivered,Inter-City
SHP0225,ORD0225,WH007,VEH012,DRV007,RT015,2025-08-17,2025-08-24,2025-08-22,671.68,2947.97,Delivered,Local
SHP0226,ORD0226,WH005,VEH002,DRV039,RT014,2025-12-19,2025-12-25,2025-12-24,835.91,3559.21,Delivered,Local
SHP0227,ORD0227,WH009,VEH008,DRV047,RT009,2025-09-18,2025-09-22,2025-09-23,269.32,1365.51,Delayed,Inter-City
SHP0228,ORD0228,WH003,VEH003,DRV029,RT001,2024-06-05,2024-06-10,2024-06-09,106.7,304.53,Delivered,Inter-City
SHP0229,ORD0229,WH006,VEH019,DRV049,RT008,2025-10-07,2025-10-11,2025-10-10,544.91,1498.69,Delivered,Local
SHP0230,ORD0230,WH009,VEH019,DRV050,RT008,2024-09-29,2024-10-04,2024-10-03,535.04,2681.01,Delivered,Local
SHP0231,ORD0231,WH010,VEH002,DRV028,RT005,2024-09-21,2024-09-25,2024-09-29,155.58,1232.99,Delayed,Inter-City
SHP0232,ORD0232,WH009,VEH015,DRV039,RT019,2024-03-10,2024-03-14,2024-03-14,26.94,188.53,Returned,Inter-City
SHP0233,ORD0233,WH002,VEH010,DRV005,RT007,2024-04-25,2024-04-30,2024-04-28,252.04,1503.94,Delivered,Inter-City
SHP0234,ORD0234,WH010,VEH006,DRV014,RT014,2024-04-20,2024-04-22,2024-04-22,477.73,2123.89,Delivered,Inter-City
SHP0235,ORD0235,WH001,VEH011,DRV012,RT008,2024-02-14,2024-02-17,2024-02-16,558.51,1433.35,Delivered,Local
SHP0236,ORD0236,WH006,VEH001,DRV011,RT012,2024-10-12,2024-10-19,2024-10-18,498.11,1779.8,Delivered,Inter-City
SHP0237,ORD0237,WH010,VEH004,DRV028,RT011,2025-10-27,2025-10-28,2025-10-30,698.53,2543.77,Delayed,Local
SHP0238,ORD0238,WH010,VEH014,DRV026,RT003,2025-04-26,2025-05-03,2025-05-01,486.82,3636.22,Delivered,Local
SHP0239,ORD0239,WH002,VEH017,DRV009,RT009,2025-08-31,2025-09-05,2025-09-10,754.24,4361.71,Delayed,Local
SHP0240,ORD0240,WH009,VEH018,DRV047,RT001,2025-02-14,2025-02-18,2025-02-16,149.73,543.37,Delivered,Local
SHP0241,ORD0241,WH008,VEH009,DRV027,RT017,2024-04-17,2024-04-24,2024-04-24,840.54,4820.74,Delivered,Inter-City
SHP0242,ORD0242,WH007,VEH013,DRV017,RT018,2025-03-08,2025-03-13,2025-03-11,540.71,3692.29,Delivered,Local
SHP0243,ORD0243,WH004,VEH019,DRV026,RT020,2025-07-16,2025-07-20,2025-07-19,930.66,3989.72,Delivered,Local
SHP0244,ORD0244,WH005,VEH003,DRV021,RT011,2025-08-25,2025-08-28,2025-08-27,804.56,1847.11,Delivered,Inter-City
SHP0245,ORD0245,WH002,VEH020,DRV009,RT020,2025-11-26,2025-11-28,2025-11-28,845.59,5653.85,Delivered,Inter-City
SHP0246,ORD0246,WH006,VEH008,DRV045,RT013,2025-12-12,2025-12-13,2025-12-12,117.82,571.06,Delivered,Local
SHP0247,ORD0247,WH007,VEH002,DRV015,RT020,2025-07-04,2025-07-11,2025-07-09,808.47,2621.75,Delivered,Local
SHP0248,ORD0248,WH006,VEH008,DRV027,RT005,2024-04-12,2024-04-17,2024-04-15,263.61,1116.21,Delivered,Inter-City
SHP0249,ORD0249,WH001,VEH013,DRV032,RT001,2024-02-20,2024-02-21,2024-02-19,657.78,3574.64,Delivered,Inter-City
SHP0250,ORD0250,WH003,VEH010,DRV034,RT019,2024-09-13,2024-09-15,2024-09-16,296.85,1263.99,Delayed,Inter-City
SHP0251,ORD0251,WH007,VEH009,DRV048,RT018,2025-09-20,2025-09-24,2025-09-23,500.02,1150.05,Delivered,Inter-City
SHP0252,ORD0252,WH007,VEH009,DRV011,RT001,2024-11-14,2024-11-17,2024-11-16,865.85,4277.45,Delivered,Inter-City
SHP0253,ORD0253,WH008,VEH011,DRV035,RT001,2025-08-07,2025-08-11,2025-08-14,769.17,5990.72,Delayed,Inter-City
SHP0254,ORD0254,WH004,VEH017,DRV039,RT001,2025-03-11,2025-03-13,2025-03-13,857.75,3617.28,Delivered,Inter-City
SHP0255,ORD0255,WH007,VEH013,DRV009,RT006,2025-03-04,2025-03-07,2025-03-10,58.92,258.01,Delayed,Inter-City
SHP0256,ORD0256,WH006,VEH020,DRV039,RT012,2024-08-22,2024-08-23,2024-08-23,696.32,4213.85,Delivered,Inter-City
SHP0257,ORD0257,WH003,VEH006,DRV008,RT006,2024-06-04,2024-06-07,2024-06-07,963.46,6541.08,Delivered,Inter-City
SHP0258,ORD0258,WH007,VEH016,DRV045,RT016,2024-11-14,2024-11-18,2024-11-18,764.99,4344.87,Delivered,Inter-City
SHP0259,ORD0259,WH007,VEH001,DRV007,RT003,2024-06-30,2024-07-03,2024-07-01,983.58,2511.87,Delivered,Inter-City
SHP0260,ORD0260,WH009,VEH009,DRV035,RT017,2025-10-16,2025-10-20,2025-10-20,11.09,82.36,Delivered,Local
SHP0261,ORD0261,WH009,VEH001,DRV007,RT016,2025-08-25,2025-08-30,2025-08-30,982.07,4799.57,In Transit,Inter-City
SHP0262,ORD0262,WH008,VEH018,DRV009,RT007,2024-03-22,2024-03-24,2024-03-22,597.55,4571.62,Delivered,Inter-City
SHP0263,ORD0263,WH008,VEH001,DRV018,RT015,2024-05-18,2024-05-24,2024-05-23,793.57,5647.4,Delivered,Local
SHP0264,ORD0264,WH007,VEH003,DRV010,RT004,2024-06-17,2024-06-18,2024-06-18,531.12,1791.39,Delivered,Inter-City
SHP0265,ORD0265,WH008,VEH011,DRV015,RT014,2024-12-20,2024-12-26,2024-12-24,730.85,5260.94,Delivered,Inter-City
SHP0266,ORD0266,WH009,VEH002,DRV030,RT018,2024-12-24,2024-12-31,2024-12-29,172.96,1366.45,Delivered,Inter-City
SHP0267,ORD0267,WH009,VEH006,DRV020,RT005,2024-05-06,2024-05-12,2024-05-10,696.24,2363.99,Delivered,Local
SHP0268,ORD0268,WH006,VEH009,DRV024,RT009,2024-02-18,2024-02-19,2024-02-17,944.85,3332.29,Delivered,Inter-City
SHP0269,ORD0269,WH006,VEH010,DRV042,RT015,2024-12-12,2024-12-18,2024-12-18,870.52,6157.24,Delivered,Local
SHP0270,ORD0270,WH002,VEH004,DRV009,RT007,2024-06-06,2024-06-12,2024-06-11,289.04,1509.83,Delivered,Local
SHP0271,ORD0271,WH008,VEH020,DRV047,RT003,2025-04-06,2025-04-10,2025-04-09,765.34,2646.07,Delivered,Inter-City
SHP0272,ORD0272,WH005,VEH006,DRV032,RT006,2024-02-01,2024-02-03,2024-02-01,541.2,3307.0,Delivered,Inter-City
SHP0273,ORD0273,WH002,VEH016,DRV023,RT001,2025-11-01,2025-11-06,2025-11-06,802.19,1928.17,Delivered,Inter-City
SHP0274,ORD0274,WH007,VEH008,DRV003,RT009,2024-12-02,2024-12-08,2024-12-06,198.39,856.98,Delivered,Inter-City
SHP0275,ORD0275,WH004,VEH011,DRV047,RT018,2025-05-30,2025-06-06,2025-06-06,270.43,1991.11,Delivered,Inter-City
SHP0276,ORD0276,WH006,VEH008,DRV020,RT001,2024-02-06,2024-02-13,2024-02-11,788.9,5081.97,Delivered,Inter-City
SHP0277,ORD0277,WH009,VEH003,DRV046,RT013,2025-03-27,2025-03-31,2025-03-29,290.17,2155.97,Delivered,Inter-City
SHP0278,ORD0278,WH007,VEH012,DRV012,RT009,2024-09-17,2024-09-20,2024-09-18,955.73,3411.88,Delivered,Local
SHP0279,ORD0279,WH007,VEH002,DRV035,RT007,2025-07-01,2025-07-04,2025-07-02,70.63,396.7,Delivered,Local
SHP0280,ORD0280,WH004,VEH015,DRV046,RT018,2024-04-19,2024-04-20,2024-04-18,687.81,4494.09,Delivered,Inter-City
SHP0281,ORD0281,WH006,VEH008,DRV042,RT020,2024-05-06,2024-05-08,2024-05-08,538.95,4183.37,Returned,Inter-City
SHP0282,ORD0282,WH009,VEH009,DRV035,RT013,2025-09-29,2025-10-04,2025-10-04,581.38,4609.78,In Transit,Inter-City
SHP0283,ORD0283,WH009,VEH017,DRV050,RT005,2025-12-08,2025-12-13,2025-12-13,309.54,2448.99,Delivered,Inter-City
SHP0284,ORD0284,WH008,VEH019,DRV045,RT005,2025-05-05,2025-05-06,2025-05-05,840.55,5115.71,Delivered,Inter-City
SHP0285,ORD0285,WH005,VEH013,DRV015,RT002,2024-04-01,2024-04-08,2024-04-06,986.56,5172.22,Delivered,Inter-City
SHP0286,ORD0286,WH007,VEH009,DRV012,RT009,2024-05-15,2024-05-17,2024-05-15,650.45,3612.83,Delivered,Local
SHP0287,ORD0287,WH003,VEH017,DRV016,RT008,2025-08-04,2025-08-11,2025-08-11,155.19,415.35,Delivered,Inter-City
SHP0288,ORD0288,WH009,VEH016,DRV002,RT013,2024-06-09,2024-06-14,2024-06-16,983.49,5018.24,Delayed,Inter-City
SHP0289,ORD0289,WH009,VEH002,DRV046,RT019,2025-07-24,2025-07-26,2025-07-26,149.98,340.26,Delivered,Inter-City
SHP0290,ORD0290,WH002,VEH001,DRV012,RT008,2024-06-28,2024-06-29,2024-06-29,67.72,347.55,Delivered,Local
SHP0291,ORD0291,WH008,VEH014,DRV025,RT004,2024-02-16,2024-02-17,2024-02-15,842.07,4699.76,Delivered,Inter-City
SHP0292,ORD0292,WH009,VEH016,DRV046,RT013,2024-05-04,2024-05-05,2024-05-03,88.19,332.73,Delivered,Local
SHP0293,ORD0293,WH006,VEH013,DRV006,RT010,2024-03-04,2024-03-10,2024-03-10,898.25,3356.02,Delivered,Local
SHP0294,ORD0294,WH006,VEH008,DRV042,RT003,2025-08-26,2025-08-31,2025-08-31,787.24,2879.87,Delivered,Inter-City
SHP0295,ORD0295,WH009,VEH005,DRV013,RT011,2024-11-12,2024-11-16,2024-11-14,319.81,1937.31,Delivered,Inter-City
SHP0296,ORD0296,WH002,VEH002,DRV001,RT007,2024-01-18,2024-01-22,2024-01-21,916.42,1852.13,Delivered,Inter-City
SHP0297,ORD0297,WH005,VEH011,DRV048,RT019,2025-01-23,2025-01-27,2025-01-27,334.75,2483.05,Delivered,Inter-City
SHP0298,ORD0298,WH001,VEH014,DRV028,RT013,2025-03-08,2025-03-11,2025-03-11,78.46,582.95,Delivered,Local
SHP0299,ORD0299,WH007,VEH012,DRV020,RT003,2025-12-26,2025-12-27,2025-12-25,841.52,6697.41,Delivered,Inter-City
SHP0300,ORD0300,WH004,VEH010,DRV001,RT015,2025-07-08,2025-07-11,2025-07-11,401.83,2775.71,Delivered,Inter-City
SHP0301,ORD0301,WH010,VEH009,DRV050,RT020,2025-04-25,2025-04-26,2025-04-24,617.1,2594.11,Delivered,Inter-City
SHP0302,ORD0302,WH009,VEH007,DRV028,RT014,2025-07-15,2025-07-17,2025-07-16,556.19,2373.55,Delivered,Local
SHP0303,ORD0303,WH010,VEH019,DRV040,RT013,2024-06-12,2024-06-16,2024-06-14,461.82,966.39,Delivered,Local
SHP0304,ORD0304,WH004,VEH018,DRV028,RT018,2025-07-22,2025-07-27,2025-07-25,567.92,2745.82,Delivered,Inter-City
SHP0305,ORD0305,WH008,VEH020,DRV005,RT012,2024-02-01,2024-02-04,2024-02-02,431.61,1803.32,Delivered,Inter-City
SHP0306,ORD0306,WH002,VEH019,DRV030,RT013,2024-01-24,2024-01-30,2024-01-28,240.56,513.27,Delivered,Inter-City
SHP0307,ORD0307,WH002,VEH005,DRV028,RT012,2025-04-10,2025-04-17,2025-04-15,524.37,2807.69,Delivered,Inter-City
SHP0308,ORD0308,WH003,VEH013,DRV001,RT010,2024-03-21,2024-03-26,2024-03-26,762.25,6008.35,Delivered,Inter-City
SHP0309,ORD0309,WH010,VEH012,DRV009,RT003,2025-04-17,2025-04-20,2025-04-19,512.94,4015.85,Delivered,Inter-City
SHP0310,ORD0310,WH002,VEH015,DRV032,RT015,2024-10-24,2024-10-30,2024-10-30,672.61,1902.02,Delivered,Local
SHP0311,ORD0311,WH005,VEH013,DRV039,RT006,2024-03-17,2024-03-18,2024-03-16,674.61,4728.15,Delivered,Inter-City
SHP0312,ORD0312,WH009,VEH005,DRV018,RT003,2025-09-15,2025-09-21,2025-09-19,405.8,1147.04,Delivered,Inter-City
SHP0313,ORD0313,WH005,VEH006,DRV011,RT005,2025-09-09,2025-09-13,2025-09-12,514.67,1259.24,Delivered,Inter-City
SHP0314,ORD0314,WH001,VEH009,DRV047,RT012,2024-09-29,2024-10-01,2024-10-01,824.19,3362.42,Delivered,Local
SHP0315,ORD0315,WH005,VEH012,DRV032,RT002,2024-11-22,2024-11-26,2024-11-24,130.79,924.62,Delivered,Inter-City
SHP0316,ORD0316,WH003,VEH005,DRV024,RT016,2024-01-01,2024-01-07,2024-01-05,22.97,147.14,Delivered,Local
SHP0317,ORD0317,WH002,VEH013,DRV015,RT011,2025-02-23,2025-02-26,2025-02-26,462.06,1509.84,Delivered,Inter-City
SHP0318,ORD0318,WH003,VEH009,DRV031,RT006,2025-05-30,2025-06-01,2025-05-30,612.97,4489.73,Delivered,Inter-City
SHP0319,ORD0319,WH005,VEH001,DRV004,RT003,2025-05-12,2025-05-17,2025-05-15,945.59,6525.48,Delivered,Local
SHP0320,ORD0320,WH003,VEH006,DRV045,RT009,2025-04-08,2025-04-10,2025-04-10,140.57,635.11,Delivered,Local
SHP0321,ORD0321,WH007,VEH018,DRV050,RT012,2024-01-07,2024-01-11,2024-01-11,63.62,261.39,Delivered,Inter-City
SHP0322,ORD0322,WH009,VEH002,DRV006,RT004,2025-08-11,2025-08-14,2025-08-14,612.37,4325.2,Delivered,Inter-City
SHP0323,ORD0323,WH002,VEH003,DRV021,RT006,2025-03-13,2025-03-14,2025-03-12,880.71,5692.21,Delivered,Local
SHP0324,ORD0324,WH004,VEH015,DRV004,RT019,2024-05-19,2024-05-21,2024-05-21,37.66,91.34,Delivered,Inter-City
SHP0325,ORD0325,WH007,VEH019,DRV021,RT001,2024-01-05,2024-01-09,2024-01-08,906.52,6327.39,Delivered,Local
SHP0326,ORD0326,WH002,VEH017,DRV037,RT010,2025-07-29,2025-08-04,2025-08-03,700.63,2355.53,Delivered,Inter-City
SHP0327,ORD0327,WH003,VEH019,DRV034,RT015,2025-02-27,2025-03-04,2025-03-04,557.56,1828.81,In Transit,Inter-City
SHP0328,ORD0328,WH007,VEH012,DRV009,RT020,2024-09-20,2024-09-23,2024-09-22,767.16,3437.27,Delivered,Inter-City
SHP0329,ORD0329,WH002,VEH020,DRV047,RT017,2024-05-24,2024-05-28,2024-05-28,805.75,5531.97,Delivered,Inter-City
SHP0330,ORD0330,WH002,VEH007,DRV050,RT003,2024-02-06,2024-02-09,2024-02-08,50.18,206.28,Delivered,Local
SHP0331,ORD0331,WH009,VEH020,DRV026,RT008,2025-12-02,2025-12-04,2025-12-04,470.93,1780.41,Delivered,Local
SHP0332,ORD0332,WH006,VEH015,DRV017,RT017,2024-09-04,2024-09-07,2024-09-07,423.57,1000.83,Delivered,Inter-City
SHP0333,ORD0333,WH005,VEH018,DRV028,RT002,2025-03-15,2025-03-19,2025-03-19,590.34,1956.49,Delivered,Inter-City
SHP0334,ORD0334,WH005,VEH010,DRV035,RT017,2024-07-18,2024-07-23,2024-07-22,967.83,3781.81,Delivered,Inter-City
SHP0335,ORD0335,WH004,VEH013,DRV041,RT010,2025-02-19,2025-02-21,2025-02-19,52.2,209.01,Delivered,Local
SHP0336,ORD0336,WH008,VEH015,DRV018,RT002,2025-02-06,2025-02-09,2025-02-08,621.78,2558.4,Delivered,Inter-City
SHP0337,ORD0337,WH006,VEH013,DRV011,RT007,2025-08-01,2025-08-03,2025-08-01,825.53,4593.58,Delivered,Inter-City
SHP0338,ORD0338,WH009,VEH011,DRV050,RT011,2024-04-19,2024-04-20,2024-04-19,630.8,2432.89,Delivered,Inter-City
SHP0339,ORD0339,WH001,VEH020,DRV007,RT008,2024-04-12,2024-04-13,2024-04-13,465.39,2347.92,Delivered,Inter-City
SHP0340,ORD0340,WH007,VEH004,DRV039,RT001,2024-05-25,2024-05-28,2024-05-27,705.64,3296.12,Delivered,Inter-City
SHP0341,ORD0341,WH007,VEH002,DRV044,RT006,2024-06-21,2024-06-27,2024-06-27,409.09,2342.41,Delivered,Inter-City
SHP0342,ORD0342,WH004,VEH011,DRV018,RT003,2025-11-29,2025-12-01,2025-12-01,893.5,5362.04,Delivered,Local
SHP0343,ORD0343,WH003,VEH015,DRV021,RT019,2024-12-31,2025-01-07,2025-01-07,15.52,111.12,Delivered,Inter-City
SHP0344,ORD0344,WH001,VEH003,DRV021,RT004,2024-12-11,2024-12-13,2024-12-11,930.85,6924.62,Delivered,Inter-City
SHP0345,ORD0345,WH006,VEH019,DRV017,RT015,2025-10-10,2025-10-15,2025-10-18,36.83,136.09,Delayed,Inter-City
SHP0346,ORD0346,WH008,VEH004,DRV049,RT015,2025-12-22,2025-12-24,2025-12-24,845.3,4042.37,In Transit,Local
SHP0347,ORD0347,WH009,VEH002,DRV023,RT019,2025-11-21,2025-11-24,2025-11-22,32.91,111.35,Delivered,Inter-City
SHP0348,ORD0348,WH002,VEH002,DRV001,RT013,2024-10-21,2024-10-27,2024-10-25,220.15,841.94,Delivered,Inter-City
SHP0349,ORD0349,WH001,VEH007,DRV045,RT019,2024-05-01,2024-05-02,2024-05-01,351.47,2680.35,Delivered,Inter-City
SHP0350,ORD0350,WH004,VEH014,DRV003,RT017,2025-09-18,2025-09-24,2025-09-23,69.09,363.18,Delivered,Local
SHP0351,ORD0351,WH010,VEH004,DRV015,RT011,2025-09-22,2025-09-27,2025-09-27,960.05,3989.05,Delivered,Local
SHP0352,ORD0352,WH004,VEH012,DRV044,RT019,2024-12-14,2024-12-16,2024-12-16,364.54,883.63,Delivered,Local
SHP0353,ORD0353,WH001,VEH014,DRV032,RT019,2025-08-14,2025-08-15,2025-08-13,24.13,130.96,Delivered,Inter-City
SHP0354,ORD0354,WH009,VEH002,DRV005,RT018,2025-01-31,2025-02-06,2025-02-05,480.11,1087.22,Delivered,Inter-City
SHP0355,ORD0355,WH004,VEH016,DRV033,RT009,2025-12-12,2025-12-18,2025-12-20,718.07,5556.78,Delayed,Local
SHP0356,ORD0356,WH004,VEH019,DRV019,RT010,2025-08-17,2025-08-23,2025-08-22,862.58,1831.32,Delivered,Inter-City
SHP0357,ORD0357,WH007,VEH016,DRV030,RT013,2024-06-09,2024-06-12,2024-06-11,13.01,38.56,Delivered,Inter-City
SHP0358,ORD0358,WH006,VEH001,DRV005,RT016,2024-08-05,2024-08-09,2024-08-12,258.83,1913.55,Delayed,Inter-City
SHP0359,ORD0359,WH003,VEH010,DRV007,RT015,2025-07-04,2025-07-07,2025-07-07,187.85,444.62,Returned,Local
SHP0360,ORD0360,WH003,VEH019,DRV045,RT005,2024-08-12,2024-08-19,2024-08-19,311.18,2220.6,Delivered,Inter-City
SHP0361,ORD0361,WH002,VEH001,DRV048,RT002,2025-08-08,2025-08-09,2025-08-07,895.56,4057.36,Delivered,Inter-City
SHP0362,ORD0362,WH001,VEH012,DRV016,RT001,2025-10-14,2025-10-21,2025-10-19,558.01,2502.13,Delivered,Inter-City
SHP0363,ORD0363,WH005,VEH008,DRV001,RT005,2024-04-29,2024-04-30,2024-04-29,395.62,1313.33,Delivered,Inter-City
SHP0364,ORD0364,WH003,VEH020,DRV001,RT010,2025-11-25,2025-11-28,2025-11-27,337.41,2449.17,Delivered,Inter-City
SHP0365,ORD0365,WH010,VEH018,DRV035,RT015,2024-11-27,2024-12-04,2024-12-09,861.4,2176.21,Delayed,Local
SHP0366,ORD0366,WH010,VEH019,DRV050,RT014,2024-11-15,2024-11-17,2024-11-21,51.19,395.16,Delayed,Inter-City
SHP0367,ORD0367,WH004,VEH014,DRV043,RT006,2024-01-09,2024-01-15,2024-01-15,460.29,1897.47,Delivered,Inter-City
SHP0368,ORD0368,WH003,VEH003,DRV017,RT015,2025-04-19,2025-04-20,2025-04-18,597.86,1199.66,Delivered,Inter-City
SHP0369,ORD0369,WH008,VEH004,DRV006,RT012,2024-06-14,2024-06-16,2024-06-21,11.09,34.76,Delayed,Inter-City
SHP0370,ORD0370,WH003,VEH004,DRV042,RT020,2025-11-07,2025-11-09,2025-11-09,72.19,537.2,Returned,Inter-City
SHP0371,ORD0371,WH009,VEH004,DRV034,RT019,2025-05-15,2025-05-21,2025-05-21,687.96,3710.35,Delivered,Inter-City
SHP0372,ORD0372,WH007,VEH004,DRV050,RT004,2025-05-30,2025-06-03,2025-06-03,215.38,910.75,Returned,Inter-City
SHP0373,ORD0373,WH009,VEH018,DRV006,RT019,2024-11-16,2024-11-21,2024-11-25,691.82,3336.42,Delayed,Inter-City
SHP0374,ORD0374,WH002,VEH013,DRV036,RT017,2024-02-15,2024-02-21,2024-02-21,751.66,4990.09,Delivered,Local
SHP0375,ORD0375,WH004,VEH016,DRV035,RT020,2024-08-09,2024-08-10,2024-08-08,979.19,5534.32,Delivered,Inter-City
SHP0376,ORD0376,WH003,VEH017,DRV038,RT016,2024-06-25,2024-07-02,2024-06-30,279.73,2173.13,Delivered,Inter-City
SHP0377,ORD0377,WH005,VEH002,DRV043,RT004,2025-06-10,2025-06-12,2025-06-12,723.77,3517.98,Delivered,Inter-City
SHP0378,ORD0378,WH001,VEH002,DRV012,RT018,2024-08-06,2024-08-11,2024-08-10,538.97,3099.96,Delivered,Inter-City
SHP0379,ORD0379,WH004,VEH005,DRV043,RT005,2024-03-01,2024-03-04,2024-03-04,281.04,1383.74,Delivered,Inter-City
SHP0380,ORD0380,WH005,VEH007,DRV047,RT005,2025-06-21,2025-06-27,2025-06-27,70.71,554.62,Delivered,Inter-City
SHP0381,ORD0381,WH006,VEH019,DRV039,RT007,2025-12-18,2025-12-19,2025-12-17,130.9,754.48,Delivered,Inter-City
SHP0382,ORD0382,WH001,VEH005,DRV003,RT007,2024-02-21,2024-02-24,2024-02-22,697.4,2311.26,Delivered,Local
SHP0383,ORD0383,WH003,VEH005,DRV046,RT015,2025-05-24,2025-05-27,2025-05-27,696.98,1825.68,Delivered,Inter-City
SHP0384,ORD0384,WH006,VEH007,DRV003,RT005,2025-05-30,2025-05-31,2025-05-30,338.79,773.19,Delivered,Inter-City
SHP0385,ORD0385,WH005,VEH013,DRV013,RT001,2025-11-29,2025-12-06,2025-12-06,347.71,2349.92,Delivered,Local
SHP0386,ORD0386,WH004,VEH015,DRV030,RT015,2024-12-30,2025-01-03,2025-01-01,100.47,524.82,Delivered,Inter-City
SHP0387,ORD0387,WH003,VEH003,DRV044,RT001,2025-10-29,2025-10-31,2025-10-29,94.21,574.29,Delivered,Inter-City
SHP0388,ORD0388,WH002,VEH016,DRV020,RT013,2025-09-14,2025-09-15,2025-09-15,584.13,4518.08,Delivered,Local
SHP0389,ORD0389,WH004,VEH004,DRV002,RT009,2024-09-10,2024-09-17,2024-09-17,965.53,5066.4,Returned,Inter-City
SHP0390,ORD0390,WH005,VEH003,DRV040,RT013,2025-02-05,2025-02-07,2025-02-07,569.65,3878.6,Delivered,Local
SHP0391,ORD0391,WH004,VEH004,DRV027,RT016,2024-01-15,2024-01-20,2024-01-20,370.06,1977.26,Delivered,Inter-City
SHP0392,ORD0392,WH006,VEH014,DRV026,RT015,2024-02-11,2024-02-15,2024-02-15,701.92,5319.97,Delivered,Inter-City
SHP0393,ORD0393,WH002,VEH019,DRV033,RT013,2025-01-05,2025-01-08,2025-01-08,306.68,1141.35,Delivered,Inter-City
SHP0394,ORD0394,WH005,VEH010,DRV042,RT002,2025-03-27,2025-03-31,2025-03-30,979.8,5985.74,Delivered,Local
SHP0395,ORD0395,WH010,VEH007,DRV046,RT008,2025-08-04,2025-08-08,2025-08-07,13.49,79.37,Delivered,Local
SHP0396,ORD0396,WH007,VEH006,DRV030,RT007,2024-05-12,2024-05-19,2024-05-19,388.41,1787.87,Delivered,Inter-City
SHP0397,ORD0397,WH002,VEH003,DRV019,RT005,2024-09-18,2024-09-20,2024-09-19,667.14,5015.43,Delivered,Inter-City
SHP0398,ORD0398,WH006,VEH018,DRV045,RT011,2024-09-29,2024-10-05,2024-10-05,105.9,538.83,Delivered,Local
SHP0399,ORD0399,WH009,VEH002,DRV035,RT016,2025-08-31,2025-09-06,2025-09-04,102.6,588.58,Delivered,Inter-City
SHP0400,ORD0400,WH007,VEH005,DRV041,RT008,2024-11-14,2024-11-21,2024-11-19,89.21,500.0,Delivered,Inter-City
SHP0401,ORD0401,WH007,VEH009,DRV015,RT007,2025-07-27,2025-07-30,2025-07-30,887.92,5612.54,Delivered,Inter-City
SHP0402,ORD0402,WH005,VEH015,DRV012,RT012,2025-11-13,2025-11-14,2025-11-13,533.97,1788.52,Delivered,Inter-City
SHP0403,ORD0403,WH005,VEH007,DRV003,RT008,2024-03-20,2024-03-21,2024-03-21,707.87,2969.56,In Transit,Inter-City
SHP0404,ORD0404,WH009,VEH016,DRV026,RT001,2025-01-17,2025-01-23,2025-01-22,372.95,1790.69,Delivered,Inter-City
SHP0405,ORD0405,WH007,VEH019,DRV044,RT009,2025-05-26,2025-05-29,2025-05-29,797.09,3513.78,In Transit,Inter-City
SHP0406,ORD0406,WH005,VEH011,DRV013,RT012,2024-09-02,2024-09-06,2024-09-05,566.5,4501.84,Delivered,Inter-City
SHP0407,ORD0407,WH005,VEH013,DRV025,RT020,2025-05-29,2025-06-02,2025-06-02,433.75,3225.22,Delivered,Inter-City
SHP0408,ORD0408,WH003,VEH003,DRV012,RT011,2024-10-19,2024-10-22,2024-10-22,537.81,4006.44,Delivered,Inter-City
SHP0409,ORD0409,WH010,VEH011,DRV040,RT010,2025-06-04,2025-06-05,2025-06-04,189.44,832.51,Delivered,Local
SHP0410,ORD0410,WH003,VEH011,DRV024,RT019,2025-01-25,2025-01-29,2025-01-28,845.02,2611.4,Delivered,Inter-City
SHP0411,ORD0411,WH004,VEH001,DRV030,RT009,2024-05-19,2024-05-21,2024-05-20,778.04,4303.35,Delivered,Inter-City
SHP0412,ORD0412,WH002,VEH009,DRV012,RT013,2024-05-05,2024-05-12,2024-05-12,289.49,2311.92,In Transit,Inter-City
SHP0413,ORD0413,WH005,VEH018,DRV038,RT007,2024-09-10,2024-09-17,2024-09-17,941.25,6494.12,Delivered,Local
SHP0414,ORD0414,WH005,VEH011,DRV020,RT007,2024-02-27,2024-03-02,2024-02-29,415.59,2471.39,Delivered,Inter-City
SHP0415,ORD0415,WH008,VEH008,DRV007,RT001,2024-01-31,2024-02-05,2024-02-05,647.39,4133.73,Returned,Inter-City
SHP0416,ORD0416,WH008,VEH017,DRV023,RT006,2024-05-25,2024-05-26,2024-05-26,371.52,1966.79,Delivered,Inter-City
SHP0417,ORD0417,WH002,VEH018,DRV018,RT011,2024-06-09,2024-06-11,2024-06-10,816.57,4856.67,Delivered,Local
SHP0418,ORD0418,WH003,VEH014,DRV033,RT015,2024-09-22,2024-09-25,2024-09-23,652.23,3960.52,Delivered,Inter-City
SHP0419,ORD0419,WH001,VEH004,DRV032,RT007,2025-10-20,2025-10-22,2025-10-20,934.09,5660.8,Delivered,Inter-City
SHP0420,ORD0420,WH009,VEH014,DRV022,RT005,2024-08-15,2024-08-19,2024-08-18,455.7,2489.87,Delivered,Inter-City
SHP0421,ORD0421,WH007,VEH011,DRV027,RT007,2024-07-18,2024-07-22,2024-07-22,115.92,865.48,Delivered,Inter-City
SHP0422,ORD0422,WH001,VEH012,DRV010,RT015,2025-07-03,2025-07-04,2025-07-04,927.93,3901.88,Delivered,Inter-City
SHP0423,ORD0423,WH009,VEH002,DRV003,RT001,2024-06-04,2024-06-08,2024-06-08,857.05,2630.36,Returned,Local
SHP0424,ORD0424,WH003,VEH003,DRV020,RT006,2024-11-23,2024-11-27,2024-11-25,847.45,2685.74,Delivered,Inter-City
SHP0425,ORD0425,WH007,VEH001,DRV039,RT010,2024-08-20,2024-08-25,2024-08-23,792.8,5244.72,Delivered,Inter-City
SHP0426,ORD0426,WH004,VEH013,DRV034,RT003,2025-05-21,2025-05-23,2025-05-23,202.47,645.61,Delivered,Inter-City
SHP0427,ORD0427,WH010,VEH012,DRV023,RT005,2025-06-14,2025-06-21,2025-06-20,180.13,1139.34,Delivered,Inter-City
SHP0428,ORD0428,WH010,VEH006,DRV037,RT016,2024-09-09,2024-09-12,2024-09-12,720.54,5618.89,Delivered,Inter-City
SHP0429,ORD0429,WH006,VEH007,DRV016,RT005,2024-06-22,2024-06-24,2024-06-22,694.76,4785.57,Delivered,Inter-City
SHP0430,ORD0430,WH004,VEH020,DRV013,RT017,2025-09-09,2025-09-14,2025-09-14,6.42,26.85,Delivered,Inter-City
SHP0431,ORD0431,WH008,VEH008,DRV023,RT008,2024-05-12,2024-05-14,2024-05-13,429.69,2167.21,Delivered,Inter-City
SHP0432,ORD0432,WH001,VEH016,DRV026,RT003,2024-02-20,2024-02-25,2024-02-29,50.33,157.26,Delayed,Inter-City
SHP0433,ORD0433,WH010,VEH016,DRV008,RT017,2024-06-11,2024-06-18,2024-06-18,384.23,995.93,Delivered,Inter-City
SHP0434,ORD0434,WH008,VEH004,DRV010,RT013,2024-04-12,2024-04-15,2024-04-13,846.1,5873.42,Delivered,Inter-City
SHP0435,ORD0435,WH009,VEH008,DRV036,RT018,2025-10-09,2025-10-11,2025-10-09,94.19,673.85,Delivered,Inter-City
SHP0436,ORD0436,WH007,VEH009,DRV035,RT009,2025-02-16,2025-02-20,2025-02-20,204.3,951.16,Returned,Inter-City
SHP0437,ORD0437,WH005,VEH005,DRV010,RT007,2024-08-09,2024-08-15,2024-08-15,145.93,433.17,Delivered,Local
SHP0438,ORD0438,WH009,VEH001,DRV041,RT004,2025-09-14,2025-09-17,2025-09-16,997.15,4065.02,Delivered,Local
SHP0439,ORD0439,WH010,VEH005,DRV046,RT006,2024-07-01,2024-07-07,2024-07-07,958.56,4246.58,In Transit,Inter-City
SHP0440,ORD0440,WH007,VEH006,DRV040,RT011,2024-08-04,2024-08-07,2024-08-05,54.06,234.49,Delivered,Inter-City
SHP0441,ORD0441,WH008,VEH008,DRV005,RT004,2025-06-28,2025-06-29,2025-06-28,399.84,2702.08,Delivered,Inter-City
SHP0442,ORD0442,WH005,VEH004,DRV016,RT001,2025-05-12,2025-05-18,2025-05-21,232.97,1247.17,Delayed,Inter-City
SHP0443,ORD0443,WH005,VEH004,DRV042,RT018,2024-11-27,2024-11-29,2024-11-29,889.04,2160.74,Delivered,Inter-City
SHP0444,ORD0444,WH007,VEH006,DRV026,RT002,2025-06-04,2025-06-11,2025-06-10,665.65,2246.86,Delivered,Local
SHP0445,ORD0445,WH008,VEH012,DRV025,RT003,2024-11-17,2024-11-23,2024-11-22,791.8,1797.54,Delivered,Inter-City
SHP0446,ORD0446,WH006,VEH009,DRV037,RT003,2024-06-27,2024-07-03,2024-07-01,71.96,181.26,Delivered,Local
SHP0447,ORD0447,WH005,VEH003,DRV005,RT019,2025-11-20,2025-11-23,2025-11-22,431.12,905.97,Delivered,Local
SHP0448,ORD0448,WH002,VEH019,DRV047,RT013,2025-08-29,2025-08-31,2025-08-29,324.44,1713.93,Delivered,Inter-City
SHP0449,ORD0449,WH006,VEH006,DRV004,RT016,2024-01-01,2024-01-08,2024-01-08,141.4,497.97,Returned,Inter-City
SHP0450,ORD0450,WH007,VEH006,DRV043,RT001,2024-03-13,2024-03-18,2024-03-16,498.65,1404.06,Delivered,Inter-City
SHP0451,ORD0451,WH002,VEH005,DRV020,RT003,2024-07-25,2024-07-30,2024-08-01,753.14,3449.37,Delayed,Inter-City
SHP0452,ORD0452,WH010,VEH013,DRV030,RT018,2025-08-03,2025-08-09,2025-08-08,408.95,2207.66,Delivered,Inter-City
SHP0453,ORD0453,WH009,VEH016,DRV014,RT003,2024-06-17,2024-06-21,2024-06-21,493.1,2417.79,In Transit,Local
SHP0454,ORD0454,WH002,VEH020,DRV050,RT006,2024-05-15,2024-05-19,2024-05-17,392.46,2585.47,Delivered,Inter-City
SHP0455,ORD0455,WH008,VEH011,DRV045,RT019,2025-06-27,2025-07-02,2025-06-30,477.78,2517.03,Delivered,Inter-City
SHP0456,ORD0456,WH006,VEH008,DRV041,RT007,2025-10-08,2025-10-14,2025-10-12,900.61,5574.51,Delivered,Inter-City
SHP0457,ORD0457,WH005,VEH007,DRV008,RT020,2024-04-03,2024-04-09,2024-04-09,771.11,3063.54,In Transit,Local
SHP0458,ORD0458,WH004,VEH001,DRV033,RT019,2025-10-14,2025-10-17,2025-10-19,237.01,679.84,Delayed,Local
SHP0459,ORD0459,WH003,VEH004,DRV038,RT003,2024-12-26,2025-01-02,2025-01-02,775.72,3814.79,Delivered,Local
SHP0460,ORD0460,WH007,VEH009,DRV019,RT019,2025-10-17,2025-10-21,2025-10-21,800.54,2965.64,In Transit,Inter-City
SHP0461,ORD0461,WH001,VEH002,DRV001,RT005,2025-03-06,2025-03-11,2025-03-10,398.67,1536.92,Delivered,Inter-City
SHP0462,ORD0462,WH007,VEH016,DRV026,RT010,2025-08-09,2025-08-13,2025-08-11,452.89,1746.82,Delivered,Inter-City
SHP0463,ORD0463,WH002,VEH014,DRV013,RT013,2024-12-21,2024-12-25,2024-12-23,990.65,3508.48,Delivered,Inter-City
SHP0464,ORD0464,WH006,VEH002,DRV002,RT014,2024-09-07,2024-09-10,2024-09-09,700.54,3377.69,Delivered,Local
SHP0465,ORD0465,WH001,VEH019,DRV048,RT013,2024-10-05,2024-10-10,2024-10-09,618.38,4809.34,Delivered,Local
SHP0466,ORD0466,WH008,VEH003,DRV008,RT019,2025-10-27,2025-10-30,2025-10-30,571.46,2446.39,Delivered,Inter-City
SHP0467,ORD0467,WH006,VEH007,DRV004,RT012,2025-08-30,2025-09-03,2025-09-01,12.92,54.37,Delivered,Local
SHP0468,ORD0468,WH002,VEH006,DRV034,RT006,2025-04-18,2025-04-22,2025-04-20,210.34,798.93,Delivered,Inter-City
SHP0469,ORD0469,WH002,VEH011,DRV040,RT010,2025-06-21,2025-06-26,2025-06-26,850.69,5991.39,Returned,Inter-City
SHP0470,ORD0470,WH006,VEH020,DRV026,RT012,2024-10-15,2024-10-19,2024-10-17,437.45,1658.47,Delivered,Inter-City
SHP0471,ORD0471,WH006,VEH009,DRV019,RT008,2024-11-10,2024-11-16,2024-11-15,786.64,5310.01,Delivered,Local
SHP0472,ORD0472,WH005,VEH020,DRV008,RT013,2025-08-06,2025-08-11,2025-08-09,248.37,1401.99,Delivered,Local
SHP0473,ORD0473,WH005,VEH009,DRV038,RT015,2024-10-18,2024-10-20,2024-10-20,577.05,2087.67,Returned,Local
SHP0474,ORD0474,WH007,VEH009,DRV002,RT017,2025-11-23,2025-11-30,2025-11-28,701.11,2122.98,Delivered,Local
SHP0475,ORD0475,WH004,VEH002,DRV038,RT011,2025-05-27,2025-05-31,2025-05-31,607.41,2953.33,Delivered,Inter-City
SHP0476,ORD0476,WH004,VEH019,DRV043,RT018,2025-10-19,2025-10-26,2025-10-24,584.72,4445.36,Delivered,Local
SHP0477,ORD0477,WH002,VEH008,DRV011,RT004,2024-01-09,2024-01-16,2024-01-14,448.32,1061.27,Delivered,Local
SHP0478,ORD0478,WH003,VEH004,DRV031,RT002,2025-05-05,2025-05-08,2025-05-07,899.74,4598.96,Delivered,Inter-City
SHP0479,ORD0479,WH004,VEH010,DRV041,RT014,2025-01-14,2025-01-17,2025-01-16,801.35,2236.94,Delivered,Inter-City
SHP0480,ORD0480,WH003,VEH002,DRV016,RT001,2024-02-13,2024-02-16,2024-02-19,568.85,4032.88,Delayed,Inter-City
SHP0481,ORD0481,WH007,VEH003,DRV010,RT020,2024-08-16,2024-08-21,2024-08-21,823.85,2346.83,Delivered,Inter-City
SHP0482,ORD0482,WH006,VEH004,DRV009,RT004,2024-07-27,2024-08-02,2024-08-06,336.65,1468.09,Delayed,Inter-City
SHP0483,ORD0483,WH006,VEH017,DRV046,RT020,2025-02-05,2025-02-07,2025-02-06,584.44,3371.07,Delivered,Local
SHP0484,ORD0484,WH008,VEH001,DRV036,RT014,2024-03-21,2024-03-26,2024-03-31,222.31,536.37,Delayed,Inter-City
SHP0485,ORD0485,WH006,VEH018,DRV020,RT007,2024-09-22,2024-09-28,2024-09-28,330.62,1430.7,Returned,Local
SHP0486,ORD0486,WH002,VEH003,DRV015,RT018,2025-07-17,2025-07-20,2025-07-20,885.59,3347.3,Delivered,Local
SHP0487,ORD0487,WH003,VEH007,DRV027,RT006,2025-11-17,2025-11-23,2025-11-23,38.32,133.81,Delivered,Local
SHP0488,ORD0488,WH005,VEH015,DRV019,RT006,2024-09-28,2024-10-02,2024-10-02,657.74,1389.34,Delivered,Inter-City
SHP0489,ORD0489,WH004,VEH015,DRV046,RT019,2025-03-01,2025-03-06,2025-03-04,694.68,4727.98,Delivered,Inter-City
SHP0490,ORD0490,WH007,VEH018,DRV002,RT002,2025-07-19,2025-07-26,2025-07-24,317.22,1981.7,Delivered,Inter-City
SHP0491,ORD0491,WH003,VEH019,DRV018,RT013,2025-08-19,2025-08-20,2025-08-20,886.69,5251.79,Delivered,Inter-City
SHP0492,ORD0492,WH008,VEH015,DRV019,RT003,2025-04-21,2025-04-24,2025-04-24,192.38,428.09,In Transit,Local
SHP0493,ORD0493,WH004,VEH011,DRV004,RT005,2024-08-21,2024-08-26,2024-08-25,947.51,2823.79,Delivered,Local
SHP0494,ORD0494,WH009,VEH020,DRV018,RT014,2025-02-04,2025-02-07,2025-02-07,451.21,1814.16,Delivered,Inter-City
SHP0495,ORD0495,WH003,VEH007,DRV013,RT005,2025-06-16,2025-06-18,2025-06-16,794.24,1632.89,Delivered,Inter-City
SHP0496,ORD0496,WH001,VEH005,DRV022,RT013,2025-08-10,2025-08-11,2025-08-11,208.39,429.23,Delivered,Inter-City
SHP0497,ORD0497,WH001,VEH008,DRV013,RT009,2025-02-22,2025-02-26,2025-02-26,443.77,2842.07,Returned,Local
SHP0498,ORD0498,WH002,VEH014,DRV030,RT012,2024-01-11,2024-01-15,2024-01-14,146.28,712.43,Delivered,Local
SHP0499,ORD0499,WH010,VEH012,DRV049,RT011,2024-09-12,2024-09-18,2024-09-18,177.69,1039.58,Delivered,Inter-City
SHP0500,ORD0500,WH004,VEH002,DRV006,RT006,2024-08-24,2024-08-30,2024-08-28,558.35,1982.08,Delivered,Inter-City
SHP0501,ORD0501,WH008,VEH006,DRV016,RT001,2024-08-09,2024-08-12,2024-08-10,918.31,6202.65,Delivered,Inter-City
SHP0502,ORD0502,WH001,VEH005,DRV035,RT010,2025-04-14,2025-04-15,2025-04-13,810.45,5497.27,Delivered,Local
SHP0503,ORD0503,WH001,VEH003,DRV030,RT006,2024-06-16,2024-06-22,2024-06-22,296.21,2158.33,Delivered,Inter-City
SHP0504,ORD0504,WH001,VEH015,DRV047,RT014,2024-09-22,2024-09-28,2024-09-26,465.26,3097.3,Delivered,Local
SHP0505,ORD0505,WH002,VEH016,DRV042,RT016,2024-11-24,2024-12-01,2024-11-30,416.85,2390.13,Delivered,Inter-City
SHP0506,ORD0506,WH010,VEH006,DRV017,RT002,2025-01-30,2025-02-02,2025-01-31,543.92,2839.77,Delivered,Inter-City
SHP0507,ORD0507,WH008,VEH005,DRV044,RT016,2025-10-06,2025-10-08,2025-10-07,508.26,3856.07,Delivered,Inter-City
SHP0508,ORD0508,WH003,VEH005,DRV021,RT020,2024-02-11,2024-02-18,2024-02-16,783.03,3178.67,Delivered,Inter-City
SHP0509,ORD0509,WH007,VEH018,DRV019,RT009,2025-06-03,2025-06-09,2025-06-07,151.7,528.59,Delivered,Inter-City
SHP0510,ORD0510,WH004,VEH007,DRV029,RT019,2024-03-19,2024-03-26,2024-03-26,104.23,261.33,Delivered,Inter-City
SHP0511,ORD0511,WH001,VEH004,DRV034,RT015,2025-06-09,2025-06-10,2025-06-10,698.4,5513.95,Delivered,Local
SHP0512,ORD0512,WH009,VEH014,DRV048,RT020,2024-02-21,2024-02-27,2024-02-27,457.14,1050.01,Delivered,Inter-City
SHP0513,ORD0513,WH008,VEH010,DRV045,RT002,2025-10-06,2025-10-08,2025-10-06,155.3,407.11,Delivered,Inter-City
SHP0514,ORD0514,WH010,VEH020,DRV017,RT012,2024-07-01,2024-07-06,2024-07-06,321.75,2353.44,In Transit,Local
SHP0515,ORD0515,WH002,VEH016,DRV007,RT006,2024-06-28,2024-06-30,2024-06-29,945.62,6137.67,Delivered,Inter-City
SHP0516,ORD0516,WH004,VEH008,DRV036,RT015,2024-07-05,2024-07-07,2024-07-08,363.91,1359.41,Delayed,Inter-City
SHP0517,ORD0517,WH003,VEH004,DRV025,RT006,2025-01-20,2025-01-26,2025-01-25,686.67,2447.32,Delivered,Local
SHP0518,ORD0518,WH007,VEH007,DRV013,RT001,2025-12-09,2025-12-14,2025-12-14,206.34,771.58,Delivered,Inter-City
SHP0519,ORD0519,WH005,VEH015,DRV002,RT010,2025-05-29,2025-06-05,2025-06-03,501.6,2806.61,Delivered,Local
SHP0520,ORD0520,WH006,VEH001,DRV018,RT015,2024-01-22,2024-01-29,2024-01-29,15.27,64.82,Delivered,Inter-City
SHP0521,ORD0521,WH007,VEH017,DRV044,RT012,2024-03-14,2024-03-19,2024-03-18,193.52,1178.77,Delivered,Inter-City
SHP0522,ORD0522,WH008,VEH009,DRV040,RT006,2025-02-10,2025-02-14,2025-02-12,659.64,1952.37,Delivered,Inter-City
SHP0523,ORD0523,WH010,VEH011,DRV027,RT008,2024-10-01,2024-10-03,2024-10-02,921.68,4465.53,Delivered,Local
SHP0524,ORD0524,WH003,VEH006,DRV023,RT019,2024-06-06,2024-06-07,2024-06-06,85.15,374.34,Delivered,Local
SHP0525,ORD0525,WH009,VEH003,DRV010,RT020,2024-05-17,2024-05-18,2024-05-18,655.85,3565.35,In Transit,Inter-City
SHP0526,ORD0526,WH003,VEH005,DRV038,RT010,2024-04-29,2024-04-30,2024-04-29,924.44,7146.2,Delivered,Inter-City
SHP0527,ORD0527,WH007,VEH007,DRV003,RT005,2025-08-28,2025-08-31,2025-08-30,758.66,4708.84,Delivered,Inter-City
SHP0528,ORD0528,WH007,VEH008,DRV028,RT008,2025-04-19,2025-04-25,2025-04-23,813.3,4777.74,Delivered,Local
SHP0529,ORD0529,WH003,VEH020,DRV047,RT010,2025-11-11,2025-11-18,2025-11-18,47.53,202.57,Delivered,Inter-City
SHP0530,ORD0530,WH006,VEH009,DRV040,RT017,2024-01-28,2024-02-03,2024-02-03,670.48,2707.3,In Transit,Inter-City
SHP0531,ORD0531,WH004,VEH007,DRV047,RT004,2024-08-16,2024-08-22,2024-08-27,761.48,1707.76,Delayed,Inter-City
SHP0532,ORD0532,WH005,VEH019,DRV035,RT008,2025-12-22,2025-12-29,2025-12-29,68.91,403.41,Delivered,Local
SHP0533,ORD0533,WH003,VEH005,DRV007,RT006,2024-03-19,2024-03-22,2024-03-20,299.59,1790.49,Delivered,Inter-City
SHP0534,ORD0534,WH002,VEH012,DRV035,RT005,2025-03-21,2025-03-26,2025-03-25,538.11,4277.22,Delivered,Inter-City
SHP0535,ORD0535,WH005,VEH001,DRV007,RT019,2024-04-22,2024-04-27,2024-04-26,265.83,1388.54,Delivered,Inter-City
SHP0536,ORD0536,WH007,VEH010,DRV020,RT005,2025-11-20,2025-11-21,2025-11-21,795.64,2439.41,Delivered,Inter-City
SHP0537,ORD0537,WH009,VEH016,DRV029,RT017,2025-05-06,2025-05-08,2025-05-07,523.18,3482.09,Delivered,Inter-City
SHP0538,ORD0538,WH007,VEH013,DRV019,RT013,2024-11-14,2024-11-21,2024-11-22,597.81,3793.3,Delayed,Local
SHP0539,ORD0539,WH004,VEH010,DRV043,RT006,2024-04-24,2024-04-29,2024-05-01,716.28,3306.86,Delayed,Inter-City
SHP0540,ORD0540,WH003,VEH006,DRV005,RT007,2024-07-06,2024-07-07,2024-07-06,691.73,1572.19,Delivered,Inter-City
SHP0541,ORD0541,WH003,VEH020,DRV017,RT018,2024-08-10,2024-08-17,2024-08-17,285.0,1400.37,Delivered,Local
SHP0542,ORD0542,WH009,VEH019,DRV050,RT004,2024-04-02,2024-04-06,2024-04-04,449.28,3123.53,Delivered,Inter-City
SHP0543,ORD0543,WH007,VEH019,DRV040,RT020,2025-09-19,2025-09-22,2025-09-20,692.2,1785.33,Delivered,Inter-City
SHP0544,ORD0544,WH003,VEH017,DRV045,RT007,2024-04-23,2024-04-29,2024-04-29,551.8,1292.36,In Transit,Inter-City
SHP0545,ORD0545,WH007,VEH014,DRV027,RT001,2025-12-05,2025-12-11,2025-12-11,707.7,1680.31,Delivered,Inter-City
SHP0546,ORD0546,WH006,VEH007,DRV048,RT006,2025-07-06,2025-07-09,2025-07-09,546.25,1710.48,Delivered,Inter-City
SHP0547,ORD0547,WH002,VEH001,DRV021,RT002,2024-11-30,2024-12-07,2024-12-07,273.8,2003.61,Delivered,Inter-City
SHP0548,ORD0548,WH004,VEH018,DRV046,RT001,2024-12-29,2025-01-03,2025-01-01,166.03,748.39,Delivered,Inter-City
SHP0549,ORD0549,WH010,VEH006,DRV043,RT019,2025-09-18,2025-09-19,2025-09-20,453.85,2361.79,Delayed,Inter-City
SHP0550,ORD0550,WH007,VEH006,DRV030,RT014,2024-09-06,2024-09-13,2024-09-13,181.42,967.85,Delivered,Inter-City
SHP0551,ORD0551,WH004,VEH017,DRV040,RT013,2025-11-20,2025-11-27,2025-11-27,218.42,1070.68,Delivered,Inter-City
SHP0552,ORD0552,WH002,VEH017,DRV022,RT004,2025-10-08,2025-10-13,2025-10-12,181.15,856.7,Delivered,Local
SHP0553,ORD0553,WH004,VEH014,DRV036,RT010,2024-04-21,2024-04-22,2024-04-22,193.92,1160.21,Delivered,Inter-City
SHP0554,ORD0554,WH003,VEH007,DRV015,RT020,2024-06-05,2024-06-06,2024-06-04,542.86,2740.69,Delivered,Inter-City
SHP0555,ORD0555,WH004,VEH012,DRV012,RT015,2025-09-06,2025-09-12,2025-09-12,530.71,2097.47,Delivered,Local
SHP0556,ORD0556,WH001,VEH013,DRV031,RT016,2025-01-29,2025-01-30,2025-01-28,48.23,315.09,Delivered,Inter-City
SHP0557,ORD0557,WH006,VEH019,DRV011,RT001,2025-10-12,2025-10-17,2025-10-15,104.95,621.84,Delivered,Inter-City
SHP0558,ORD0558,WH005,VEH008,DRV050,RT003,2025-09-28,2025-09-30,2025-10-04,608.67,4710.58,Delayed,Inter-City
SHP0559,ORD0559,WH002,VEH015,DRV033,RT004,2024-12-26,2024-12-31,2024-12-30,581.66,3024.31,Delivered,Inter-City
SHP0560,ORD0560,WH004,VEH018,DRV045,RT010,2024-12-24,2024-12-30,2024-12-29,182.3,1103.52,Delivered,Local
SHP0561,ORD0561,WH003,VEH013,DRV025,RT012,2025-12-13,2025-12-20,2025-12-19,536.2,3529.44,Delivered,Inter-City
SHP0562,ORD0562,WH010,VEH012,DRV037,RT004,2024-05-21,2024-05-24,2024-05-23,208.12,1186.38,Delivered,Local
SHP0563,ORD0563,WH010,VEH019,DRV011,RT011,2024-11-29,2024-12-01,2024-11-29,276.46,1274.74,Delivered,Inter-City
SHP0564,ORD0564,WH001,VEH015,DRV048,RT010,2024-05-19,2024-05-24,2024-05-22,27.36,98.73,Delivered,Local
SHP0565,ORD0565,WH008,VEH005,DRV049,RT020,2025-02-25,2025-03-01,2025-02-27,988.52,3783.14,Delivered,Inter-City
SHP0566,ORD0566,WH008,VEH019,DRV040,RT013,2025-05-11,2025-05-12,2025-05-10,8.83,59.08,Delivered,Local
SHP0567,ORD0567,WH008,VEH010,DRV044,RT016,2024-09-18,2024-09-23,2024-09-26,687.16,4881.34,Delayed,Inter-City
SHP0568,ORD0568,WH005,VEH013,DRV018,RT003,2025-06-05,2025-06-07,2025-06-05,802.97,5686.54,Delivered,Local
SHP0569,ORD0569,WH002,VEH014,DRV030,RT008,2024-10-22,2024-10-29,2024-10-28,521.39,3013.36,Delivered,Inter-City
SHP0570,ORD0570,WH004,VEH013,DRV047,RT019,2025-07-03,2025-07-10,2025-07-08,111.28,476.83,Delivered,Local
SHP0571,ORD0571,WH010,VEH018,DRV002,RT009,2024-10-23,2024-10-26,2024-10-26,793.37,2380.1,Delivered,Local
SHP0572,ORD0572,WH009,VEH013,DRV001,RT011,2024-06-24,2024-06-25,2024-06-25,168.21,477.25,Delivered,Inter-City
SHP0573,ORD0573,WH008,VEH002,DRV026,RT013,2024-10-23,2024-10-28,2024-10-26,902.22,1902.3,Delivered,Inter-City
SHP0574,ORD0574,WH009,VEH006,DRV018,RT018,2024-09-15,2024-09-18,2024-09-16,108.85,362.32,Delivered,Inter-City
SHP0575,ORD0575,WH009,VEH018,DRV037,RT018,2024-07-13,2024-07-20,2024-07-21,333.23,1276.51,Delayed,Local
SHP0576,ORD0576,WH009,VEH018,DRV016,RT020,2025-09-01,2025-09-07,2025-09-06,265.6,1893.11,Delivered,Inter-City
SHP0577,ORD0577,WH002,VEH018,DRV023,RT014,2024-08-30,2024-08-31,2024-08-31,925.83,4335.17,Delivered,Inter-City
SHP0578,ORD0578,WH006,VEH001,DRV004,RT001,2024-08-05,2024-08-06,2024-08-04,348.19,1511.93,Delivered,Inter-City
SHP0579,ORD0579,WH007,VEH004,DRV038,RT020,2024-12-30,2025-01-05,2025-01-05,207.29,1547.83,In Transit,Inter-City
SHP0580,ORD0580,WH006,VEH013,DRV019,RT004,2025-07-25,2025-07-28,2025-07-26,195.62,905.65,Delivered,Inter-City
SHP0581,ORD0581,WH009,VEH010,DRV028,RT015,2025-08-06,2025-08-07,2025-08-05,762.36,5705.41,Delivered,Local
SHP0582,ORD0582,WH001,VEH004,DRV034,RT016,2024-06-14,2024-06-18,2024-06-16,804.63,1760.03,Delivered,Inter-City
SHP0583,ORD0583,WH004,VEH014,DRV024,RT004,2024-02-18,2024-02-20,2024-02-23,919.34,3510.13,Delayed,Inter-City
SHP0584,ORD0584,WH005,VEH005,DRV039,RT020,2024-02-14,2024-02-18,2024-02-17,277.89,1127.58,Delivered,Inter-City
SHP0585,ORD0585,WH007,VEH018,DRV026,RT012,2024-06-17,2024-06-20,2024-06-20,380.94,2561.59,Delivered,Local
SHP0586,ORD0586,WH003,VEH004,DRV021,RT012,2025-09-17,2025-09-22,2025-09-21,872.88,2462.89,Delivered,Local
SHP0587,ORD0587,WH007,VEH006,DRV012,RT006,2024-05-07,2024-05-12,2024-05-13,335.13,1103.49,Delayed,Inter-City
SHP0588,ORD0588,WH005,VEH015,DRV002,RT009,2025-05-25,2025-05-28,2025-05-27,901.26,3444.11,Delivered,Local
SHP0589,ORD0589,WH005,VEH011,DRV024,RT020,2024-08-16,2024-08-21,2024-08-20,329.63,849.9,Delivered,Local
SHP0590,ORD0590,WH004,VEH018,DRV015,RT011,2024-01-07,2024-01-11,2024-01-11,831.28,6497.86,Returned,Inter-City
SHP0591,ORD0591,WH005,VEH011,DRV047,RT012,2024-08-11,2024-08-12,2024-08-12,703.01,5041.37,Delivered,Local
SHP0592,ORD0592,WH010,VEH002,DRV001,RT008,2025-02-07,2025-02-09,2025-02-09,660.12,5069.08,In Transit,Inter-City
SHP0593,ORD0593,WH002,VEH016,DRV016,RT005,2025-10-10,2025-10-14,2025-10-13,161.27,1069.93,Delivered,Inter-City
SHP0594,ORD0594,WH009,VEH018,DRV047,RT008,2025-09-24,2025-09-27,2025-09-27,557.91,3500.44,In Transit,Local
SHP0595,ORD0595,WH006,VEH018,DRV021,RT006,2024-07-04,2024-07-09,2024-07-07,308.75,1879.55,Delivered,Inter-City
SHP0596,ORD0596,WH006,VEH005,DRV046,RT011,2024-04-13,2024-04-17,2024-04-17,977.61,3877.35,Delivered,Local
SHP0597,ORD0597,WH006,VEH020,DRV006,RT015,2024-03-09,2024-03-10,2024-03-09,916.66,4743.31,Delivered,Inter-City
SHP0598,ORD0598,WH001,VEH012,DRV020,RT020,2024-04-04,2024-04-07,2024-04-06,456.84,1651.69,Delivered,Inter-City
SHP0599,ORD0599,WH004,VEH012,DRV041,RT007,2024-12-31,2025-01-07,2025-01-07,301.08,2180.74,Delivered,Local
SHP0600,ORD0600,WH005,VEH004,DRV030,RT004,2024-12-30,2025-01-04,2025-01-04,303.78,2076.23,Returned,Inter-City
SHP0601,ORD0601,WH010,VEH015,DRV013,RT009,2024-10-23,2024-10-30,2024-10-28,207.16,828.69,Delivered,Inter-City
SHP0602,ORD0602,WH008,VEH017,DRV035,RT001,2024-08-15,2024-08-17,2024-08-17,532.2,2409.65,Delivered,Local
SHP0603,ORD0603,WH002,VEH007,DRV016,RT017,2025-09-07,2025-09-09,2025-09-08,936.66,4756.25,Delivered,Inter-City
SHP0604,ORD0604,WH009,VEH018,DRV012,RT018,2024-03-10,2024-03-13,2024-03-15,482.52,2340.85,Delayed,Inter-City
SHP0605,ORD0605,WH001,VEH010,DRV036,RT014,2024-07-07,2024-07-10,2024-07-10,685.85,2661.62,Returned,Local
SHP0606,ORD0606,WH002,VEH015,DRV045,RT010,2025-02-22,2025-02-25,2025-02-23,216.64,858.9,Delivered,Local
SHP0607,ORD0607,WH004,VEH016,DRV033,RT002,2024-04-13,2024-04-18,2024-04-16,864.16,3575.41,Delivered,Local
SHP0608,ORD0608,WH008,VEH007,DRV019,RT009,2025-01-25,2025-01-29,2025-01-29,736.54,3429.45,Delivered,Inter-City
SHP0609,ORD0609,WH007,VEH006,DRV038,RT013,2025-08-25,2025-08-26,2025-08-26,987.0,3303.39,Returned,Local
SHP0610,ORD0610,WH007,VEH005,DRV038,RT020,2025-08-12,2025-08-15,2025-08-19,630.96,2889.84,Delayed,Inter-City
SHP0611,ORD0611,WH006,VEH002,DRV040,RT019,2025-08-11,2025-08-16,2025-08-16,691.05,1847.17,Delivered,Inter-City
SHP0612,ORD0612,WH009,VEH020,DRV036,RT011,2025-05-06,2025-05-08,2025-05-06,21.88,162.69,Delivered,Local
SHP0613,ORD0613,WH006,VEH006,DRV007,RT003,2025-07-07,2025-07-12,2025-07-11,665.25,2490.07,Delivered,Local
SHP0614,ORD0614,WH005,VEH006,DRV042,RT010,2025-02-03,2025-02-06,2025-02-04,938.19,6247.29,Delivered,Inter-City
SHP0615,ORD0615,WH005,VEH020,DRV049,RT020,2025-04-13,2025-04-18,2025-04-18,373.86,1130.62,Returned,Local
SHP0616,ORD0616,WH006,VEH016,DRV022,RT019,2024-12-22,2024-12-29,2024-12-27,130.79,668.32,Delivered,Inter-City
SHP0617,ORD0617,WH002,VEH019,DRV004,RT006,2024-05-26,2024-05-27,2024-05-26,746.47,3565.56,Delivered,Inter-City
SHP0618,ORD0618,WH009,VEH020,DRV043,RT003,2024-05-20,2024-05-23,2024-05-21,542.75,3167.37,Delivered,Inter-City
SHP0619,ORD0619,WH008,VEH003,DRV030,RT001,2024-12-02,2024-12-09,2024-12-09,582.7,2211.63,In Transit,Inter-City
SHP0620,ORD0620,WH005,VEH011,DRV007,RT009,2024-07-30,2024-08-03,2024-08-07,761.75,2254.21,Delayed,Inter-City
SHP0621,ORD0621,WH007,VEH017,DRV007,RT003,2024-07-05,2024-07-11,2024-07-13,640.0,2086.09,Delayed,Inter-City
SHP0622,ORD0622,WH009,VEH011,DRV049,RT014,2025-07-03,2025-07-04,2025-07-04,580.23,3283.25,Delivered,Inter-City
SHP0623,ORD0623,WH008,VEH018,DRV006,RT009,2024-12-10,2024-12-15,2024-12-15,888.07,1896.9,Delivered,Local
SHP0624,ORD0624,WH010,VEH019,DRV041,RT006,2024-04-17,2024-04-21,2024-04-21,470.67,1074.05,Returned,Inter-City
SHP0625,ORD0625,WH006,VEH005,DRV036,RT014,2025-03-09,2025-03-14,2025-03-14,224.91,1514.97,Delivered,Inter-City
SHP0626,ORD0626,WH002,VEH011,DRV048,RT017,2025-07-05,2025-07-12,2025-07-12,755.77,3618.68,Delivered,Local
SHP0627,ORD0627,WH001,VEH011,DRV013,RT005,2025-11-20,2025-11-24,2025-11-24,747.4,2039.82,Delivered,Inter-City
SHP0628,ORD0628,WH010,VEH008,DRV038,RT003,2024-01-11,2024-01-13,2024-01-11,130.02,707.44,Delivered,Inter-City
SHP0629,ORD0629,WH008,VEH010,DRV009,RT011,2024-12-23,2024-12-24,2024-12-24,724.89,1633.59,Delivered,Inter-City
SHP0630,ORD0630,WH001,VEH017,DRV021,RT018,2024-04-13,2024-04-20,2024-04-18,718.59,1621.35,Delivered,Inter-City
SHP0631,ORD0631,WH006,VEH002,DRV009,RT010,2024-08-05,2024-08-11,2024-08-10,210.55,509.13,Delivered,Local
SHP0632,ORD0632,WH006,VEH017,DRV032,RT007,2025-01-23,2025-01-30,2025-01-29,144.16,668.79,Delivered,Inter-City
SHP0633,ORD0633,WH004,VEH012,DRV033,RT020,2025-02-14,2025-02-19,2025-02-19,212.94,735.06,Delivered,Local
SHP0634,ORD0634,WH010,VEH002,DRV046,RT001,2025-10-03,2025-10-06,2025-10-04,325.15,2355.03,Delivered,Inter-City
SHP0635,ORD0635,WH007,VEH003,DRV024,RT010,2025-04-06,2025-04-12,2025-04-14,90.52,362.61,Delayed,Inter-City
SHP0636,ORD0636,WH007,VEH013,DRV016,RT019,2025-05-14,2025-05-19,2025-05-19,360.28,2427.97,Delivered,Inter-City
SHP0637,ORD0637,WH002,VEH004,DRV025,RT010,2024-09-09,2024-09-13,2024-09-13,956.74,5434.92,Returned,Inter-City
SHP0638,ORD0638,WH003,VEH017,DRV016,RT016,2025-05-12,2025-05-14,2025-05-13,33.03,97.45,Delivered,Inter-City
SHP0639,ORD0639,WH010,VEH014,DRV050,RT013,2025-02-23,2025-02-24,2025-02-23,914.54,3447.73,Delivered,Local
SHP0640,ORD0640,WH009,VEH003,DRV025,RT009,2024-09-19,2024-09-20,2024-09-18,684.54,1683.46,Delivered,Inter-City
SHP0641,ORD0641,WH002,VEH020,DRV045,RT015,2024-11-27,2024-12-03,2024-12-03,892.19,3576.41,In Transit,Local
SHP0642,ORD0642,WH005,VEH014,DRV017,RT002,2025-01-17,2025-01-18,2025-01-18,192.96,1034.52,Delivered,Inter-City
SHP0643,ORD0643,WH001,VEH005,DRV032,RT007,2024-01-09,2024-01-12,2024-01-12,147.0,664.17,In Transit,Local
SHP0644,ORD0644,WH007,VEH005,DRV033,RT004,2024-09-26,2024-10-02,2024-10-01,678.05,3200.21,Delivered,Inter-City
SHP0645,ORD0645,WH009,VEH019,DRV015,RT019,2024-11-20,2024-11-27,2024-11-27,926.93,5053.68,Delivered,Inter-City
SHP0646,ORD0646,WH010,VEH002,DRV027,RT016,2025-02-15,2025-02-18,2025-02-18,696.7,4990.73,In Transit,Local
SHP0647,ORD0647,WH010,VEH001,DRV037,RT006,2024-06-26,2024-07-01,2024-06-29,764.71,2805.96,Delivered,Local
SHP0648,ORD0648,WH010,VEH017,DRV030,RT009,2024-11-23,2024-11-30,2024-11-30,961.11,2567.43,In Transit,Local
SHP0649,ORD0649,WH004,VEH011,DRV035,RT015,2024-05-19,2024-05-26,2024-05-25,127.67,459.01,Delivered,Inter-City
SHP0650,ORD0650,WH004,VEH001,DRV042,RT014,2025-07-20,2025-07-25,2025-07-25,789.89,5170.11,Delivered,Local
SHP0651,ORD0651,WH005,VEH002,DRV013,RT010,2024-08-01,2024-08-06,2024-08-04,761.21,5638.19,Delivered,Inter-City
SHP0652,ORD0652,WH009,VEH016,DRV014,RT018,2025-04-26,2025-04-30,2025-04-30,653.64,2715.79,In Transit,Inter-City
SHP0653,ORD0653,WH009,VEH008,DRV047,RT008,2024-08-07,2024-08-11,2024-08-10,762.18,3579.99,Delivered,Inter-City
SHP0654,ORD0654,WH005,VEH004,DRV015,RT001,2025-09-11,2025-09-12,2025-09-10,913.58,6991.15,Delivered,Local
SHP0655,ORD0655,WH006,VEH007,DRV033,RT014,2024-01-24,2024-01-26,2024-01-26,547.23,2394.34,In Transit,Inter-City
SHP0656,ORD0656,WH006,VEH009,DRV011,RT002,2024-09-25,2024-09-26,2024-09-24,848.15,6084.75,Delivered,Inter-City
SHP0657,ORD0657,WH004,VEH003,DRV040,RT002,2025-10-30,2025-11-02,2025-11-02,452.96,1269.97,Returned,Local
SHP0658,ORD0658,WH005,VEH009,DRV005,RT001,2024-02-27,2024-03-04,2024-03-02,497.27,2759.55,Delivered,Inter-City
SHP0659,ORD0659,WH005,VEH004,DRV037,RT007,2024-06-12,2024-06-15,2024-06-14,997.84,3433.76,Delivered,Local
SHP0660,ORD0660,WH009,VEH003,DRV004,RT020,2025-05-09,2025-05-15,2025-05-13,313.02,2419.18,Delivered,Inter-City
SHP0661,ORD0661,WH003,VEH005,DRV049,RT009,2025-07-11,2025-07-15,2025-07-15,589.44,3779.65,Delivered,Local
SHP0662,ORD0662,WH008,VEH005,DRV048,RT013,2024-09-18,2024-09-25,2024-09-23,409.84,1270.5,Delivered,Inter-City
SHP0663,ORD0663,WH006,VEH003,DRV032,RT010,2024-05-27,2024-05-29,2024-06-01,18.92,132.33,Delayed,Inter-City
SHP0664,ORD0664,WH004,VEH006,DRV027,RT004,2024-04-20,2024-04-25,2024-04-23,56.36,177.79,Delivered,Local
SHP0665,ORD0665,WH007,VEH017,DRV028,RT004,2025-12-05,2025-12-09,2025-12-09,55.01,113.98,Delivered,Local
SHP0666,ORD0666,WH009,VEH013,DRV029,RT006,2024-02-27,2024-02-29,2024-02-29,36.64,146.98,Delivered,Local
SHP0667,ORD0667,WH004,VEH013,DRV027,RT005,2024-03-12,2024-03-17,2024-03-16,200.61,1554.85,Delivered,Inter-City
SHP0668,ORD0668,WH010,VEH001,DRV001,RT011,2025-04-21,2025-04-25,2025-04-25,606.89,1323.11,In Transit,Inter-City
SHP0669,ORD0669,WH002,VEH016,DRV016,RT005,2024-12-07,2024-12-14,2024-12-12,965.87,2082.4,Delivered,Inter-City
SHP0670,ORD0670,WH008,VEH007,DRV040,RT015,2024-04-01,2024-04-03,2024-04-03,656.08,1987.92,Delivered,Inter-City
SHP0671,ORD0671,WH002,VEH004,DRV014,RT018,2025-01-24,2025-01-29,2025-01-29,744.53,3600.31,Delivered,Inter-City
SHP0672,ORD0672,WH002,VEH013,DRV032,RT005,2024-07-09,2024-07-10,2024-07-10,29.83,207.07,In Transit,Inter-City
SHP0673,ORD0673,WH006,VEH009,DRV048,RT014,2024-04-24,2024-04-28,2024-04-28,571.63,3019.89,Delivered,Inter-City
SHP0674,ORD0674,WH002,VEH016,DRV001,RT015,2024-09-19,2024-09-22,2024-09-24,410.03,3239.03,Delayed,Local
SHP0675,ORD0675,WH003,VEH008,DRV049,RT010,2024-10-27,2024-11-03,2024-11-03,187.75,537.97,Delivered,Inter-City
SHP0676,ORD0676,WH007,VEH001,DRV010,RT011,2024-07-04,2024-07-06,2024-07-04,273.53,682.1,Delivered,Local
SHP0677,ORD0677,WH001,VEH019,DRV018,RT010,2025-04-01,2025-04-08,2025-04-07,883.89,3760.92,Delivered,Inter-City
SHP0678,ORD0678,WH001,VEH007,DRV044,RT006,2025-03-06,2025-03-12,2025-03-10,356.36,914.51,Delivered,Local
SHP0679,ORD0679,WH003,VEH016,DRV027,RT003,2025-10-29,2025-11-02,2025-10-31,819.25,5178.64,Delivered,Inter-City
SHP0680,ORD0680,WH001,VEH005,DRV018,RT012,2025-12-09,2025-12-12,2025-12-17,542.35,1448.99,Delayed,Inter-City
SHP0681,ORD0681,WH001,VEH005,DRV007,RT004,2025-08-11,2025-08-17,2025-08-17,323.07,2449.14,Delivered,Inter-City
SHP0682,ORD0682,WH010,VEH003,DRV011,RT014,2025-07-07,2025-07-11,2025-07-09,289.11,1630.55,Delivered,Local
SHP0683,ORD0683,WH009,VEH014,DRV017,RT016,2025-07-23,2025-07-27,2025-07-25,676.09,1866.96,Delivered,Local
SHP0684,ORD0684,WH008,VEH013,DRV004,RT001,2025-05-27,2025-06-01,2025-05-31,315.4,1120.59,Delivered,Inter-City
SHP0685,ORD0685,WH009,VEH008,DRV029,RT018,2024-03-31,2024-04-05,2024-04-05,574.03,2838.1,Delivered,Inter-City
SHP0686,ORD0686,WH010,VEH019,DRV009,RT003,2025-03-23,2025-03-26,2025-03-26,48.39,213.98,In Transit,Local
SHP0687,ORD0687,WH009,VEH007,DRV026,RT020,2025-10-02,2025-10-04,2025-10-04,786.5,6195.96,Delivered,Inter-City
SHP0688,ORD0688,WH005,VEH018,DRV018,RT017,2025-03-23,2025-03-26,2025-03-25,944.83,2111.16,Delivered,Local
SHP0689,ORD0689,WH003,VEH004,DRV015,RT019,2025-06-24,2025-06-28,2025-06-27,277.95,868.58,Delivered,Inter-City
SHP0690,ORD0690,WH001,VEH006,DRV005,RT006,2024-07-23,2024-07-29,2024-07-27,494.21,3772.21,Delivered,Inter-City
SHP0691,ORD0691,WH003,VEH001,DRV023,RT011,2024-01-02,2024-01-04,2024-01-04,6.97,14.8,Delivered,Local
SHP0692,ORD0692,WH009,VEH017,DRV025,RT008,2024-10-25,2024-10-31,2024-10-29,994.09,4692.72,Delivered,Local
SHP0693,ORD0693,WH010,VEH004,DRV040,RT001,2024-01-04,2024-01-09,2024-01-09,523.49,3459.59,In Transit,Inter-City
SHP0694,ORD0694,WH010,VEH003,DRV008,RT009,2024-05-01,2024-05-05,2024-05-05,28.03,216.66,Delivered,Inter-City
SHP0695,ORD0695,WH002,VEH013,DRV037,RT005,2024-08-28,2024-08-30,2024-08-28,497.0,3778.65,Delivered,Inter-City
SHP0696,ORD0696,WH010,VEH018,DRV050,RT019,2025-04-15,2025-04-21,2025-04-26,49.51,101.67,Delayed,Inter-City
SHP0697,ORD0697,WH006,VEH010,DRV035,RT003,2025-07-14,2025-07-18,2025-07-17,999.98,4330.96,Delivered,Local
SHP0698,ORD0698,WH001,VEH002,DRV002,RT020,2025-08-26,2025-08-31,2025-08-30,685.88,2396.63,Delivered,Inter-City
SHP0699,ORD0699,WH002,VEH004,DRV047,RT008,2025-04-01,2025-04-02,2025-04-02,525.77,1320.2,Delivered,Local
SHP0700,ORD0700,WH002,VEH020,DRV036,RT012,2025-12-11,2025-12-14,2025-12-17,503.74,3302.21,Delayed,Local
SHP0701,ORD0701,WH005,VEH005,DRV002,RT007,2025-10-13,2025-10-16,2025-10-14,16.98,70.94,Delivered,Inter-City
SHP0702,ORD0702,WH006,VEH008,DRV018,RT014,2025-02-24,2025-02-25,2025-02-24,325.04,2490.03,Delivered,Local
SHP0703,ORD0703,WH010,VEH020,DRV017,RT010,2025-08-18,2025-08-24,2025-08-27,863.91,3966.78,Delayed,Inter-City
SHP0704,ORD0704,WH003,VEH002,DRV007,RT002,2025-07-17,2025-07-19,2025-07-18,881.83,5578.55,Delivered,Inter-City
SHP0705,ORD0705,WH003,VEH018,DRV006,RT017,2024-06-04,2024-06-06,2024-06-04,226.38,1059.56,Delivered,Inter-City
SHP0706,ORD0706,WH005,VEH001,DRV010,RT013,2024-05-24,2024-05-25,2024-05-23,349.92,2562.62,Delivered,Inter-City
SHP0707,ORD0707,WH008,VEH009,DRV045,RT011,2024-05-19,2024-05-23,2024-05-23,231.26,1729.01,Returned,Inter-City
SHP0708,ORD0708,WH004,VEH014,DRV020,RT006,2024-08-15,2024-08-18,2024-08-17,22.31,84.06,Delivered,Local
SHP0709,ORD0709,WH003,VEH020,DRV007,RT018,2024-05-22,2024-05-27,2024-05-30,111.65,301.14,Delayed,Inter-City
SHP0710,ORD0710,WH007,VEH003,DRV041,RT006,2025-10-08,2025-10-11,2025-10-10,566.64,2108.57,Delivered,Inter-City
SHP0711,ORD0711,WH007,VEH004,DRV003,RT002,2025-04-20,2025-04-25,2025-04-25,222.97,799.8,Delivered,Inter-City
SHP0712,ORD0712,WH007,VEH001,DRV004,RT003,2024-05-10,2024-05-15,2024-05-15,524.76,2492.45,Delivered,Inter-City
SHP0713,ORD0713,WH001,VEH003,DRV047,RT006,2024-07-24,2024-07-26,2024-07-24,736.33,5560.31,Delivered,Inter-City
SHP0714,ORD0714,WH007,VEH003,DRV023,RT003,2024-05-08,2024-05-09,2024-05-07,904.93,6948.98,Delivered,Inter-City
SHP0715,ORD0715,WH006,VEH001,DRV032,RT014,2025-03-21,2025-03-28,2025-03-27,228.27,1572.64,Delivered,Local
SHP0716,ORD0716,WH005,VEH010,DRV025,RT002,2024-11-08,2024-11-14,2024-11-14,894.36,7039.34,Delivered,Inter-City
SHP0717,ORD0717,WH007,VEH008,DRV041,RT010,2025-01-27,2025-02-03,2025-02-03,966.56,2554.06,In Transit,Inter-City
SHP0718,ORD0718,WH002,VEH011,DRV016,RT001,2025-01-09,2025-01-13,2025-01-15,964.22,3716.84,Delayed,Inter-City
SHP0719,ORD0719,WH003,VEH009,DRV016,RT012,2025-07-25,2025-07-29,2025-07-29,493.71,2201.45,Delivered,Inter-City
SHP0720,ORD0720,WH003,VEH006,DRV021,RT004,2025-11-26,2025-11-28,2025-11-27,669.84,2076.26,Delivered,Local
SHP0721,ORD0721,WH008,VEH001,DRV033,RT013,2025-03-04,2025-03-10,2025-03-10,810.19,6165.29,In Transit,Local
SHP0722,ORD0722,WH007,VEH005,DRV009,RT009,2024-03-19,2024-03-24,2024-03-23,884.45,3938.12,Delivered,Local
SHP0723,ORD0723,WH009,VEH015,DRV033,RT009,2025-09-30,2025-10-03,2025-10-03,475.94,3321.69,In Transit,Inter-City
SHP0724,ORD0724,WH003,VEH019,DRV004,RT007,2025-01-05,2025-01-06,2025-01-06,415.72,3157.77,Delivered,Inter-City
SHP0725,ORD0725,WH009,VEH010,DRV033,RT019,2025-05-09,2025-05-12,2025-05-12,129.93,504.03,Delivered,Inter-City
SHP0726,ORD0726,WH005,VEH007,DRV020,RT002,2024-11-10,2024-11-16,2024-11-15,879.31,5736.09,Delivered,Local
SHP0727,ORD0727,WH009,VEH005,DRV008,RT005,2024-03-29,2024-04-01,2024-04-05,844.26,4751.16,Delayed,Inter-City
SHP0728,ORD0728,WH006,VEH006,DRV023,RT009,2025-08-11,2025-08-18,2025-08-18,22.11,97.24,Delivered,Inter-City
SHP0729,ORD0729,WH005,VEH010,DRV042,RT003,2024-05-06,2024-05-07,2024-05-05,711.71,3528.9,Delivered,Local
SHP0730,ORD0730,WH004,VEH018,DRV036,RT003,2025-06-27,2025-06-29,2025-06-28,252.83,1805.98,Delivered,Local
SHP0731,ORD0731,WH007,VEH008,DRV020,RT008,2024-12-11,2024-12-17,2024-12-15,790.01,3952.15,Delivered,Inter-City
SHP0732,ORD0732,WH009,VEH006,DRV047,RT003,2025-06-24,2025-06-29,2025-06-28,588.75,2660.36,Delivered,Local
SHP0733,ORD0733,WH001,VEH013,DRV026,RT009,2024-01-19,2024-01-22,2024-01-22,817.48,6505.33,Delivered,Inter-City
SHP0734,ORD0734,WH003,VEH003,DRV011,RT012,2024-11-14,2024-11-16,2024-11-14,751.0,1872.67,Delivered,Local
SHP0735,ORD0735,WH003,VEH008,DRV002,RT004,2025-12-26,2025-12-30,2025-12-30,314.4,2032.23,Delivered,Inter-City
SHP0736,ORD0736,WH009,VEH014,DRV001,RT008,2025-05-23,2025-05-25,2025-05-25,714.96,4183.35,Delivered,Inter-City
SHP0737,ORD0737,WH009,VEH013,DRV004,RT002,2024-07-26,2024-07-28,2024-07-28,67.17,416.0,Returned,Inter-City
SHP0738,ORD0738,WH002,VEH020,DRV029,RT018,2025-08-29,2025-09-03,2025-09-01,912.86,2096.83,Delivered,Inter-City
SHP0739,ORD0739,WH002,VEH009,DRV003,RT001,2024-08-02,2024-08-05,2024-08-04,814.22,2804.35,Delivered,Inter-City
SHP0740,ORD0740,WH008,VEH004,DRV038,RT015,2025-10-29,2025-11-03,2025-11-02,50.36,327.1,Delivered,Local
SHP0741,ORD0741,WH007,VEH005,DRV049,RT012,2025-12-01,2025-12-07,2025-12-05,977.88,7768.03,Delivered,Local
SHP0742,ORD0742,WH009,VEH009,DRV007,RT019,2025-10-25,2025-10-28,2025-10-26,469.33,2413.91,Delivered,Inter-City
SHP0743,ORD0743,WH006,VEH001,DRV041,RT004,2024-03-19,2024-03-21,2024-03-20,344.02,1385.09,Delivered,Inter-City
SHP0744,ORD0744,WH003,VEH004,DRV002,RT016,2024-06-19,2024-06-24,2024-06-22,677.62,4758.74,Delivered,Inter-City
SHP0745,ORD0745,WH009,VEH001,DRV031,RT005,2025-04-24,2025-04-29,2025-04-29,716.48,3444.61,Delivered,Inter-City
SHP0746,ORD0746,WH007,VEH004,DRV028,RT001,2025-07-19,2025-07-25,2025-07-23,115.51,657.65,Delivered,Inter-City
SHP0747,ORD0747,WH003,VEH005,DRV013,RT020,2025-08-25,2025-08-31,2025-08-30,255.06,1260.62,Delivered,Local
SHP0748,ORD0748,WH002,VEH018,DRV013,RT016,2024-12-12,2024-12-19,2024-12-19,230.55,1080.0,In Transit,Inter-City
SHP0749,ORD0749,WH007,VEH018,DRV007,RT001,2024-07-05,2024-07-12,2024-07-11,549.29,3319.04,Delivered,Local
SHP0750,ORD0750,WH009,VEH012,DRV023,RT015,2025-05-27,2025-05-28,2025-05-28,173.87,615.74,Delivered,Inter-City
SHP0751,ORD0751,WH005,VEH007,DRV050,RT005,2024-08-06,2024-08-10,2024-08-12,166.46,1156.14,Delayed,Inter-City
SHP0752,ORD0752,WH007,VEH019,DRV003,RT013,2025-09-08,2025-09-14,2025-09-14,764.6,4059.2,In Transit,Inter-City
SHP0753,ORD0753,WH008,VEH009,DRV026,RT016,2024-01-21,2024-01-25,2024-01-24,683.83,2830.4,Delivered,Local
SHP0754,ORD0754,WH007,VEH020,DRV045,RT004,2024-09-08,2024-09-13,2024-09-16,698.5,5334.88,Delayed,Local
SHP0755,ORD0755,WH003,VEH003,DRV021,RT002,2024-04-28,2024-05-05,2024-05-09,895.18,6213.18,Delayed,Inter-City
SHP0756,ORD0756,WH007,VEH003,DRV001,RT016,2024-01-10,2024-01-12,2024-01-12,201.64,459.44,In Transit,Inter-City
SHP0757,ORD0757,WH009,VEH009,DRV011,RT010,2024-08-04,2024-08-10,2024-08-08,696.36,3983.19,Delivered,Inter-City
SHP0758,ORD0758,WH004,VEH019,DRV009,RT010,2025-07-08,2025-07-15,2025-07-14,505.87,1680.67,Delivered,Inter-City
SHP0759,ORD0759,WH001,VEH010,DRV007,RT014,2025-09-07,2025-09-14,2025-09-14,814.98,3177.08,Delivered,Inter-City
SHP0760,ORD0760,WH004,VEH002,DRV010,RT004,2025-01-12,2025-01-13,2025-01-12,478.89,2005.77,Delivered,Local
SHP0761,ORD0761,WH009,VEH013,DRV045,RT010,2025-02-17,2025-02-23,2025-02-23,234.93,1693.0,Delivered,Inter-City
SHP0762,ORD0762,WH010,VEH011,DRV015,RT010,2025-07-17,2025-07-18,2025-07-18,8.12,17.07,Delivered,Local
SHP0763,ORD0763,WH002,VEH009,DRV032,RT014,2024-09-22,2024-09-29,2024-09-29,493.13,3413.24,Delivered,Local
SHP0764,ORD0764,WH010,VEH014,DRV008,RT011,2025-04-28,2025-04-30,2025-04-28,340.28,2200.51,Delivered,Inter-City
SHP0765,ORD0765,WH002,VEH005,DRV035,RT003,2025-04-04,2025-04-08,2025-04-07,808.14,2265.96,Delivered,Inter-City
SHP0766,ORD0766,WH010,VEH012,DRV049,RT019,2025-05-24,2025-05-29,2025-05-29,344.66,1226.16,Delivered,Inter-City
SHP0767,ORD0767,WH007,VEH002,DRV049,RT020,2025-04-17,2025-04-19,2025-04-19,735.68,1554.61,Delivered,Inter-City
SHP0768,ORD0768,WH005,VEH010,DRV028,RT012,2024-10-13,2024-10-17,2024-10-16,471.22,1046.14,Delivered,Local
SHP0769,ORD0769,WH002,VEH015,DRV007,RT001,2025-04-16,2025-04-18,2025-04-18,827.78,3959.33,Delivered,Inter-City
SHP0770,ORD0770,WH006,VEH013,DRV017,RT016,2025-06-28,2025-07-04,2025-07-04,483.75,3065.02,Delivered,Local
SHP0771,ORD0771,WH004,VEH004,DRV032,RT011,2024-11-10,2024-11-12,2024-11-10,20.87,64.99,Delivered,Inter-City
SHP0772,ORD0772,WH008,VEH010,DRV005,RT010,2025-05-30,2025-06-06,2025-06-05,707.15,4264.34,Delivered,Local
SHP0773,ORD0773,WH007,VEH002,DRV011,RT019,2024-06-25,2024-06-28,2024-06-27,771.72,3369.76,Delivered,Inter-City
SHP0774,ORD0774,WH009,VEH013,DRV010,RT015,2024-07-09,2024-07-14,2024-07-19,834.74,6663.05,Delayed,Local
SHP0775,ORD0775,WH008,VEH014,DRV028,RT009,2024-05-19,2024-05-20,2024-05-19,654.44,2790.19,Delivered,Inter-City
SHP0776,ORD0776,WH004,VEH005,DRV031,RT003,2025-12-24,2025-12-26,2025-12-25,212.2,1122.74,Delivered,Local
SHP0777,ORD0777,WH007,VEH016,DRV027,RT005,2025-01-01,2025-01-06,2025-01-06,129.75,954.79,Returned,Inter-City
SHP0778,ORD0778,WH007,VEH017,DRV031,RT020,2024-02-23,2024-02-27,2024-02-25,695.61,4719.01,Delivered,Local
SHP0779,ORD0779,WH009,VEH017,DRV026,RT019,2025-11-26,2025-11-28,2025-11-28,62.25,249.48,Delivered,Local
SHP0780,ORD0780,WH006,VEH008,DRV017,RT001,2024-12-21,2024-12-28,2024-12-29,688.87,5277.81,Delayed,Inter-City
SHP0781,ORD0781,WH010,VEH005,DRV031,RT007,2025-08-14,2025-08-18,2025-08-16,88.39,656.63,Delivered,Inter-City
SHP0782,ORD0782,WH010,VEH015,DRV028,RT009,2024-01-10,2024-01-13,2024-01-13,683.4,4392.35,Delivered,Local
SHP0783,ORD0783,WH007,VEH015,DRV004,RT016,2025-05-27,2025-06-01,2025-05-31,502.31,2026.32,Delivered,Inter-City
SHP0784,ORD0784,WH005,VEH006,DRV028,RT003,2025-08-23,2025-08-29,2025-08-30,245.03,1638.65,Delayed,Local
SHP0785,ORD0785,WH005,VEH005,DRV012,RT016,2024-08-03,2024-08-10,2024-08-09,750.83,2088.38,Delivered,Inter-City
SHP0786,ORD0786,WH004,VEH006,DRV004,RT006,2024-06-28,2024-07-04,2024-07-04,151.49,396.86,In Transit,Local
SHP0787,ORD0787,WH002,VEH015,DRV024,RT016,2025-03-12,2025-03-17,2025-03-17,968.87,2557.48,Delivered,Inter-City
SHP0788,ORD0788,WH003,VEH002,DRV050,RT010,2024-06-10,2024-06-15,2024-06-13,375.09,1400.47,Delivered,Inter-City
SHP0789,ORD0789,WH009,VEH013,DRV037,RT018,2024-08-26,2024-08-27,2024-08-26,179.84,471.43,Delivered,Local
SHP0790,ORD0790,WH007,VEH019,DRV001,RT007,2025-08-21,2025-08-28,2025-08-28,191.24,1413.44,Delivered,Inter-City
SHP0791,ORD0791,WH007,VEH019,DRV036,RT001,2024-04-07,2024-04-10,2024-04-10,680.22,2456.84,Delivered,Inter-City
SHP0792,ORD0792,WH002,VEH002,DRV028,RT018,2024-01-26,2024-02-02,2024-02-02,453.32,3309.79,Delivered,Local
SHP0793,ORD0793,WH001,VEH007,DRV006,RT013,2024-07-17,2024-07-21,2024-07-21,888.73,5431.48,Delivered,Inter-City
SHP0794,ORD0794,WH001,VEH010,DRV038,RT007,2024-08-01,2024-08-03,2024-08-07,835.96,2592.51,Delayed,Inter-City
SHP0795,ORD0795,WH005,VEH013,DRV037,RT008,2024-04-25,2024-05-02,2024-05-01,164.11,602.58,Delivered,Local
SHP0796,ORD0796,WH008,VEH014,DRV016,RT018,2024-01-06,2024-01-11,2024-01-11,226.18,1216.15,In Transit,Local
SHP0797,ORD0797,WH007,VEH011,DRV017,RT002,2024-06-09,2024-06-12,2024-06-10,729.88,5040.36,Delivered,Local
SHP0798,ORD0798,WH009,VEH011,DRV007,RT020,2024-08-12,2024-08-18,2024-08-18,606.69,1676.48,In Transit,Inter-City
SHP0799,ORD0799,WH003,VEH016,DRV012,RT018,2024-03-30,2024-04-01,2024-03-30,122.28,528.95,Delivered,Local
SHP0800,ORD0800,WH006,VEH002,DRV020,RT019,2025-03-15,2025-03-16,2025-03-16,831.29,5246.4,Delivered,Inter-City
SHP0801,ORD0801,WH008,VEH013,DRV042,RT011,2024-06-24,2024-06-28,2024-06-28,555.2,2122.16,Delivered,Local
SHP0802,ORD0802,WH004,VEH019,DRV032,RT009,2025-09-30,2025-10-06,2025-10-06,628.47,2665.85,Returned,Inter-City
SHP0803,ORD0803,WH008,VEH001,DRV033,RT018,2025-03-21,2025-03-24,2025-03-24,421.6,2095.76,Delivered,Inter-City
SHP0804,ORD0804,WH006,VEH014,DRV002,RT006,2024-02-15,2024-02-20,2024-02-20,666.78,5023.65,Delivered,Inter-City
SHP0805,ORD0805,WH010,VEH006,DRV039,RT002,2024-06-18,2024-06-20,2024-06-20,904.6,6024.43,Delivered,Inter-City
SHP0806,ORD0806,WH005,VEH008,DRV040,RT002,2024-10-13,2024-10-16,2024-10-14,574.56,1268.38,Delivered,Inter-City
SHP0807,ORD0807,WH004,VEH006,DRV011,RT012,2024-07-16,2024-07-18,2024-07-18,177.45,1374.25,Delivered,Inter-City
SHP0808,ORD0808,WH004,VEH012,DRV005,RT002,2024-06-06,2024-06-13,2024-06-12,906.34,6192.26,Delivered,Local
SHP0809,ORD0809,WH006,VEH002,DRV008,RT020,2024-08-19,2024-08-22,2024-08-25,331.92,2093.58,Delayed,Inter-City
SHP0810,ORD0810,WH001,VEH008,DRV026,RT019,2025-05-31,2025-06-07,2025-06-05,809.49,3002.42,Delivered,Local
SHP0811,ORD0811,WH004,VEH020,DRV013,RT008,2024-07-16,2024-07-18,2024-07-17,850.55,3712.38,Delivered,Inter-City
SHP0812,ORD0812,WH003,VEH019,DRV028,RT005,2024-01-08,2024-01-15,2024-01-13,31.52,169.77,Delivered,Inter-City
SHP0813,ORD0813,WH009,VEH008,DRV008,RT005,2024-10-02,2024-10-09,2024-10-08,95.01,691.5,Delivered,Inter-City
SHP0814,ORD0814,WH001,VEH015,DRV050,RT011,2025-09-04,2025-09-08,2025-09-08,316.49,2293.73,Returned,Inter-City
SHP0815,ORD0815,WH010,VEH020,DRV009,RT002,2024-04-30,2024-05-02,2024-05-02,967.15,4264.1,Delivered,Inter-City
SHP0816,ORD0816,WH002,VEH016,DRV030,RT010,2025-08-25,2025-08-28,2025-08-27,164.25,1221.77,Delivered,Inter-City
SHP0817,ORD0817,WH007,VEH006,DRV039,RT009,2025-10-18,2025-10-19,2025-10-17,207.13,971.2,Delivered,Inter-City
SHP0818,ORD0818,WH010,VEH004,DRV038,RT005,2024-07-04,2024-07-08,2024-07-07,80.63,272.08,Delivered,Inter-City
SHP0819,ORD0819,WH008,VEH012,DRV015,RT013,2024-05-11,2024-05-15,2024-05-14,476.09,1383.93,Delivered,Inter-City
SHP0820,ORD0820,WH009,VEH013,DRV017,RT013,2024-04-15,2024-04-17,2024-04-15,30.28,173.35,Delivered,Inter-City
SHP0821,ORD0821,WH002,VEH015,DRV050,RT008,2024-01-28,2024-01-29,2024-01-27,595.13,3546.42,Delivered,Inter-City
SHP0822,ORD0822,WH009,VEH009,DRV021,RT005,2024-10-03,2024-10-04,2024-10-04,170.38,449.01,Delivered,Local
SHP0823,ORD0823,WH006,VEH008,DRV022,RT012,2024-01-11,2024-01-14,2024-01-15,274.55,1734.82,Delayed,Inter-City
SHP0824,ORD0824,WH003,VEH004,DRV038,RT004,2024-11-02,2024-11-04,2024-11-02,842.11,4298.59,Delivered,Inter-City
SHP0825,ORD0825,WH008,VEH016,DRV038,RT015,2025-10-15,2025-10-17,2025-10-17,264.62,1490.55,In Transit,Inter-City
SHP0826,ORD0826,WH003,VEH012,DRV045,RT009,2024-05-14,2024-05-16,2024-05-16,504.21,1723.19,Delivered,Local
SHP0827,ORD0827,WH005,VEH011,DRV045,RT018,2024-04-22,2024-04-27,2024-04-27,737.27,5761.59,Delivered,Local
SHP0828,ORD0828,WH005,VEH018,DRV031,RT016,2024-02-12,2024-02-16,2024-02-16,495.25,2126.22,In Transit,Local
SHP0829,ORD0829,WH010,VEH007,DRV014,RT008,2024-06-23,2024-06-28,2024-06-26,986.25,4517.02,Delivered,Inter-City
SHP0830,ORD0830,WH002,VEH012,DRV040,RT002,2024-06-18,2024-06-21,2024-06-20,717.83,4302.01,Delivered,Inter-City
SHP0831,ORD0831,WH007,VEH009,DRV004,RT017,2024-12-07,2024-12-13,2024-12-11,786.68,3269.18,Delivered,Local
SHP0832,ORD0832,WH009,VEH017,DRV013,RT018,2024-06-24,2024-07-01,2024-06-30,700.97,4390.6,Delivered,Inter-City
SHP0833,ORD0833,WH008,VEH005,DRV026,RT006,2024-01-19,2024-01-25,2024-01-23,269.79,1320.23,Delivered,Inter-City
SHP0834,ORD0834,WH010,VEH006,DRV024,RT010,2024-08-09,2024-08-16,2024-08-14,875.52,5623.19,Delivered,Inter-City
SHP0835,ORD0835,WH002,VEH019,DRV026,RT006,2025-07-22,2025-07-24,2025-07-24,176.75,1275.69,In Transit,Inter-City
SHP0836,ORD0836,WH001,VEH004,DRV035,RT006,2024-12-27,2025-01-02,2025-01-02,796.84,6058.34,In Transit,Local
SHP0837,ORD0837,WH007,VEH006,DRV049,RT010,2025-04-02,2025-04-04,2025-04-02,414.13,2291.75,Delivered,Inter-City
SHP0838,ORD0838,WH005,VEH006,DRV042,RT001,2024-04-02,2024-04-09,2024-04-11,793.95,2758.26,Delayed,Inter-City
SHP0839,ORD0839,WH005,VEH003,DRV019,RT019,2025-08-10,2025-08-12,2025-08-17,16.39,34.1,Delayed,Local
SHP0840,ORD0840,WH007,VEH013,DRV011,RT015,2024-02-10,2024-02-12,2024-02-12,412.86,826.33,In Transit,Inter-City
SHP0841,ORD0841,WH006,VEH002,DRV038,RT012,2025-03-16,2025-03-18,2025-03-18,71.42,501.06,Delivered,Inter-City
SHP0842,ORD0842,WH001,VEH001,DRV046,RT008,2025-09-21,2025-09-22,2025-09-22,738.64,1851.34,Delivered,Inter-City
SHP0843,ORD0843,WH004,VEH008,DRV024,RT007,2025-07-05,2025-07-10,2025-07-10,138.8,525.67,Delivered,Inter-City
SHP0844,ORD0844,WH008,VEH003,DRV006,RT019,2024-08-15,2024-08-19,2024-08-19,696.35,3146.97,Delivered,Inter-City
SHP0845,ORD0845,WH001,VEH017,DRV010,RT015,2025-05-12,2025-05-18,2025-05-18,323.77,1193.39,Delivered,Inter-City
SHP0846,ORD0846,WH002,VEH014,DRV004,RT016,2025-03-22,2025-03-29,2025-03-31,393.97,1304.17,Delayed,Inter-City
SHP0847,ORD0847,WH009,VEH012,DRV001,RT001,2025-08-09,2025-08-12,2025-08-12,465.71,1489.95,Delivered,Inter-City
SHP0848,ORD0848,WH007,VEH003,DRV029,RT014,2025-11-05,2025-11-07,2025-11-07,674.93,2182.4,Delivered,Local
SHP0849,ORD0849,WH004,VEH014,DRV008,RT001,2025-10-20,2025-10-27,2025-10-25,262.68,1648.4,Delivered,Inter-City
SHP0850,ORD0850,WH007,VEH010,DRV009,RT007,2024-04-11,2024-04-15,2024-04-14,279.64,1930.29,Delivered,Inter-City
SHP0851,ORD0851,WH002,VEH007,DRV030,RT006,2025-04-20,2025-04-24,2025-04-28,525.74,2554.91,Delayed,Inter-City
SHP0852,ORD0852,WH007,VEH002,DRV028,RT007,2024-09-14,2024-09-19,2024-09-18,184.16,1445.3,Delivered,Inter-City
SHP0853,ORD0853,WH005,VEH014,DRV005,RT016,2024-12-01,2024-12-08,2024-12-07,104.59,554.63,Delivered,Inter-City
SHP0854,ORD0854,WH001,VEH003,DRV032,RT020,2025-09-22,2025-09-27,2025-09-27,176.57,1091.91,Delivered,Local
SHP0855,ORD0855,WH001,VEH006,DRV019,RT018,2024-08-12,2024-08-16,2024-08-15,270.28,974.07,Delivered,Inter-City
SHP0856,ORD0856,WH008,VEH006,DRV015,RT009,2024-12-19,2024-12-23,2024-12-22,797.15,3990.45,Delivered,Local
SHP0857,ORD0857,WH007,VEH019,DRV017,RT015,2025-08-06,2025-08-13,2025-08-13,169.68,1229.31,Delivered,Local
SHP0858,ORD0858,WH009,VEH012,DRV048,RT008,2025-01-22,2025-01-29,2025-01-31,420.93,2275.93,Delayed,Local
SHP0859,ORD0859,WH005,VEH015,DRV012,RT007,2025-06-12,2025-06-16,2025-06-14,707.57,1683.53,Delivered,Inter-City
SHP0860,ORD0860,WH001,VEH001,DRV039,RT011,2024-08-20,2024-08-25,2024-08-24,627.69,2434.0,Delivered,Inter-City
SHP0861,ORD0861,WH005,VEH006,DRV006,RT013,2024-10-12,2024-10-14,2024-10-13,781.33,4391.41,Delivered,Inter-City
SHP0862,ORD0862,WH001,VEH019,DRV050,RT008,2025-05-03,2025-05-08,2025-05-08,265.54,1211.94,Delivered,Local
SHP0863,ORD0863,WH005,VEH016,DRV042,RT014,2024-04-06,2024-04-09,2024-04-09,458.33,3546.15,Delivered,Inter-City
SHP0864,ORD0864,WH009,VEH009,DRV018,RT007,2025-04-13,2025-04-14,2025-04-13,729.1,1818.47,Delivered,Local
SHP0865,ORD0865,WH008,VEH012,DRV027,RT009,2025-02-28,2025-03-07,2025-03-06,135.72,985.47,Delivered,Inter-City
SHP0866,ORD0866,WH004,VEH013,DRV036,RT003,2025-01-11,2025-01-17,2025-01-16,882.86,2227.25,Delivered,Local
SHP0867,ORD0867,WH006,VEH017,DRV048,RT020,2025-08-07,2025-08-08,2025-08-08,153.41,744.39,Delivered,Inter-City
SHP0868,ORD0868,WH003,VEH019,DRV008,RT001,2025-06-13,2025-06-16,2025-06-15,45.8,216.48,Delivered,Inter-City
SHP0869,ORD0869,WH009,VEH013,DRV002,RT010,2024-08-29,2024-09-01,2024-08-31,754.13,3446.7,Delivered,Local
SHP0870,ORD0870,WH006,VEH002,DRV015,RT008,2025-03-30,2025-04-02,2025-04-02,915.27,5082.35,In Transit,Inter-City
SHP0871,ORD0871,WH004,VEH007,DRV002,RT013,2025-05-09,2025-05-15,2025-05-14,667.54,1424.21,Delivered,Local
SHP0872,ORD0872,WH007,VEH016,DRV045,RT004,2025-07-15,2025-07-17,2025-07-17,736.22,3330.5,Delivered,Inter-City
SHP0873,ORD0873,WH008,VEH019,DRV042,RT009,2024-03-24,2024-03-29,2024-03-29,772.24,3639.36,Delivered,Inter-City
SHP0874,ORD0874,WH009,VEH014,DRV022,RT007,2025-05-29,2025-06-05,2025-06-04,677.87,4643.43,Delivered,Inter-City
SHP0875,ORD0875,WH001,VEH013,DRV031,RT007,2025-08-09,2025-08-13,2025-08-13,308.16,2119.91,Delivered,Inter-City
SHP0876,ORD0876,WH009,VEH020,DRV033,RT016,2025-02-13,2025-02-14,2025-02-12,844.62,5737.44,Delivered,Inter-City
SHP0877,ORD0877,WH006,VEH001,DRV043,RT010,2025-08-07,2025-08-09,2025-08-09,829.29,5114.08,Delivered,Inter-City
SHP0878,ORD0878,WH001,VEH009,DRV042,RT018,2025-03-08,2025-03-15,2025-03-13,766.02,4037.22,Delivered,Inter-City
SHP0879,ORD0879,WH007,VEH015,DRV002,RT014,2025-02-04,2025-02-06,2025-02-08,839.74,5521.47,Delayed,Local
SHP0880,ORD0880,WH007,VEH006,DRV037,RT001,2025-04-30,2025-05-02,2025-04-30,583.45,3851.02,Delivered,Local
SHP0881,ORD0881,WH009,VEH020,DRV006,RT019,2025-07-03,2025-07-05,2025-07-05,493.09,2648.44,Returned,Inter-City
SHP0882,ORD0882,WH007,VEH011,DRV050,RT007,2024-08-26,2024-08-30,2024-08-30,460.25,3445.67,Delivered,Inter-City
SHP0883,ORD0883,WH001,VEH018,DRV028,RT010,2025-09-17,2025-09-20,2025-09-20,408.2,1531.41,Delivered,Inter-City
SHP0884,ORD0884,WH001,VEH007,DRV046,RT019,2025-07-02,2025-07-08,2025-07-06,238.25,1740.57,Delivered,Inter-City
SHP0885,ORD0885,WH004,VEH011,DRV020,RT020,2025-12-09,2025-12-10,2025-12-10,285.87,1901.19,Delivered,Inter-City
SHP0886,ORD0886,WH010,VEH014,DRV029,RT001,2025-01-24,2025-01-29,2025-01-29,68.19,275.48,Delivered,Inter-City
SHP0887,ORD0887,WH009,VEH015,DRV013,RT001,2025-01-11,2025-01-14,2025-01-12,532.85,4130.41,Delivered,Inter-City
SHP0888,ORD0888,WH005,VEH008,DRV036,RT017,2024-10-11,2024-10-17,2024-10-17,812.66,5025.69,Delivered,Local
SHP0889,ORD0889,WH002,VEH015,DRV047,RT018,2024-04-24,2024-04-28,2024-04-27,504.49,3816.23,Delivered,Inter-City
SHP0890,ORD0890,WH007,VEH013,DRV042,RT009,2025-11-10,2025-11-12,2025-11-10,118.33,863.59,Delivered,Inter-City
SHP0891,ORD0891,WH009,VEH019,DRV049,RT002,2024-04-15,2024-04-19,2024-04-17,851.66,6212.78,Delivered,Inter-City
SHP0892,ORD0892,WH010,VEH005,DRV042,RT017,2024-04-05,2024-04-08,2024-04-08,6.47,49.41,In Transit,Inter-City
SHP0893,ORD0893,WH001,VEH004,DRV031,RT002,2025-09-05,2025-09-07,2025-09-06,632.66,1426.77,Delivered,Local
SHP0894,ORD0894,WH001,VEH007,DRV002,RT017,2025-10-06,2025-10-11,2025-10-11,519.99,3842.48,Delivered,Local
SHP0895,ORD0895,WH002,VEH015,DRV011,RT013,2024-06-02,2024-06-07,2024-06-07,602.64,2704.48,Delivered,Inter-City
SHP0896,ORD0896,WH003,VEH010,DRV020,RT017,2024-11-30,2024-12-07,2024-12-07,946.79,5645.78,In Transit,Inter-City
SHP0897,ORD0897,WH001,VEH015,DRV010,RT017,2025-06-03,2025-06-09,2025-06-07,966.11,7447.22,Delivered,Inter-City
SHP0898,ORD0898,WH003,VEH015,DRV041,RT009,2024-03-31,2024-04-01,2024-03-31,542.14,2460.17,Delivered,Local
SHP0899,ORD0899,WH010,VEH004,DRV047,RT020,2025-01-29,2025-02-05,2025-02-05,175.63,848.91,Delivered,Inter-City
SHP0900,ORD0900,WH007,VEH005,DRV001,RT018,2024-02-03,2024-02-08,2024-02-08,841.47,2895.2,Delivered,Inter-City
SHP0901,ORD0901,WH002,VEH015,DRV004,RT006,2025-03-07,2025-03-09,2025-03-07,901.85,3235.27,Delivered,Local
SHP0902,ORD0902,WH005,VEH007,DRV021,RT020,2025-01-25,2025-01-31,2025-01-29,187.96,661.34,Delivered,Inter-City
SHP0903,ORD0903,WH009,VEH016,DRV001,RT003,2024-07-01,2024-07-02,2024-06-30,747.65,5131.15,Delivered,Inter-City
SHP0904,ORD0904,WH003,VEH010,DRV011,RT012,2024-08-08,2024-08-12,2024-08-12,598.69,3300.82,Returned,Inter-City
SHP0905,ORD0905,WH003,VEH008,DRV030,RT012,2024-09-11,2024-09-12,2024-09-12,553.56,1991.47,Delivered,Inter-City
SHP0906,ORD0906,WH008,VEH013,DRV046,RT002,2024-09-12,2024-09-17,2024-09-16,650.78,3054.21,Delivered,Inter-City
SHP0907,ORD0907,WH003,VEH010,DRV016,RT013,2024-11-21,2024-11-23,2024-11-21,311.8,1281.99,Delivered,Inter-City
SHP0908,ORD0908,WH004,VEH014,DRV017,RT017,2024-03-22,2024-03-28,2024-03-26,816.08,5499.27,Delivered,Inter-City
SHP0909,ORD0909,WH005,VEH001,DRV016,RT013,2025-12-19,2025-12-22,2025-12-20,549.05,1489.65,Delivered,Inter-City
SHP0910,ORD0910,WH010,VEH015,DRV032,RT008,2025-06-14,2025-06-17,2025-06-16,939.37,4133.6,Delivered,Inter-City
SHP0911,ORD0911,WH003,VEH007,DRV009,RT008,2025-03-14,2025-03-15,2025-03-14,406.22,1942.36,Delivered,Inter-City
SHP0912,ORD0912,WH010,VEH017,DRV027,RT010,2025-08-22,2025-08-23,2025-08-23,375.97,1452.17,Delivered,Inter-City
SHP0913,ORD0913,WH008,VEH006,DRV009,RT002,2024-09-19,2024-09-21,2024-09-19,526.81,1636.86,Delivered,Local
SHP0914,ORD0914,WH007,VEH019,DRV040,RT005,2024-01-12,2024-01-16,2024-01-15,401.16,3128.64,Delivered,Inter-City
SHP0915,ORD0915,WH010,VEH019,DRV027,RT006,2024-07-12,2024-07-15,2024-07-14,612.22,3391.73,Delivered,Local
SHP0916,ORD0916,WH010,VEH005,DRV038,RT020,2025-07-15,2025-07-17,2025-07-17,324.01,1722.79,Delivered,Local
SHP0917,ORD0917,WH008,VEH013,DRV036,RT017,2025-04-20,2025-04-26,2025-04-26,497.96,2821.19,Returned,Inter-City
SHP0918,ORD0918,WH006,VEH014,DRV001,RT010,2024-05-04,2024-05-06,2024-05-05,527.57,1209.79,Delivered,Inter-City
SHP0919,ORD0919,WH005,VEH020,DRV016,RT004,2024-12-01,2024-12-03,2024-12-01,530.24,1663.68,Delivered,Inter-City
SHP0920,ORD0920,WH010,VEH003,DRV010,RT005,2025-02-16,2025-02-17,2025-02-17,9.4,22.55,Delivered,Inter-City
SHP0921,ORD0921,WH005,VEH002,DRV042,RT015,2025-02-12,2025-02-14,2025-02-12,725.75,5561.69,Delivered,Local
SHP0922,ORD0922,WH005,VEH008,DRV003,RT010,2025-07-31,2025-08-01,2025-08-03,304.02,638.47,Delayed,Inter-City
SHP0923,ORD0923,WH009,VEH019,DRV032,RT011,2024-06-04,2024-06-10,2024-06-08,472.73,1039.55,Delivered,Local
SHP0924,ORD0924,WH010,VEH018,DRV028,RT011,2025-11-18,2025-11-22,2025-11-21,163.97,1101.13,Delivered,Inter-City
SHP0925,ORD0925,WH003,VEH010,DRV001,RT011,2025-09-27,2025-10-03,2025-10-01,155.58,795.25,Delivered,Local
SHP0926,ORD0926,WH004,VEH011,DRV015,RT001,2025-08-06,2025-08-10,2025-08-09,430.97,3298.84,Delivered,Inter-City
SHP0927,ORD0927,WH002,VEH020,DRV017,RT018,2025-09-27,2025-10-01,2025-10-01,915.8,4954.76,Delivered,Inter-City
SHP0928,ORD0928,WH009,VEH002,DRV042,RT012,2025-02-15,2025-02-20,2025-02-20,879.95,2209.6,Delivered,Local
SHP0929,ORD0929,WH006,VEH008,DRV041,RT001,2025-04-04,2025-04-09,2025-04-08,411.99,3138.82,Delivered,Inter-City
SHP0930,ORD0930,WH007,VEH019,DRV022,RT016,2024-06-05,2024-06-12,2024-06-10,915.78,5358.9,Delivered,Inter-City
SHP0931,ORD0931,WH005,VEH001,DRV020,RT008,2024-11-10,2024-11-14,2024-11-13,124.91,372.26,Delivered,Inter-City
SHP0932,ORD0932,WH004,VEH003,DRV043,RT007,2025-05-08,2025-05-14,2025-05-12,319.17,1413.36,Delivered,Inter-City
SHP0933,ORD0933,WH001,VEH002,DRV032,RT016,2025-05-22,2025-05-24,2025-05-22,173.71,864.72,Delivered,Inter-City
SHP0934,ORD0934,WH006,VEH002,DRV015,RT014,2024-03-29,2024-04-05,2024-04-03,762.99,2346.98,Delivered,Local
SHP0935,ORD0935,WH001,VEH005,DRV045,RT011,2025-09-28,2025-10-04,2025-10-02,599.63,1454.64,Delivered,Inter-City
SHP0936,ORD0936,WH004,VEH017,DRV031,RT007,2024-08-03,2024-08-07,2024-08-07,193.93,1239.32,Delivered,Inter-City
SHP0937,ORD0937,WH005,VEH010,DRV018,RT015,2024-10-20,2024-10-25,2024-10-23,5.08,18.42,Delivered,Inter-City
SHP0938,ORD0938,WH007,VEH001,DRV029,RT018,2025-03-01,2025-03-08,2025-03-08,775.59,3018.04,Delivered,Inter-City
SHP0939,ORD0939,WH002,VEH001,DRV045,RT016,2025-02-27,2025-03-02,2025-03-02,778.51,4398.43,Delivered,Inter-City
SHP0940,ORD0940,WH008,VEH002,DRV045,RT018,2024-12-31,2025-01-01,2024-12-31,696.6,5409.85,Delivered,Inter-City
SHP0941,ORD0941,WH003,VEH018,DRV038,RT012,2024-03-21,2024-03-24,2024-03-23,386.61,3027.0,Delivered,Inter-City
SHP0942,ORD0942,WH001,VEH020,DRV005,RT018,2024-12-28,2025-01-02,2025-01-02,347.59,1830.98,Delivered,Local
SHP0943,ORD0943,WH002,VEH004,DRV021,RT015,2024-09-23,2024-09-26,2024-09-24,801.76,3491.19,Delivered,Inter-City
SHP0944,ORD0944,WH006,VEH008,DRV039,RT004,2025-02-11,2025-02-12,2025-02-10,494.44,2391.49,Delivered,Local
SHP0945,ORD0945,WH001,VEH010,DRV001,RT019,2024-09-08,2024-09-15,2024-09-15,718.24,2810.9,Delivered,Local
SHP0946,ORD0946,WH005,VEH004,DRV035,RT009,2024-01-19,2024-01-26,2024-01-26,606.19,4080.13,Delivered,Local
SHP0947,ORD0947,WH009,VEH005,DRV012,RT003,2025-07-06,2025-07-07,2025-07-05,212.96,914.82,Delivered,Inter-City
SHP0948,ORD0948,WH003,VEH002,DRV016,RT017,2025-01-15,2025-01-22,2025-01-20,556.91,3401.03,Delivered,Inter-City
SHP0949,ORD0949,WH005,VEH001,DRV043,RT015,2025-06-30,2025-07-05,2025-07-05,155.79,612.28,Delivered,Local
SHP0950,ORD0950,WH010,VEH011,DRV006,RT013,2024-10-16,2024-10-22,2024-10-21,710.75,2302.74,Delivered,Local
SHP0951,ORD0951,WH004,VEH008,DRV022,RT014,2024-05-15,2024-05-17,2024-05-17,932.88,5251.56,Delivered,Inter-City
SHP0952,ORD0952,WH008,VEH010,DRV017,RT001,2025-05-30,2025-06-04,2025-06-04,763.28,5375.47,Delivered,Inter-City
SHP0953,ORD0953,WH008,VEH002,DRV033,RT020,2025-07-25,2025-07-29,2025-07-30,598.6,1344.55,Delayed,Inter-City
SHP0954,ORD0954,WH002,VEH020,DRV045,RT020,2024-04-04,2024-04-09,2024-04-07,823.21,4754.21,Delivered,Inter-City
SHP0955,ORD0955,WH005,VEH008,DRV006,RT003,2024-07-23,2024-07-29,2024-07-29,811.7,3467.12,Delivered,Local
SHP0956,ORD0956,WH002,VEH011,DRV035,RT009,2025-07-20,2025-07-23,2025-07-21,51.81,154.29,Delivered,Inter-City
SHP0957,ORD0957,WH007,VEH008,DRV012,RT004,2024-04-24,2024-04-29,2024-04-29,657.92,1443.54,In Transit,Inter-City
SHP0958,ORD0958,WH008,VEH006,DRV010,RT001,2024-11-17,2024-11-19,2024-11-17,905.46,5494.99,Delivered,Inter-City
SHP0959,ORD0959,WH008,VEH016,DRV018,RT012,2025-12-29,2026-01-01,2026-01-04,482.85,2988.52,Delayed,Inter-City
SHP0960,ORD0960,WH001,VEH018,DRV044,RT005,2025-10-17,2025-10-19,2025-10-19,446.57,1063.35,Delivered,Inter-City
SHP0961,ORD0961,WH007,VEH003,DRV040,RT019,2024-12-13,2024-12-19,2024-12-21,578.7,2619.98,Delayed,Local
SHP0962,ORD0962,WH008,VEH013,DRV027,RT005,2025-02-21,2025-02-23,2025-02-25,330.08,2163.23,Delayed,Inter-City
SHP0963,ORD0963,WH007,VEH001,DRV024,RT008,2024-01-14,2024-01-16,2024-01-14,387.45,2494.86,Delivered,Inter-City
SHP0964,ORD0964,WH005,VEH001,DRV009,RT012,2025-05-12,2025-05-19,2025-05-17,907.68,1847.7,Delivered,Local
SHP0965,ORD0965,WH007,VEH017,DRV026,RT002,2024-12-04,2024-12-11,2024-12-12,396.4,891.57,Delayed,Inter-City
SHP0966,ORD0966,WH007,VEH008,DRV028,RT001,2025-01-14,2025-01-15,2025-01-15,732.28,5362.19,Delivered,Local
SHP0967,ORD0967,WH002,VEH014,DRV018,RT001,2025-09-30,2025-10-05,2025-10-03,125.08,895.26,Delivered,Inter-City
SHP0968,ORD0968,WH010,VEH002,DRV038,RT004,2024-06-17,2024-06-18,2024-06-16,241.07,523.81,Delivered,Inter-City
SHP0969,ORD0969,WH006,VEH005,DRV002,RT020,2024-09-25,2024-09-28,2024-09-28,690.12,4557.8,Delivered,Inter-City
SHP0970,ORD0970,WH008,VEH012,DRV037,RT015,2025-12-13,2025-12-18,2025-12-17,235.11,628.37,Delivered,Inter-City
SHP0971,ORD0971,WH003,VEH013,DRV003,RT002,2025-09-30,2025-10-06,2025-10-04,433.23,1212.3,Delivered,Inter-City
SHP0972,ORD0972,WH008,VEH012,DRV032,RT010,2025-11-08,2025-11-11,2025-11-10,812.26,6407.83,Delivered,Inter-City
SHP0973,ORD0973,WH010,VEH005,DRV003,RT011,2024-10-19,2024-10-25,2024-10-30,962.83,3551.97,Delayed,Local
SHP0974,ORD0974,WH005,VEH011,DRV015,RT017,2024-04-02,2024-04-03,2024-04-01,21.21,113.82,Delivered,Inter-City
SHP0975,ORD0975,WH009,VEH020,DRV025,RT012,2025-10-06,2025-10-09,2025-10-07,215.3,1575.54,Delivered,Inter-City
SHP0976,ORD0976,WH005,VEH011,DRV026,RT013,2024-06-09,2024-06-16,2024-06-16,599.13,3663.66,Delivered,Inter-City
SHP0977,ORD0977,WH003,VEH004,DRV032,RT020,2025-05-21,2025-05-22,2025-05-21,700.91,2999.42,Delivered,Local
SHP0978,ORD0978,WH004,VEH014,DRV007,RT014,2024-05-22,2024-05-25,2024-05-23,425.94,1995.9,Delivered,Inter-City
SHP0979,ORD0979,WH005,VEH015,DRV041,RT005,2025-03-07,2025-03-11,2025-03-11,135.43,557.96,Delivered,Inter-City
SHP0980,ORD0980,WH002,VEH012,DRV033,RT012,2024-01-28,2024-01-29,2024-01-28,955.12,5812.26,Delivered,Inter-City
SHP0981,ORD0981,WH002,VEH015,DRV015,RT003,2025-03-09,2025-03-13,2025-03-14,319.45,742.34,Delayed,Inter-City
SHP0982,ORD0982,WH009,VEH015,DRV037,RT002,2025-01-17,2025-01-19,2025-01-19,259.38,635.56,Delivered,Local
SHP0983,ORD0983,WH004,VEH019,DRV021,RT010,2025-03-28,2025-04-02,2025-04-01,61.33,260.79,Delivered,Inter-City
SHP0984,ORD0984,WH005,VEH012,DRV014,RT004,2025-11-27,2025-12-04,2025-12-03,695.92,5515.22,Delivered,Local
SHP0985,ORD0985,WH008,VEH019,DRV004,RT011,2025-04-16,2025-04-17,2025-04-15,933.91,2315.83,Delivered,Local
SHP0986,ORD0986,WH009,VEH019,DRV035,RT013,2025-03-21,2025-03-27,2025-03-26,848.37,3756.32,Delivered,Inter-City
SHP0987,ORD0987,WH004,VEH014,DRV022,RT013,2024-05-06,2024-05-11,2024-05-11,198.83,782.12,Delivered,Inter-City
SHP0988,ORD0988,WH010,VEH016,DRV017,RT018,2025-04-16,2025-04-20,2025-04-18,955.07,4054.78,Delivered,Inter-City
SHP0989,ORD0989,WH008,VEH002,DRV050,RT006,2024-09-05,2024-09-11,2024-09-09,480.88,2329.52,Delivered,Inter-City
SHP0990,ORD0990,WH002,VEH018,DRV017,RT008,2024-01-07,2024-01-14,2024-01-12,104.76,326.19,Delivered,Local
SHP0991,ORD0991,WH001,VEH020,DRV024,RT014,2025-05-15,2025-05-17,2025-05-17,193.71,1337.43,Delivered,Local
SHP0992,ORD0992,WH010,VEH016,DRV014,RT005,2024-08-03,2024-08-08,2024-08-07,292.65,655.39,Delivered,Inter-City
SHP0993,ORD0993,WH009,VEH005,DRV021,RT008,2024-06-16,2024-06-23,2024-06-27,935.1,6896.0,Delayed,Inter-City
SHP0994,ORD0994,WH008,VEH013,DRV040,RT019,2025-10-30,2025-11-01,2025-10-31,169.51,820.49,Delivered,Inter-City
SHP0995,ORD0995,WH004,VEH020,DRV046,RT006,2024-08-17,2024-08-23,2024-08-21,868.13,5130.85,Delivered,Inter-City
SHP0996,ORD0996,WH001,VEH005,DRV016,RT006,2024-01-23,2024-01-28,2024-01-28,255.11,2027.98,Delivered,Local
SHP0997,ORD0997,WH002,VEH014,DRV040,RT007,2024-08-21,2024-08-28,2024-08-28,518.68,1950.24,Delivered,Inter-City
SHP0998,ORD0998,WH004,VEH010,DRV032,RT003,2025-09-11,2025-09-16,2025-09-14,153.6,867.63,Delivered,Local
SHP0999,ORD0999,WH008,VEH011,DRV021,RT003,2024-12-02,2024-12-09,2024-12-08,691.59,1909.5,Delivered,Local
SHP1000,ORD1000,WH007,VEH002,DRV029,RT011,2025-03-22,2025-03-27,2025-04-01,624.22,2004.02,Delayed,Inter-City
SHP1001,ORD1001,WH004,VEH004,DRV002,RT001,2025-02-06,2025-02-13,2025-02-13,287.92,1000.56,In Transit,Inter-City
SHP1002,ORD1002,WH003,VEH006,DRV050,RT014,2025-10-02,2025-10-08,2025-10-08,914.04,4530.51,Delivered,Inter-City
SHP1003,ORD1003,WH008,VEH015,DRV014,RT007,2024-03-18,2024-03-22,2024-03-20,508.7,3947.79,Delivered,Inter-City
SHP1004,ORD1004,WH007,VEH013,DRV020,RT016,2024-01-29,2024-02-05,2024-02-04,8.43,45.11,Delivered,Inter-City
SHP1005,ORD1005,WH001,VEH008,DRV025,RT002,2024-12-09,2024-12-14,2024-12-13,173.62,871.67,Delivered,Inter-City
SHP1006,ORD1006,WH005,VEH005,DRV041,RT010,2024-03-27,2024-04-02,2024-04-02,642.11,4332.0,Delivered,Inter-City
SHP1007,ORD1007,WH005,VEH002,DRV009,RT016,2024-10-03,2024-10-04,2024-10-02,649.76,2992.78,Delivered,Inter-City
SHP1008,ORD1008,WH006,VEH017,DRV011,RT014,2025-04-09,2025-04-13,2025-04-13,374.39,2828.9,Delivered,Inter-City
SHP1009,ORD1009,WH007,VEH006,DRV001,RT002,2024-09-07,2024-09-13,2024-09-13,407.81,2784.98,In Transit,Local
SHP1010,ORD1010,WH006,VEH013,DRV017,RT014,2024-03-13,2024-03-16,2024-03-21,450.58,1752.92,Delayed,Local
SHP1011,ORD1011,WH008,VEH019,DRV014,RT004,2025-06-19,2025-06-21,2025-06-19,700.49,3799.74,Delivered,Inter-City
SHP1012,ORD1012,WH008,VEH019,DRV035,RT009,2025-09-04,2025-09-11,2025-09-11,261.4,1956.15,Delivered,Inter-City
SHP1013,ORD1013,WH009,VEH014,DRV003,RT019,2025-09-27,2025-09-30,2025-09-29,19.14,70.68,Delivered,Local
SHP1014,ORD1014,WH004,VEH005,DRV027,RT014,2024-10-30,2024-11-01,2024-11-01,136.13,453.94,Delivered,Inter-City
SHP1015,ORD1015,WH010,VEH009,DRV025,RT004,2024-05-13,2024-05-14,2024-05-14,161.16,852.26,In Transit,Inter-City
SHP1016,ORD1016,WH009,VEH003,DRV043,RT004,2024-12-03,2024-12-08,2024-12-07,564.57,2278.95,Delivered,Inter-City
SHP1017,ORD1017,WH005,VEH001,DRV001,RT003,2024-07-05,2024-07-11,2024-07-10,439.75,2723.84,Delivered,Local
SHP1018,ORD1018,WH003,VEH005,DRV013,RT019,2025-06-27,2025-07-03,2025-07-02,939.35,3570.49,Delivered,Inter-City
SHP1019,ORD1019,WH003,VEH011,DRV026,RT015,2025-05-31,2025-06-06,2025-06-05,68.89,349.99,Delivered,Inter-City
SHP1020,ORD1020,WH009,VEH017,DRV010,RT005,2024-07-28,2024-08-01,2024-07-30,644.75,3799.89,Delivered,Local
SHP1021,ORD1021,WH001,VEH011,DRV043,RT018,2024-10-24,2024-10-25,2024-10-24,524.55,2258.98,Delivered,Inter-City
SHP1022,ORD1022,WH002,VEH007,DRV045,RT009,2025-08-12,2025-08-18,2025-08-17,403.81,1940.4,Delivered,Inter-City
SHP1023,ORD1023,WH010,VEH020,DRV035,RT009,2025-02-04,2025-02-05,2025-02-03,327.94,1498.78,Delivered,Inter-City
SHP1024,ORD1024,WH008,VEH020,DRV018,RT019,2025-01-31,2025-02-02,2025-01-31,543.87,4256.54,Delivered,Local
SHP1025,ORD1025,WH010,VEH015,DRV010,RT007,2025-02-08,2025-02-15,2025-02-15,123.73,870.62,Returned,Local
SHP1026,ORD1026,WH001,VEH019,DRV010,RT014,2024-03-26,2024-03-30,2024-03-29,136.75,354.69,Delivered,Local
SHP1027,ORD1027,WH006,VEH012,DRV021,RT015,2025-12-01,2025-12-06,2025-12-05,951.33,3789.4,Delivered,Inter-City
SHP1028,ORD1028,WH009,VEH013,DRV021,RT011,2025-01-02,2025-01-06,2025-01-05,104.38,813.79,Delivered,Inter-City
SHP1029,ORD1029,WH005,VEH016,DRV028,RT009,2024-01-06,2024-01-07,2024-01-07,389.48,1822.17,Delivered,Inter-City
SHP1030,ORD1030,WH009,VEH014,DRV034,RT005,2024-10-25,2024-10-31,2024-10-31,360.63,1618.63,Delivered,Local
SHP1031,ORD1031,WH006,VEH009,DRV021,RT004,2024-06-06,2024-06-08,2024-06-07,862.27,3069.74,Delivered,Local
SHP1032,ORD1032,WH009,VEH019,DRV040,RT016,2024-10-30,2024-10-31,2024-10-31,148.0,1049.05,In Transit,Inter-City
SHP1033,ORD1033,WH004,VEH007,DRV034,RT014,2025-07-01,2025-07-05,2025-07-05,515.0,1751.15,Delivered,Inter-City
SHP1034,ORD1034,WH006,VEH016,DRV003,RT003,2025-04-08,2025-04-09,2025-04-09,411.17,934.79,Delivered,Inter-City
SHP1035,ORD1035,WH010,VEH010,DRV018,RT005,2024-08-05,2024-08-10,2024-08-10,644.77,1524.61,Returned,Inter-City
SHP1036,ORD1036,WH001,VEH011,DRV047,RT002,2025-07-07,2025-07-12,2025-07-17,227.22,1794.75,Delayed,Inter-City
SHP1037,ORD1037,WH005,VEH003,DRV014,RT009,2025-11-15,2025-11-20,2025-11-20,585.96,2695.15,Delivered,Inter-City
SHP1038,ORD1038,WH002,VEH020,DRV031,RT020,2025-05-11,2025-05-18,2025-05-16,878.25,2467.51,Delivered,Inter-City
SHP1039,ORD1039,WH005,VEH011,DRV010,RT018,2024-10-02,2024-10-03,2024-10-05,365.77,2068.93,Delayed,Inter-City
SHP1040,ORD1040,WH009,VEH001,DRV020,RT011,2024-02-13,2024-02-17,2024-02-17,208.62,1360.42,In Transit,Inter-City
SHP1041,ORD1041,WH007,VEH016,DRV020,RT017,2024-01-15,2024-01-20,2024-01-19,500.77,2921.97,Delivered,Inter-City
SHP1042,ORD1042,WH004,VEH019,DRV017,RT001,2024-12-10,2024-12-15,2024-12-13,762.46,1731.5,Delivered,Inter-City
SHP1043,ORD1043,WH007,VEH001,DRV011,RT020,2024-09-13,2024-09-16,2024-09-16,652.42,4470.68,Delivered,Local
SHP1044,ORD1044,WH001,VEH008,DRV006,RT012,2025-06-27,2025-07-02,2025-07-02,335.46,1235.23,Delivered,Inter-City
SHP1045,ORD1045,WH001,VEH015,DRV013,RT010,2024-06-06,2024-06-07,2024-06-07,100.89,652.21,Delivered,Local
SHP1046,ORD1046,WH008,VEH016,DRV019,RT018,2025-03-23,2025-03-27,2025-03-26,611.61,4730.19,Delivered,Inter-City
SHP1047,ORD1047,WH002,VEH010,DRV005,RT017,2025-03-11,2025-03-17,2025-03-16,993.46,6080.39,Delivered,Local
SHP1048,ORD1048,WH003,VEH007,DRV001,RT017,2025-06-18,2025-06-25,2025-06-23,133.49,752.65,Delivered,Inter-City
SHP1049,ORD1049,WH009,VEH013,DRV045,RT017,2024-10-10,2024-10-11,2024-10-09,423.18,1467.65,Delivered,Local
SHP1050,ORD1050,WH004,VEH006,DRV028,RT001,2025-10-20,2025-10-23,2025-10-21,550.89,3469.83,Delivered,Inter-City
SHP1051,ORD1051,WH005,VEH006,DRV030,RT014,2025-05-07,2025-05-10,2025-05-08,213.74,1516.66,Delivered,Local
SHP1052,ORD1052,WH008,VEH007,DRV045,RT001,2025-01-28,2025-02-01,2025-02-01,844.21,2770.54,Delivered,Inter-City
SHP1053,ORD1053,WH002,VEH012,DRV006,RT017,2024-04-02,2024-04-06,2024-04-04,503.15,1896.58,Delivered,Inter-City
SHP1054,ORD1054,WH003,VEH013,DRV024,RT011,2025-07-30,2025-08-02,2025-08-01,624.74,3475.0,Delivered,Inter-City
SHP1055,ORD1055,WH001,VEH014,DRV010,RT008,2024-05-16,2024-05-20,2024-05-18,148.69,880.63,Delivered,Inter-City
SHP1056,ORD1056,WH002,VEH015,DRV040,RT017,2025-08-16,2025-08-17,2025-08-17,884.48,2978.92,Delivered,Inter-City
SHP1057,ORD1057,WH010,VEH002,DRV003,RT014,2024-11-19,2024-11-26,2024-11-25,873.56,5491.9,Delivered,Inter-City
SHP1058,ORD1058,WH008,VEH002,DRV043,RT018,2024-10-14,2024-10-21,2024-10-20,984.51,5400.58,Delivered,Local
SHP1059,ORD1059,WH005,VEH003,DRV041,RT015,2025-03-06,2025-03-10,2025-03-09,317.31,1764.27,Delivered,Inter-City
SHP1060,ORD1060,WH002,VEH018,DRV035,RT020,2025-12-02,2025-12-03,2025-12-07,750.2,3583.42,Delayed,Inter-City
SHP1061,ORD1061,WH002,VEH012,DRV038,RT003,2024-11-24,2024-11-28,2024-11-26,62.79,344.48,Delivered,Inter-City
SHP1062,ORD1062,WH006,VEH017,DRV039,RT013,2024-06-20,2024-06-24,2024-06-29,214.05,766.61,Delayed,Inter-City
SHP1063,ORD1063,WH009,VEH015,DRV027,RT007,2025-06-21,2025-06-22,2025-06-22,959.69,5865.13,Delivered,Inter-City
SHP1064,ORD1064,WH007,VEH003,DRV010,RT008,2025-08-30,2025-09-03,2025-09-01,113.23,304.26,Delivered,Inter-City
SHP1065,ORD1065,WH010,VEH001,DRV041,RT011,2024-03-31,2024-04-05,2024-04-03,104.27,789.36,Delivered,Local
SHP1066,ORD1066,WH009,VEH017,DRV042,RT013,2025-11-02,2025-11-09,2025-11-09,763.61,3867.27,In Transit,Inter-City
SHP1067,ORD1067,WH003,VEH001,DRV042,RT016,2024-01-08,2024-01-12,2024-01-11,716.69,5087.68,Delivered,Inter-City
SHP1068,ORD1068,WH010,VEH002,DRV008,RT002,2025-04-10,2025-04-15,2025-04-15,223.35,1491.09,Delivered,Inter-City
SHP1069,ORD1069,WH010,VEH018,DRV010,RT013,2025-07-20,2025-07-25,2025-07-25,227.78,1692.8,Delivered,Inter-City
SHP1070,ORD1070,WH009,VEH014,DRV043,RT010,2025-09-14,2025-09-18,2025-09-18,246.4,960.24,Delivered,Inter-City
SHP1071,ORD1071,WH007,VEH016,DRV021,RT015,2025-06-07,2025-06-12,2025-06-11,862.94,5779.66,Delivered,Inter-City
SHP1072,ORD1072,WH004,VEH007,DRV022,RT012,2025-12-08,2025-12-12,2025-12-12,801.36,3729.17,Delivered,Inter-City
SHP1073,ORD1073,WH002,VEH006,DRV043,RT007,2024-04-12,2024-04-15,2024-04-15,332.62,1926.79,In Transit,Inter-City
SHP1074,ORD1074,WH006,VEH015,DRV044,RT002,2025-01-01,2025-01-03,2025-01-01,98.15,478.05,Delivered,Inter-City
SHP1075,ORD1075,WH010,VEH008,DRV034,RT009,2025-12-28,2026-01-04,2026-01-03,267.09,1032.86,Delivered,Local
SHP1076,ORD1076,WH009,VEH018,DRV014,RT004,2024-03-19,2024-03-22,2024-03-22,68.57,502.38,Returned,Inter-City
SHP1077,ORD1077,WH001,VEH004,DRV049,RT005,2024-08-20,2024-08-26,2024-08-25,851.58,2717.15,Delivered,Inter-City
SHP1078,ORD1078,WH009,VEH015,DRV008,RT011,2025-10-04,2025-10-11,2025-10-10,820.04,5460.37,Delivered,Local
SHP1079,ORD1079,WH010,VEH003,DRV048,RT002,2025-08-19,2025-08-25,2025-08-24,878.95,4132.83,Delivered,Inter-City
SHP1080,ORD1080,WH008,VEH018,DRV004,RT005,2024-08-25,2024-08-31,2024-08-30,805.28,4642.74,Delivered,Inter-City
SHP1081,ORD1081,WH006,VEH014,DRV033,RT010,2024-09-26,2024-09-30,2024-09-29,576.63,2168.51,Delivered,Inter-City
SHP1082,ORD1082,WH004,VEH014,DRV047,RT014,2024-11-01,2024-11-08,2024-11-08,71.06,235.04,Delivered,Inter-City
SHP1083,ORD1083,WH003,VEH020,DRV021,RT016,2024-08-11,2024-08-18,2024-08-17,508.5,1652.56,Delivered,Inter-City
SHP1084,ORD1084,WH002,VEH012,DRV038,RT016,2025-01-09,2025-01-13,2025-01-11,917.41,5145.31,Delivered,Inter-City
SHP1085,ORD1085,WH003,VEH015,DRV015,RT004,2025-06-05,2025-06-09,2025-06-07,775.15,2519.44,Delivered,Inter-City
SHP1086,ORD1086,WH001,VEH005,DRV037,RT003,2024-12-05,2024-12-10,2024-12-09,922.16,5506.52,Delivered,Inter-City
SHP1087,ORD1087,WH003,VEH008,DRV015,RT006,2024-11-03,2024-11-04,2024-11-03,855.26,5489.34,Delivered,Inter-City
SHP1088,ORD1088,WH002,VEH018,DRV023,RT009,2025-07-04,2025-07-06,2025-07-06,585.16,3968.9,In Transit,Local
SHP1089,ORD1089,WH001,VEH015,DRV014,RT010,2024-10-25,2024-11-01,2024-10-31,847.33,5299.3,Delivered,Inter-City
SHP1090,ORD1090,WH007,VEH006,DRV047,RT004,2024-12-19,2024-12-25,2024-12-25,634.03,2625.15,In Transit,Inter-City
SHP1091,ORD1091,WH005,VEH003,DRV041,RT016,2024-10-01,2024-10-07,2024-10-05,119.33,284.23,Delivered,Local
SHP1092,ORD1092,WH001,VEH011,DRV001,RT006,2024-06-18,2024-06-19,2024-06-17,666.08,2948.69,Delivered,Inter-City
SHP1093,ORD1093,WH009,VEH003,DRV042,RT010,2024-04-11,2024-04-13,2024-04-12,838.59,5036.47,Delivered,Inter-City
SHP1094,ORD1094,WH007,VEH002,DRV046,RT019,2024-09-18,2024-09-25,2024-09-25,564.64,3480.42,In Transit,Local
SHP1095,ORD1095,WH008,VEH010,DRV002,RT005,2025-08-28,2025-09-04,2025-09-02,860.13,4486.51,Delivered,Local
SHP1096,ORD1096,WH005,VEH008,DRV013,RT001,2024-06-04,2024-06-08,2024-06-06,351.14,2667.59,Delivered,Local
SHP1097,ORD1097,WH001,VEH019,DRV047,RT019,2025-01-28,2025-02-03,2025-02-03,120.99,888.57,Delivered,Inter-City
SHP1098,ORD1098,WH007,VEH013,DRV029,RT015,2024-05-06,2024-05-11,2024-05-09,380.67,1710.32,Delivered,Inter-City
SHP1099,ORD1099,WH007,VEH003,DRV001,RT005,2024-11-16,2024-11-22,2024-11-21,915.69,3358.12,Delivered,Inter-City
SHP1100,ORD1100,WH001,VEH005,DRV009,RT005,2025-11-27,2025-12-03,2025-12-03,272.32,1506.01,Delivered,Inter-City
SHP1101,ORD1101,WH001,VEH003,DRV014,RT015,2025-03-09,2025-03-14,2025-03-14,891.65,4395.24,Delivered,Inter-City
SHP1102,ORD1102,WH010,VEH001,DRV007,RT016,2025-04-08,2025-04-13,2025-04-13,330.76,1923.03,Delivered,Inter-City
SHP1103,ORD1103,WH005,VEH013,DRV008,RT009,2024-10-27,2024-10-28,2024-10-26,168.38,584.6,Delivered,Inter-City
SHP1104,ORD1104,WH006,VEH003,DRV030,RT010,2025-02-08,2025-02-11,2025-02-10,882.27,2506.24,Delivered,Inter-City
SHP1105,ORD1105,WH007,VEH002,DRV008,RT018,2025-01-27,2025-01-29,2025-02-02,752.85,3220.44,Delayed,Local
SHP1106,ORD1106,WH002,VEH019,DRV038,RT012,2025-10-20,2025-10-24,2025-10-22,635.54,2628.65,Delivered,Local
SHP1107,ORD1107,WH003,VEH006,DRV032,RT015,2025-01-19,2025-01-26,2025-01-25,812.83,3082.08,Delivered,Inter-City
SHP1108,ORD1108,WH001,VEH001,DRV014,RT018,2024-11-27,2024-11-28,2024-11-28,744.24,2982.27,Delivered,Inter-City
SHP1109,ORD1109,WH002,VEH007,DRV018,RT010,2025-11-30,2025-12-03,2025-12-01,402.33,1144.26,Delivered,Inter-City
SHP1110,ORD1110,WH009,VEH018,DRV015,RT019,2024-01-01,2024-01-04,2024-01-03,756.25,5853.54,Delivered,Inter-City
SHP1111,ORD1111,WH002,VEH009,DRV024,RT009,2025-01-22,2025-01-28,2025-01-26,697.28,2958.38,Delivered,Inter-City
SHP1112,ORD1112,WH008,VEH010,DRV038,RT007,2024-06-01,2024-06-04,2024-06-04,118.88,734.69,Delivered,Inter-City
SHP1113,ORD1113,WH010,VEH015,DRV034,RT017,2025-04-22,2025-04-27,2025-04-26,217.59,610.14,Delivered,Local
SHP1114,ORD1114,WH001,VEH010,DRV001,RT019,2024-11-25,2024-11-28,2024-11-28,443.61,2618.98,Delivered,Inter-City
SHP1115,ORD1115,WH007,VEH004,DRV033,RT007,2024-02-23,2024-02-29,2024-03-05,805.37,4036.75,Delayed,Inter-City
SHP1116,ORD1116,WH001,VEH004,DRV047,RT018,2025-05-06,2025-05-08,2025-05-08,315.46,1733.07,Delivered,Local
SHP1117,ORD1117,WH006,VEH003,DRV005,RT009,2024-08-22,2024-08-26,2024-08-30,537.19,1624.99,Delayed,Local
SHP1118,ORD1118,WH002,VEH001,DRV032,RT018,2024-03-20,2024-03-25,2024-03-25,458.83,1042.47,In Transit,Inter-City
SHP1119,ORD1119,WH007,VEH017,DRV021,RT014,2024-11-04,2024-11-06,2024-11-05,762.18,5360.94,Delivered,Inter-City
SHP1120,ORD1120,WH007,VEH018,DRV042,RT001,2024-05-26,2024-06-02,2024-06-01,822.86,4887.19,Delivered,Inter-City
SHP1121,ORD1121,WH004,VEH003,DRV024,RT009,2024-07-02,2024-07-08,2024-07-06,200.2,885.98,Delivered,Local
SHP1122,ORD1122,WH001,VEH006,DRV013,RT002,2024-07-08,2024-07-13,2024-07-12,874.91,6877.53,Delivered,Inter-City
SHP1123,ORD1123,WH006,VEH001,DRV044,RT011,2024-05-21,2024-05-23,2024-05-22,742.2,1911.18,Delivered,Local
SHP1124,ORD1124,WH003,VEH001,DRV026,RT014,2025-05-06,2025-05-07,2025-05-07,107.58,263.82,In Transit,Local
SHP1125,ORD1125,WH006,VEH019,DRV037,RT005,2024-01-20,2024-01-21,2024-01-20,427.29,1495.13,Delivered,Local
SHP1126,ORD1126,WH009,VEH005,DRV009,RT005,2024-05-19,2024-05-22,2024-05-22,36.35,142.39,Delivered,Local
SHP1127,ORD1127,WH010,VEH005,DRV012,RT006,2024-02-18,2024-02-21,2024-02-21,380.89,2258.71,Returned,Inter-City
SHP1128,ORD1128,WH002,VEH020,DRV049,RT002,2024-03-18,2024-03-19,2024-03-19,259.75,997.57,Delivered,Local
SHP1129,ORD1129,WH004,VEH019,DRV007,RT007,2024-08-21,2024-08-27,2024-08-27,366.8,1871.46,Delivered,Inter-City
SHP1130,ORD1130,WH002,VEH007,DRV011,RT008,2025-09-04,2025-09-07,2025-09-06,833.24,3724.85,Delivered,Local
SHP1131,ORD1131,WH005,VEH011,DRV009,RT007,2024-11-07,2024-11-09,2024-11-07,402.73,2672.15,Delivered,Local
SHP1132,ORD1132,WH005,VEH020,DRV029,RT014,2024-01-06,2024-01-08,2024-01-07,585.73,2682.81,Delivered,Inter-City
SHP1133,ORD1133,WH004,VEH009,DRV012,RT002,2025-08-20,2025-08-23,2025-08-23,440.08,2078.45,Delivered,Inter-City
SHP1134,ORD1134,WH008,VEH008,DRV018,RT019,2025-07-17,2025-07-23,2025-07-21,363.72,2084.47,Delivered,Inter-City
SHP1135,ORD1135,WH004,VEH012,DRV026,RT003,2024-12-08,2024-12-14,2024-12-14,181.68,781.57,In Transit,Inter-City
SHP1136,ORD1136,WH007,VEH012,DRV022,RT019,2024-03-08,2024-03-11,2024-03-10,765.21,3321.41,Delivered,Inter-City
SHP1137,ORD1137,WH003,VEH012,DRV016,RT017,2024-03-03,2024-03-08,2024-03-07,419.41,1103.62,Delivered,Inter-City
SHP1138,ORD1138,WH008,VEH012,DRV015,RT008,2025-02-18,2025-02-25,2025-02-23,699.48,2067.33,Delivered,Inter-City
SHP1139,ORD1139,WH008,VEH009,DRV049,RT013,2025-03-20,2025-03-26,2025-03-26,321.19,1092.03,In Transit,Inter-City
SHP1140,ORD1140,WH004,VEH018,DRV038,RT014,2024-05-10,2024-05-17,2024-05-15,881.29,4811.42,Delivered,Local
SHP1141,ORD1141,WH006,VEH008,DRV010,RT010,2024-07-26,2024-08-01,2024-07-31,496.38,2757.06,Delivered,Inter-City
SHP1142,ORD1142,WH005,VEH004,DRV022,RT016,2024-03-24,2024-03-26,2024-03-24,460.38,2702.05,Delivered,Inter-City
SHP1143,ORD1143,WH007,VEH007,DRV048,RT018,2024-08-17,2024-08-20,2024-08-19,216.44,1289.14,Delivered,Inter-City
SHP1144,ORD1144,WH007,VEH018,DRV022,RT017,2025-03-15,2025-03-17,2025-03-15,579.86,2596.47,Delivered,Inter-City
SHP1145,ORD1145,WH002,VEH013,DRV047,RT018,2024-05-30,2024-06-02,2024-05-31,473.04,2759.48,Delivered,Inter-City
SHP1146,ORD1146,WH010,VEH020,DRV049,RT018,2025-11-04,2025-11-05,2025-11-04,100.7,721.28,Delivered,Inter-City
SHP1147,ORD1147,WH009,VEH003,DRV007,RT013,2025-06-11,2025-06-17,2025-06-17,696.17,1761.52,Delivered,Inter-City
SHP1148,ORD1148,WH004,VEH001,DRV032,RT007,2025-04-30,2025-05-02,2025-05-06,63.64,391.18,Delayed,Inter-City
SHP1149,ORD1149,WH001,VEH004,DRV018,RT018,2025-09-20,2025-09-24,2025-09-28,959.13,7119.64,Delayed,Inter-City
SHP1150,ORD1150,WH001,VEH018,DRV009,RT013,2024-10-08,2024-10-13,2024-10-13,122.24,962.67,Delivered,Local
SHP1151,ORD1151,WH005,VEH013,DRV013,RT019,2024-10-31,2024-11-07,2024-11-06,399.88,1575.48,Delivered,Inter-City
SHP1152,ORD1152,WH005,VEH005,DRV048,RT019,2025-10-10,2025-10-12,2025-10-11,843.24,3186.79,Delivered,Local
SHP1153,ORD1153,WH007,VEH007,DRV013,RT020,2024-04-21,2024-04-25,2024-04-25,749.31,4129.05,Delivered,Inter-City
SHP1154,ORD1154,WH010,VEH010,DRV001,RT007,2025-02-08,2025-02-15,2025-02-13,265.95,1882.63,Delivered,Local
SHP1155,ORD1155,WH002,VEH004,DRV012,RT014,2025-12-20,2025-12-24,2025-12-22,295.67,1407.68,Delivered,Local
SHP1156,ORD1156,WH010,VEH014,DRV029,RT001,2025-02-25,2025-03-03,2025-03-01,228.08,905.89,Delivered,Local
SHP1157,ORD1157,WH010,VEH004,DRV003,RT004,2025-02-02,2025-02-03,2025-02-03,353.15,2344.97,Delivered,Inter-City
SHP1158,ORD1158,WH001,VEH004,DRV026,RT008,2025-08-04,2025-08-09,2025-08-08,732.72,1614.42,Delivered,Inter-City
SHP1159,ORD1159,WH002,VEH007,DRV015,RT008,2024-10-05,2024-10-08,2024-10-08,478.86,2870.91,Delivered,Inter-City
SHP1160,ORD1160,WH008,VEH007,DRV044,RT009,2025-06-30,2025-07-07,2025-07-07,285.04,1981.93,Delivered,Local
SHP1161,ORD1161,WH009,VEH009,DRV006,RT002,2024-03-13,2024-03-20,2024-03-24,496.16,1636.86,Delayed,Local
SHP1162,ORD1162,WH002,VEH009,DRV035,RT003,2024-04-16,2024-04-20,2024-04-20,15.37,56.83,In Transit,Inter-City
SHP1163,ORD1163,WH010,VEH003,DRV050,RT001,2024-02-18,2024-02-25,2024-02-24,657.88,4957.92,Delivered,Inter-City
SHP1164,ORD1164,WH001,VEH005,DRV034,RT018,2025-03-03,2025-03-10,2025-03-09,926.2,4098.61,Delivered,Inter-City
SHP1165,ORD1165,WH009,VEH002,DRV048,RT003,2025-09-27,2025-10-02,2025-10-02,250.22,717.2,Delivered,Local
SHP1166,ORD1166,WH004,VEH009,DRV033,RT011,2024-11-05,2024-11-10,2024-11-09,888.71,7090.55,Delivered,Inter-City
SHP1167,ORD1167,WH004,VEH011,DRV013,RT003,2025-03-11,2025-03-12,2025-03-10,480.67,3800.28,Delivered,Inter-City
SHP1168,ORD1168,WH002,VEH016,DRV038,RT004,2024-07-29,2024-08-03,2024-08-02,63.47,250.3,Delivered,Inter-City
SHP1169,ORD1169,WH008,VEH004,DRV045,RT003,2025-05-22,2025-05-23,2025-05-23,877.52,5876.0,Delivered,Inter-City
SHP1170,ORD1170,WH002,VEH019,DRV044,RT010,2024-01-17,2024-01-19,2024-01-18,906.68,5452.81,Delivered,Inter-City
SHP1171,ORD1171,WH001,VEH006,DRV034,RT018,2025-11-01,2025-11-02,2025-11-01,96.56,269.9,Delivered,Inter-City
SHP1172,ORD1172,WH009,VEH015,DRV041,RT010,2024-11-20,2024-11-22,2024-11-26,934.22,2289.3,Delayed,Inter-City
SHP1173,ORD1173,WH010,VEH007,DRV028,RT016,2025-06-06,2025-06-09,2025-06-08,383.66,2747.43,Delivered,Inter-City
SHP1174,ORD1174,WH004,VEH020,DRV005,RT008,2025-07-21,2025-07-28,2025-07-28,42.32,246.43,Delivered,Inter-City
SHP1175,ORD1175,WH005,VEH020,DRV008,RT013,2024-05-05,2024-05-12,2024-05-10,998.76,3012.18,Delivered,Inter-City
SHP1176,ORD1176,WH003,VEH004,DRV023,RT010,2024-02-19,2024-02-20,2024-02-18,241.28,1814.54,Delivered,Local
SHP1177,ORD1177,WH004,VEH011,DRV004,RT014,2025-09-03,2025-09-09,2025-09-08,965.98,3007.36,Delivered,Inter-City
SHP1178,ORD1178,WH002,VEH014,DRV036,RT009,2024-12-18,2024-12-21,2024-12-21,998.35,3047.96,Delivered,Inter-City
SHP1179,ORD1179,WH008,VEH010,DRV005,RT001,2024-05-22,2024-05-28,2024-05-27,286.58,1812.33,Delivered,Inter-City
SHP1180,ORD1180,WH002,VEH015,DRV038,RT018,2025-09-03,2025-09-09,2025-09-07,279.54,1440.82,Delivered,Inter-City
SHP1181,ORD1181,WH006,VEH014,DRV025,RT020,2024-10-16,2024-10-21,2024-10-26,982.06,5487.07,Delayed,Inter-City
SHP1182,ORD1182,WH001,VEH001,DRV024,RT004,2025-08-28,2025-09-03,2025-09-01,731.82,3363.53,Delivered,Local
SHP1183,ORD1183,WH006,VEH013,DRV014,RT012,2025-01-07,2025-01-14,2025-01-12,299.76,861.47,Delivered,Local
SHP1184,ORD1184,WH003,VEH015,DRV041,RT003,2025-04-11,2025-04-13,2025-04-12,407.19,2672.2,Delivered,Local
SHP1185,ORD1185,WH006,VEH013,DRV024,RT001,2024-09-22,2024-09-26,2024-09-26,479.03,2864.61,Delivered,Inter-City
SHP1186,ORD1186,WH002,VEH010,DRV042,RT009,2024-04-23,2024-04-30,2024-04-30,10.07,69.59,Delivered,Inter-City
SHP1187,ORD1187,WH009,VEH014,DRV012,RT009,2024-02-11,2024-02-18,2024-02-16,514.39,3430.04,Delivered,Local
SHP1188,ORD1188,WH002,VEH001,DRV001,RT014,2025-02-22,2025-02-27,2025-02-27,601.51,3629.45,In Transit,Local
SHP1189,ORD1189,WH002,VEH016,DRV009,RT018,2024-05-24,2024-05-25,2024-05-29,410.61,1294.67,Delayed,Inter-City
SHP1190,ORD1190,WH002,VEH004,DRV023,RT006,2024-05-23,2024-05-25,2024-05-25,554.45,1710.97,Delivered,Local
SHP1191,ORD1191,WH009,VEH005,DRV019,RT001,2025-07-02,2025-07-05,2025-07-09,330.11,968.3,Delayed,Inter-City
SHP1192,ORD1192,WH004,VEH012,DRV039,RT019,2025-09-01,2025-09-04,2025-09-04,6.28,16.04,Delivered,Inter-City
SHP1193,ORD1193,WH009,VEH009,DRV029,RT020,2024-04-28,2024-04-30,2024-04-29,890.46,2324.71,Delivered,Local
SHP1194,ORD1194,WH002,VEH008,DRV023,RT001,2024-11-17,2024-11-19,2024-11-18,967.35,7411.91,Delivered,Inter-City
SHP1195,ORD1195,WH003,VEH006,DRV050,RT017,2025-08-29,2025-08-31,2025-08-31,792.59,3661.83,Delivered,Inter-City
SHP1196,ORD1196,WH002,VEH012,DRV032,RT018,2024-02-11,2024-02-16,2024-02-15,526.57,1145.43,Delivered,Inter-City
SHP1197,ORD1197,WH009,VEH001,DRV005,RT001,2024-11-03,2024-11-04,2024-11-04,623.95,4654.79,In Transit,Local
SHP1198,ORD1198,WH006,VEH008,DRV020,RT003,2025-09-19,2025-09-22,2025-09-22,787.71,3988.36,Delivered,Local
SHP1199,ORD1199,WH002,VEH009,DRV019,RT016,2025-07-23,2025-07-27,2025-07-26,291.4,2128.01,Delivered,Inter-City
SHP1200,ORD1200,WH003,VEH018,DRV003,RT006,2024-03-28,2024-04-03,2024-04-03,512.39,2732.47,In Transit,Local
SHP1201,ORD1201,WH010,VEH008,DRV002,RT013,2024-08-15,2024-08-22,2024-08-22,347.63,2742.12,Returned,Local
SHP1202,ORD1202,WH009,VEH001,DRV044,RT008,2025-04-20,2025-04-25,2025-04-23,774.24,4649.94,Delivered,Local
SHP1203,ORD1203,WH002,VEH008,DRV043,RT020,2025-03-31,2025-04-03,2025-04-05,822.91,3633.14,Delayed,Inter-City
SHP1204,ORD1204,WH010,VEH001,DRV021,RT011,2025-07-19,2025-07-22,2025-07-21,915.39,6138.14,Delivered,Inter-City
SHP1205,ORD1205,WH010,VEH019,DRV020,RT001,2025-07-11,2025-07-18,2025-07-17,190.64,1404.78,Delivered,Local
SHP1206,ORD1206,WH001,VEH014,DRV039,RT014,2025-08-03,2025-08-09,2025-08-10,691.02,2871.68,Delayed,Inter-City
SHP1207,ORD1207,WH003,VEH017,DRV039,RT018,2025-03-15,2025-03-16,2025-03-15,71.34,163.43,Delivered,Inter-City
SHP1208,ORD1208,WH006,VEH014,DRV030,RT008,2024-08-27,2024-08-31,2024-08-30,374.4,2756.36,Delivered,Local
SHP1209,ORD1209,WH002,VEH013,DRV021,RT005,2025-03-30,2025-04-03,2025-04-03,926.81,4179.48,Delivered,Local
SHP1210,ORD1210,WH009,VEH003,DRV020,RT019,2025-07-19,2025-07-20,2025-07-20,360.93,2097.04,Delivered,Inter-City
SHP1211,ORD1211,WH009,VEH009,DRV013,RT016,2025-02-12,2025-02-17,2025-02-17,615.71,3596.29,Returned,Inter-City
SHP1212,ORD1212,WH007,VEH010,DRV018,RT010,2025-04-15,2025-04-22,2025-04-21,860.38,2651.78,Delivered,Inter-City
SHP1213,ORD1213,WH001,VEH018,DRV019,RT006,2024-09-03,2024-09-09,2024-09-09,901.45,2744.6,Delivered,Local
SHP1214,ORD1214,WH005,VEH017,DRV001,RT002,2024-10-07,2024-10-08,2024-10-08,457.1,1259.82,In Transit,Inter-City
SHP1215,ORD1215,WH002,VEH011,DRV022,RT008,2025-02-11,2025-02-16,2025-02-16,330.99,1333.3,Delivered,Inter-City
SHP1216,ORD1216,WH008,VEH010,DRV038,RT001,2025-01-28,2025-01-30,2025-01-29,565.28,2415.41,Delivered,Local
SHP1217,ORD1217,WH003,VEH009,DRV011,RT012,2025-04-08,2025-04-09,2025-04-09,996.77,3266.78,Delivered,Local
SHP1218,ORD1218,WH003,VEH020,DRV022,RT020,2024-10-25,2024-10-28,2024-10-28,931.26,6602.58,Delivered,Inter-City
SHP1219,ORD1219,WH006,VEH018,DRV009,RT017,2025-01-31,2025-02-02,2025-02-02,283.14,2115.02,Delivered,Inter-City
SHP1220,ORD1220,WH003,VEH020,DRV028,RT013,2024-07-07,2024-07-13,2024-07-11,602.09,2803.17,Delivered,Inter-City
SHP1221,ORD1221,WH002,VEH016,DRV019,RT006,2025-09-06,2025-09-08,2025-09-08,31.31,78.97,Delivered,Local
SHP1222,ORD1222,WH008,VEH018,DRV050,RT006,2024-05-02,2024-05-05,2024-05-03,244.53,747.42,Delivered,Inter-City
SHP1223,ORD1223,WH007,VEH013,DRV039,RT007,2025-05-01,2025-05-08,2025-05-08,399.23,3160.79,Delivered,Local
SHP1224,ORD1224,WH006,VEH002,DRV014,RT004,2024-08-24,2024-08-29,2024-08-29,502.61,1916.16,Delivered,Inter-City
SHP1225,ORD1225,WH006,VEH001,DRV012,RT005,2024-02-16,2024-02-20,2024-02-20,99.74,549.59,In Transit,Local
SHP1226,ORD1226,WH002,VEH019,DRV016,RT008,2024-08-04,2024-08-07,2024-08-05,229.56,1291.31,Delivered,Inter-City
SHP1227,ORD1227,WH002,VEH020,DRV004,RT001,2024-02-29,2024-03-06,2024-03-06,187.89,1031.63,Delivered,Inter-City
SHP1228,ORD1228,WH006,VEH014,DRV007,RT013,2024-05-29,2024-05-31,2024-05-30,379.69,2394.95,Delivered,Inter-City
SHP1229,ORD1229,WH005,VEH016,DRV005,RT017,2025-01-12,2025-01-15,2025-01-13,312.56,1988.68,Delivered,Local
SHP1230,ORD1230,WH010,VEH020,DRV010,RT008,2024-01-01,2024-01-04,2024-01-03,728.32,5727.87,Delivered,Local
SHP1231,ORD1231,WH003,VEH008,DRV006,RT013,2025-10-28,2025-11-03,2025-11-07,468.15,3132.41,Delayed,Inter-City
SHP1232,ORD1232,WH002,VEH010,DRV022,RT013,2024-10-23,2024-10-27,2024-10-25,291.5,1011.61,Delivered,Local
SHP1233,ORD1233,WH001,VEH004,DRV040,RT010,2024-12-27,2024-12-29,2024-12-27,616.21,4605.94,Delivered,Inter-City
SHP1234,ORD1234,WH002,VEH015,DRV032,RT014,2025-03-06,2025-03-12,2025-03-11,343.28,1396.33,Delivered,Inter-City
SHP1235,ORD1235,WH008,VEH014,DRV005,RT005,2024-01-28,2024-02-04,2024-02-02,164.32,413.96,Delivered,Inter-City
SHP1236,ORD1236,WH006,VEH016,DRV036,RT002,2025-02-20,2025-02-26,2025-02-26,798.17,4589.23,Delivered,Inter-City
SHP1237,ORD1237,WH003,VEH005,DRV016,RT003,2025-11-22,2025-11-23,2025-11-27,481.07,2541.28,Delayed,Inter-City
SHP1238,ORD1238,WH008,VEH001,DRV025,RT016,2025-10-09,2025-10-13,2025-10-13,338.62,952.5,Delivered,Inter-City
SHP1239,ORD1239,WH004,VEH016,DRV008,RT018,2024-12-30,2025-01-04,2025-01-06,76.25,215.66,Delayed,Local
SHP1240,ORD1240,WH009,VEH010,DRV042,RT017,2025-01-11,2025-01-15,2025-01-15,912.06,2282.64,Delivered,Inter-City
SHP1241,ORD1241,WH005,VEH005,DRV039,RT010,2024-07-16,2024-07-17,2024-07-17,33.77,218.79,Delivered,Inter-City
SHP1242,ORD1242,WH008,VEH011,DRV050,RT008,2025-08-06,2025-08-13,2025-08-11,566.78,3503.46,Delivered,Local
SHP1243,ORD1243,WH004,VEH003,DRV014,RT005,2024-09-22,2024-09-26,2024-09-25,601.44,3463.22,Delivered,Local
SHP1244,ORD1244,WH007,VEH013,DRV040,RT007,2024-05-09,2024-05-13,2024-05-11,715.04,1873.18,Delivered,Inter-City
SHP1245,ORD1245,WH009,VEH007,DRV044,RT016,2025-02-26,2025-03-01,2025-02-27,76.22,603.1,Delivered,Inter-City
SHP1246,ORD1246,WH004,VEH017,DRV009,RT002,2024-04-06,2024-04-07,2024-04-07,780.05,4683.26,Returned,Local
SHP1247,ORD1247,WH001,VEH013,DRV023,RT006,2025-12-18,2025-12-22,2025-12-21,296.37,1359.3,Delivered,Inter-City
SHP1248,ORD1248,WH004,VEH012,DRV005,RT005,2025-05-14,2025-05-16,2025-05-15,319.34,1300.53,Delivered,Local
SHP1249,ORD1249,WH004,VEH016,DRV024,RT013,2024-11-17,2024-11-24,2024-11-23,615.53,4840.88,Delivered,Local
SHP1250,ORD1250,WH005,VEH017,DRV029,RT017,2024-10-27,2024-11-01,2024-11-05,163.94,602.0,Delayed,Local
SHP1251,ORD1251,WH010,VEH010,DRV046,RT012,2024-05-03,2024-05-04,2024-05-03,409.76,1159.02,Delivered,Local
SHP1252,ORD1252,WH001,VEH014,DRV038,RT005,2025-08-04,2025-08-08,2025-08-08,330.36,1718.86,Returned,Inter-City
SHP1253,ORD1253,WH006,VEH004,DRV010,RT002,2025-03-07,2025-03-14,2025-03-16,751.94,5455.25,Delayed,Inter-City
SHP1254,ORD1254,WH008,VEH006,DRV039,RT008,2024-11-23,2024-11-29,2024-11-29,615.82,3390.61,Delivered,Local
SHP1255,ORD1255,WH004,VEH009,DRV044,RT009,2024-05-21,2024-05-22,2024-05-22,577.65,2199.1,Delivered,Inter-City
SHP1256,ORD1256,WH006,VEH001,DRV012,RT005,2024-07-19,2024-07-22,2024-07-21,464.16,3668.63,Delivered,Local
SHP1257,ORD1257,WH001,VEH010,DRV023,RT016,2025-08-03,2025-08-07,2025-08-07,858.68,2422.89,In Transit,Local
SHP1258,ORD1258,WH002,VEH017,DRV019,RT002,2025-04-14,2025-04-15,2025-04-15,207.59,1224.44,Returned,Local
SHP1259,ORD1259,WH009,VEH005,DRV006,RT010,2025-04-08,2025-04-13,2025-04-11,841.67,6449.26,Delivered,Inter-City
SHP1260,ORD1260,WH003,VEH008,DRV013,RT015,2025-10-22,2025-10-28,2025-10-28,694.95,5252.98,Delivered,Inter-City
SHP1261,ORD1261,WH005,VEH011,DRV005,RT013,2025-05-14,2025-05-18,2025-05-16,448.04,1959.08,Delivered,Inter-City
SHP1262,ORD1262,WH007,VEH008,DRV043,RT005,2025-06-16,2025-06-20,2025-06-20,9.32,22.41,Delivered,Inter-City
SHP1263,ORD1263,WH003,VEH005,DRV002,RT002,2025-11-23,2025-11-28,2025-12-01,505.86,1826.42,Delayed,Local
SHP1264,ORD1264,WH007,VEH009,DRV050,RT018,2024-07-27,2024-07-29,2024-07-29,425.75,2004.5,Delivered,Inter-City
SHP1265,ORD1265,WH010,VEH013,DRV002,RT017,2024-06-19,2024-06-25,2024-06-23,607.23,3031.65,Delivered,Inter-City
SHP1266,ORD1266,WH002,VEH007,DRV025,RT001,2024-12-09,2024-12-15,2024-12-13,256.93,1928.04,Delivered,Local
SHP1267,ORD1267,WH007,VEH020,DRV009,RT001,2025-07-29,2025-08-01,2025-07-31,283.53,1783.73,Delivered,Local
SHP1268,ORD1268,WH001,VEH004,DRV013,RT005,2024-09-24,2024-09-29,2024-09-28,764.78,1958.98,Delivered,Inter-City
SHP1269,ORD1269,WH010,VEH007,DRV024,RT002,2025-10-30,2025-11-06,2025-11-06,5.91,15.66,Returned,Inter-City
SHP1270,ORD1270,WH006,VEH010,DRV026,RT004,2025-05-01,2025-05-04,2025-05-02,716.82,5281.14,Delivered,Inter-City
SHP1271,ORD1271,WH001,VEH018,DRV004,RT007,2025-06-20,2025-06-26,2025-07-01,579.19,3790.22,Delayed,Inter-City
SHP1272,ORD1272,WH001,VEH010,DRV017,RT003,2024-03-03,2024-03-06,2024-03-06,275.58,656.78,Delivered,Inter-City
SHP1273,ORD1273,WH007,VEH013,DRV033,RT011,2024-03-18,2024-03-24,2024-03-24,834.47,2624.9,Delivered,Inter-City
SHP1274,ORD1274,WH002,VEH009,DRV033,RT007,2025-05-03,2025-05-06,2025-05-05,323.12,1626.62,Delivered,Local
SHP1275,ORD1275,WH004,VEH002,DRV040,RT001,2024-04-15,2024-04-19,2024-04-17,931.74,3995.86,Delivered,Inter-City
SHP1276,ORD1276,WH008,VEH004,DRV032,RT015,2025-07-16,2025-07-19,2025-07-20,95.75,724.14,Delayed,Inter-City
SHP1277,ORD1277,WH001,VEH005,DRV030,RT004,2025-02-18,2025-02-23,2025-02-21,695.45,4085.79,Delivered,Local
SHP1278,ORD1278,WH004,VEH016,DRV045,RT004,2025-03-22,2025-03-23,2025-03-24,368.98,2792.09,Delayed,Inter-City
SHP1279,ORD1279,WH007,VEH017,DRV028,RT004,2024-03-28,2024-04-02,2024-03-31,472.67,3303.79,Delivered,Inter-City
SHP1280,ORD1280,WH008,VEH012,DRV038,RT017,2024-07-25,2024-07-31,2024-07-31,164.03,392.69,Delivered,Inter-City
SHP1281,ORD1281,WH001,VEH011,DRV002,RT011,2025-07-03,2025-07-05,2025-07-04,193.64,801.52,Delivered,Inter-City
SHP1282,ORD1282,WH009,VEH003,DRV038,RT012,2025-03-08,2025-03-11,2025-03-11,442.53,1283.21,Returned,Inter-City
SHP1283,ORD1283,WH006,VEH008,DRV024,RT008,2024-09-10,2024-09-15,2024-09-13,595.3,3909.04,Delivered,Local
SHP1284,ORD1284,WH003,VEH010,DRV011,RT013,2025-02-13,2025-02-19,2025-02-19,98.79,734.26,Delivered,Local
SHP1285,ORD1285,WH008,VEH011,DRV036,RT002,2024-03-09,2024-03-15,2024-03-14,541.73,1953.54,Delivered,Inter-City
SHP1286,ORD1286,WH007,VEH014,DRV036,RT016,2025-09-11,2025-09-18,2025-09-18,9.28,67.28,Delivered,Inter-City
SHP1287,ORD1287,WH004,VEH001,DRV010,RT017,2024-12-15,2024-12-17,2024-12-17,901.45,4301.86,Delivered,Inter-City
SHP1288,ORD1288,WH008,VEH013,DRV028,RT019,2025-07-27,2025-08-03,2025-08-01,225.87,880.88,Delivered,Local
SHP1289,ORD1289,WH006,VEH002,DRV011,RT011,2024-05-08,2024-05-15,2024-05-13,373.76,1419.89,Delivered,Inter-City
SHP1290,ORD1290,WH002,VEH008,DRV001,RT018,2025-04-23,2025-04-30,2025-05-02,941.67,1926.59,Delayed,Local
SHP1291,ORD1291,WH010,VEH016,DRV009,RT001,2025-10-16,2025-10-20,2025-10-20,557.79,3508.58,Delivered,Inter-City
SHP1292,ORD1292,WH003,VEH016,DRV031,RT016,2025-04-11,2025-04-17,2025-04-17,950.38,2561.96,Returned,Inter-City
SHP1293,ORD1293,WH009,VEH010,DRV009,RT011,2024-05-11,2024-05-17,2024-05-15,483.33,2428.12,Delivered,Local
SHP1294,ORD1294,WH007,VEH007,DRV001,RT020,2024-03-03,2024-03-04,2024-03-03,907.86,2613.33,Delivered,Inter-City
SHP1295,ORD1295,WH001,VEH005,DRV046,RT009,2024-05-24,2024-05-26,2024-05-25,676.76,3338.56,Delivered,Local
SHP1296,ORD1296,WH001,VEH012,DRV048,RT016,2025-12-09,2025-12-15,2025-12-14,985.53,2526.52,Delivered,Inter-City
SHP1297,ORD1297,WH010,VEH014,DRV008,RT019,2025-08-19,2025-08-25,2025-08-24,112.79,472.43,Delivered,Inter-City
SHP1298,ORD1298,WH010,VEH014,DRV023,RT013,2025-02-16,2025-02-23,2025-02-23,457.98,1729.32,Returned,Local
SHP1299,ORD1299,WH010,VEH020,DRV047,RT013,2025-06-20,2025-06-27,2025-06-27,198.8,1326.77,Delivered,Inter-City
SHP1300,ORD1300,WH001,VEH001,DRV040,RT012,2024-06-04,2024-06-06,2024-06-05,945.25,7484.94,Delivered,Local
SHP1301,ORD1301,WH007,VEH012,DRV013,RT015,2025-10-01,2025-10-03,2025-10-01,186.39,1309.71,Delivered,Inter-City
SHP1302,ORD1302,WH010,VEH003,DRV049,RT009,2024-09-06,2024-09-11,2024-09-09,18.22,38.76,Delivered,Inter-City
SHP1303,ORD1303,WH005,VEH016,DRV043,RT008,2025-03-07,2025-03-08,2025-03-08,337.9,2274.59,Delivered,Local
SHP1304,ORD1304,WH010,VEH004,DRV006,RT011,2024-02-08,2024-02-14,2024-02-12,100.7,243.24,Delivered,Inter-City
SHP1305,ORD1305,WH003,VEH014,DRV001,RT001,2025-05-31,2025-06-01,2025-06-01,404.32,2168.43,Delivered,Inter-City
SHP1306,ORD1306,WH004,VEH009,DRV030,RT011,2025-09-04,2025-09-08,2025-09-08,864.2,6491.08,Returned,Local
SHP1307,ORD1307,WH004,VEH008,DRV021,RT010,2025-06-03,2025-06-08,2025-06-06,210.98,1044.77,Delivered,Inter-City
SHP1308,ORD1308,WH002,VEH020,DRV012,RT004,2024-10-17,2024-10-22,2024-10-21,474.63,1209.23,Delivered,Inter-City
SHP1309,ORD1309,WH005,VEH013,DRV016,RT017,2025-02-27,2025-03-05,2025-03-04,853.8,5184.85,Delivered,Inter-City
SHP1310,ORD1310,WH004,VEH005,DRV002,RT007,2024-04-03,2024-04-07,2024-04-05,143.02,850.17,Delivered,Local
SHP1311,ORD1311,WH007,VEH012,DRV010,RT017,2024-05-25,2024-05-28,2024-06-01,541.03,1938.63,Delayed,Inter-City
SHP1312,ORD1312,WH010,VEH006,DRV047,RT016,2025-11-16,2025-11-18,2025-11-17,7.6,52.17,Delivered,Local
SHP1313,ORD1313,WH003,VEH001,DRV035,RT013,2025-11-11,2025-11-12,2025-11-12,307.67,1992.99,Delivered,Local
SHP1314,ORD1314,WH001,VEH011,DRV006,RT019,2024-01-25,2024-01-30,2024-01-29,283.4,1967.76,Delivered,Inter-City
SHP1315,ORD1315,WH008,VEH004,DRV026,RT007,2024-02-28,2024-03-05,2024-03-03,726.86,5764.08,Delivered,Local
SHP1316,ORD1316,WH006,VEH014,DRV042,RT007,2025-01-25,2025-01-30,2025-01-28,763.81,5637.35,Delivered,Local
SHP1317,ORD1317,WH001,VEH003,DRV004,RT002,2024-02-08,2024-02-13,2024-02-13,528.69,2945.4,Delivered,Inter-City
SHP1318,ORD1318,WH004,VEH003,DRV036,RT015,2025-06-17,2025-06-18,2025-06-16,8.53,65.2,Delivered,Local
SHP1319,ORD1319,WH009,VEH002,DRV012,RT017,2025-10-21,2025-10-23,2025-10-22,700.53,2572.4,Delivered,Inter-City
SHP1320,ORD1320,WH006,VEH018,DRV039,RT006,2025-10-01,2025-10-07,2025-10-07,623.53,2107.96,Delivered,Inter-City
SHP1321,ORD1321,WH005,VEH008,DRV041,RT015,2025-03-03,2025-03-07,2025-03-08,246.23,1109.24,Delayed,Inter-City
SHP1322,ORD1322,WH003,VEH018,DRV042,RT001,2025-06-08,2025-06-15,2025-06-15,144.63,408.24,Delivered,Local
SHP1323,ORD1323,WH007,VEH017,DRV005,RT012,2025-08-08,2025-08-11,2025-08-10,894.66,7057.4,Delivered,Inter-City
SHP1324,ORD1324,WH008,VEH001,DRV023,RT008,2024-03-16,2024-03-23,2024-03-23,41.15,168.43,Delivered,Local
SHP1325,ORD1325,WH009,VEH007,DRV044,RT008,2024-01-09,2024-01-16,2024-01-14,435.49,3300.67,Delivered,Local
SHP1326,ORD1326,WH010,VEH015,DRV040,RT017,2024-10-24,2024-10-26,2024-10-26,559.91,4437.07,Delivered,Inter-City
SHP1327,ORD1327,WH005,VEH005,DRV043,RT014,2025-09-12,2025-09-14,2025-09-14,477.0,2122.25,In Transit,Inter-City
SHP1328,ORD1328,WH006,VEH001,DRV049,RT004,2025-02-19,2025-02-26,2025-02-25,430.01,2640.47,Delivered,Local
SHP1329,ORD1329,WH002,VEH017,DRV032,RT016,2025-02-11,2025-02-18,2025-02-18,659.91,3468.59,Delivered,Local
SHP1330,ORD1330,WH004,VEH014,DRV016,RT014,2025-07-11,2025-07-16,2025-07-14,668.43,1435.42,Delivered,Local
SHP1331,ORD1331,WH007,VEH006,DRV030,RT013,2024-06-25,2024-06-30,2024-06-30,188.16,864.32,Delivered,Inter-City
SHP1332,ORD1332,WH008,VEH017,DRV045,RT017,2024-01-12,2024-01-17,2024-01-15,689.35,3229.8,Delivered,Inter-City
SHP1333,ORD1333,WH007,VEH003,DRV026,RT011,2024-06-22,2024-06-24,2024-06-22,917.19,5148.52,Delivered,Inter-City
SHP1334,ORD1334,WH009,VEH020,DRV001,RT015,2024-10-25,2024-10-30,2024-10-28,245.63,959.91,Delivered,Inter-City
SHP1335,ORD1335,WH009,VEH004,DRV009,RT011,2024-12-15,2024-12-20,2024-12-19,482.87,1406.97,Delivered,Inter-City
SHP1336,ORD1336,WH006,VEH020,DRV032,RT013,2024-10-30,2024-10-31,2024-11-05,839.41,6272.75,Delayed,Local
SHP1337,ORD1337,WH006,VEH018,DRV002,RT011,2024-01-31,2024-02-01,2024-01-30,941.48,3526.27,Delivered,Inter-City
SHP1338,ORD1338,WH008,VEH004,DRV050,RT013,2024-12-03,2024-12-07,2024-12-05,584.8,3175.43,Delivered,Inter-City
SHP1339,ORD1339,WH003,VEH019,DRV023,RT013,2024-12-25,2025-01-01,2025-01-01,536.71,2494.85,Delivered,Local
SHP1340,ORD1340,WH002,VEH010,DRV034,RT014,2024-02-10,2024-02-11,2024-02-09,364.26,823.78,Delivered,Inter-City
SHP1341,ORD1341,WH010,VEH006,DRV017,RT009,2025-08-31,2025-09-06,2025-09-04,185.04,1422.47,Delivered,Inter-City
SHP1342,ORD1342,WH009,VEH016,DRV023,RT015,2024-02-20,2024-02-26,2024-02-26,644.35,4280.83,Delivered,Inter-City
SHP1343,ORD1343,WH010,VEH007,DRV002,RT004,2024-04-14,2024-04-20,2024-04-20,343.2,713.57,Delivered,Inter-City
SHP1344,ORD1344,WH009,VEH013,DRV041,RT002,2025-05-20,2025-05-23,2025-05-23,573.76,4483.5,Delivered,Inter-City
SHP1345,ORD1345,WH007,VEH020,DRV023,RT005,2024-07-04,2024-07-06,2024-07-06,851.73,3788.87,Delivered,Local
SHP1346,ORD1346,WH004,VEH004,DRV041,RT018,2024-01-17,2024-01-21,2024-01-21,887.0,1846.59,Delivered,Inter-City
SHP1347,ORD1347,WH008,VEH007,DRV002,RT005,2024-09-24,2024-10-01,2024-10-01,905.18,5347.12,Delivered,Inter-City
SHP1348,ORD1348,WH007,VEH005,DRV017,RT019,2025-04-07,2025-04-10,2025-04-10,472.23,3190.21,Delivered,Inter-City
SHP1349,ORD1349,WH005,VEH001,DRV045,RT011,2025-05-21,2025-05-28,2025-05-26,96.56,565.07,Delivered,Inter-City
SHP1350,ORD1350,WH005,VEH010,DRV026,RT020,2025-01-11,2025-01-15,2025-01-15,679.9,5065.19,In Transit,Inter-City
SHP1351,ORD1351,WH005,VEH002,DRV047,RT013,2025-07-09,2025-07-13,2025-07-13,790.04,3295.51,In Transit,Inter-City
SHP1352,ORD1352,WH005,VEH009,DRV024,RT008,2024-09-17,2024-09-20,2024-09-18,70.26,301.06,Delivered,Inter-City
SHP1353,ORD1353,WH007,VEH018,DRV035,RT014,2024-12-28,2025-01-04,2025-01-02,202.63,1314.1,Delivered,Inter-City
SHP1354,ORD1354,WH005,VEH017,DRV013,RT010,2025-07-29,2025-08-04,2025-08-04,663.04,5013.23,Delivered,Inter-City
SHP1355,ORD1355,WH009,VEH014,DRV041,RT006,2025-03-02,2025-03-09,2025-03-08,219.76,1729.91,Delivered,Inter-City
SHP1356,ORD1356,WH005,VEH017,DRV021,RT008,2024-06-06,2024-06-07,2024-06-05,812.35,3928.99,Delivered,Local
SHP1357,ORD1357,WH009,VEH016,DRV001,RT017,2025-09-15,2025-09-18,2025-09-18,163.27,1192.35,Delivered,Local
SHP1358,ORD1358,WH007,VEH020,DRV036,RT007,2025-11-03,2025-11-10,2025-11-13,304.26,2199.07,Delayed,Local
SHP1359,ORD1359,WH007,VEH020,DRV045,RT011,2025-07-02,2025-07-03,2025-07-02,28.66,181.83,Delivered,Inter-City
SHP1360,ORD1360,WH005,VEH011,DRV004,RT012,2024-02-02,2024-02-07,2024-02-07,534.35,2354.0,Delivered,Inter-City
SHP1361,ORD1361,WH003,VEH001,DRV004,RT015,2024-07-20,2024-07-23,2024-07-23,918.18,6013.11,Delivered,Local
SHP1362,ORD1362,WH004,VEH019,DRV003,RT015,2025-04-02,2025-04-04,2025-04-02,492.57,1404.45,Delivered,Inter-City
SHP1363,ORD1363,WH010,VEH011,DRV018,RT012,2025-11-13,2025-11-19,2025-11-17,9.76,52.44,Delivered,Inter-City
SHP1364,ORD1364,WH001,VEH003,DRV027,RT005,2024-12-09,2024-12-14,2024-12-13,114.39,255.17,Delivered,Inter-City
SHP1365,ORD1365,WH003,VEH001,DRV020,RT011,2024-01-24,2024-01-30,2024-01-30,959.62,2461.69,Delivered,Local
SHP1366,ORD1366,WH004,VEH011,DRV015,RT003,2024-05-22,2024-05-26,2024-05-24,268.5,1638.57,Delivered,Inter-City
SHP1367,ORD1367,WH004,VEH008,DRV049,RT016,2025-09-27,2025-10-04,2025-10-07,192.15,1303.72,Delayed,Inter-City
SHP1368,ORD1368,WH002,VEH004,DRV010,RT008,2025-11-03,2025-11-06,2025-11-04,34.05,271.12,Delivered,Inter-City
SHP1369,ORD1369,WH003,VEH013,DRV023,RT006,2025-04-16,2025-04-23,2025-04-22,153.24,705.64,Delivered,Local
SHP1370,ORD1370,WH007,VEH006,DRV043,RT012,2024-04-23,2024-04-29,2024-04-29,525.95,2616.84,Delivered,Inter-City
SHP1371,ORD1371,WH009,VEH007,DRV036,RT012,2024-12-22,2024-12-25,2024-12-25,345.51,857.38,Returned,Inter-City
SHP1372,ORD1372,WH007,VEH002,DRV039,RT003,2025-08-21,2025-08-23,2025-08-22,98.3,477.72,Delivered,Local
SHP1373,ORD1373,WH005,VEH012,DRV023,RT011,2025-12-01,2025-12-03,2025-12-01,456.49,998.57,Delivered,Inter-City
SHP1374,ORD1374,WH007,VEH005,DRV031,RT006,2025-07-10,2025-07-17,2025-07-17,418.65,1339.17,Delivered,Inter-City
SHP1375,ORD1375,WH008,VEH009,DRV025,RT004,2024-05-23,2024-05-30,2024-05-30,669.46,4674.66,Delivered,Inter-City
SHP1376,ORD1376,WH006,VEH014,DRV047,RT006,2025-03-11,2025-03-14,2025-03-14,177.93,808.85,Delivered,Local
SHP1377,ORD1377,WH009,VEH009,DRV034,RT004,2025-06-07,2025-06-14,2025-06-12,444.87,1316.24,Delivered,Local
SHP1378,ORD1378,WH010,VEH020,DRV004,RT014,2025-08-07,2025-08-09,2025-08-09,605.49,2778.55,Delivered,Local
SHP1379,ORD1379,WH001,VEH008,DRV040,RT020,2024-12-10,2024-12-11,2024-12-10,746.01,5704.1,Delivered,Inter-City
SHP1380,ORD1380,WH005,VEH011,DRV003,RT011,2025-09-22,2025-09-29,2025-09-27,542.15,4069.44,Delivered,Inter-City
SHP1381,ORD1381,WH003,VEH014,DRV029,RT008,2025-11-23,2025-11-30,2025-11-30,947.9,7311.73,Delivered,Local
SHP1382,ORD1382,WH004,VEH009,DRV015,RT017,2025-07-23,2025-07-28,2025-07-28,312.03,1268.38,Delivered,Inter-City
SHP1383,ORD1383,WH002,VEH010,DRV042,RT005,2024-02-28,2024-03-01,2024-02-29,609.77,2105.99,Delivered,Local
SHP1384,ORD1384,WH005,VEH012,DRV003,RT005,2025-07-20,2025-07-22,2025-07-24,111.53,393.94,Delayed,Inter-City
SHP1385,ORD1385,WH008,VEH012,DRV050,RT012,2025-03-28,2025-04-01,2025-04-05,188.88,1068.65,Delayed,Inter-City
SHP1386,ORD1386,WH002,VEH011,DRV019,RT019,2024-01-25,2024-01-31,2024-01-30,630.57,1995.44,Delivered,Inter-City
SHP1387,ORD1387,WH002,VEH017,DRV046,RT007,2025-10-24,2025-10-27,2025-10-27,438.7,2496.3,Delivered,Inter-City
SHP1388,ORD1388,WH004,VEH003,DRV003,RT006,2025-11-11,2025-11-16,2025-11-15,486.23,2951.04,Delivered,Inter-City
SHP1389,ORD1389,WH002,VEH011,DRV002,RT014,2024-05-30,2024-06-05,2024-06-03,119.12,719.35,Delivered,Inter-City
SHP1390,ORD1390,WH008,VEH020,DRV009,RT013,2024-12-13,2024-12-20,2024-12-21,910.15,2986.91,Delayed,Inter-City
SHP1391,ORD1391,WH003,VEH017,DRV008,RT014,2024-05-24,2024-05-30,2024-05-28,87.96,204.19,Delivered,Inter-City
SHP1392,ORD1392,WH009,VEH016,DRV015,RT020,2024-06-08,2024-06-10,2024-06-11,595.74,2071.46,Delayed,Inter-City
SHP1393,ORD1393,WH010,VEH003,DRV021,RT015,2024-08-11,2024-08-17,2024-08-16,437.97,2147.93,Delivered,Inter-City
SHP1394,ORD1394,WH001,VEH012,DRV009,RT019,2025-06-10,2025-06-16,2025-06-16,453.96,910.59,In Transit,Inter-City
SHP1395,ORD1395,WH005,VEH012,DRV039,RT020,2024-03-23,2024-03-26,2024-03-26,61.2,223.07,Delivered,Inter-City
SHP1396,ORD1396,WH001,VEH001,DRV012,RT001,2024-05-14,2024-05-21,2024-05-25,743.69,3811.01,Delayed,Inter-City
SHP1397,ORD1397,WH009,VEH016,DRV036,RT020,2024-02-05,2024-02-07,2024-02-05,940.43,5480.55,Delivered,Inter-City
SHP1398,ORD1398,WH001,VEH006,DRV039,RT011,2025-05-30,2025-06-03,2025-06-03,455.33,1994.17,Returned,Inter-City
SHP1399,ORD1399,WH004,VEH002,DRV018,RT001,2025-09-11,2025-09-18,2025-09-20,276.78,1690.87,Delayed,Local
SHP1400,ORD1400,WH008,VEH012,DRV020,RT003,2025-07-03,2025-07-09,2025-07-07,150.46,1013.02,Delivered,Inter-City
SHP1401,ORD1401,WH009,VEH017,DRV007,RT002,2024-03-18,2024-03-20,2024-03-25,666.71,3119.16,Delayed,Local
SHP1402,ORD1402,WH002,VEH002,DRV049,RT011,2024-04-12,2024-04-14,2024-04-16,284.41,671.39,Delayed,Inter-City
SHP1403,ORD1403,WH009,VEH010,DRV011,RT005,2024-01-03,2024-01-04,2024-01-04,537.74,2840.04,Delivered,Inter-City
SHP1404,ORD1404,WH006,VEH008,DRV012,RT002,2025-07-17,2025-07-23,2025-07-23,686.72,1689.87,Delivered,Inter-City
SHP1405,ORD1405,WH007,VEH017,DRV008,RT014,2024-08-15,2024-08-19,2024-08-19,241.37,1301.48,Delivered,Local
SHP1406,ORD1406,WH002,VEH016,DRV016,RT013,2025-09-06,2025-09-07,2025-09-11,750.34,4168.19,Delayed,Local
SHP1407,ORD1407,WH005,VEH016,DRV028,RT016,2024-07-07,2024-07-08,2024-07-08,28.02,77.79,Delivered,Inter-City
SHP1408,ORD1408,WH005,VEH004,DRV050,RT002,2025-04-30,2025-05-01,2025-04-30,118.57,408.91,Delivered,Inter-City
SHP1409,ORD1409,WH009,VEH012,DRV002,RT018,2025-09-13,2025-09-16,2025-09-16,184.4,876.39,Delivered,Inter-City
SHP1410,ORD1410,WH009,VEH012,DRV006,RT004,2025-08-21,2025-08-28,2025-08-28,624.1,4238.44,Delivered,Local
SHP1411,ORD1411,WH005,VEH012,DRV017,RT012,2025-03-06,2025-03-11,2025-03-10,146.06,638.66,Delivered,Inter-City
SHP1412,ORD1412,WH006,VEH013,DRV008,RT020,2024-07-09,2024-07-13,2024-07-12,501.02,1712.47,Delivered,Inter-City
SHP1413,ORD1413,WH008,VEH004,DRV045,RT017,2025-05-27,2025-05-31,2025-05-31,847.23,2917.1,Delivered,Inter-City
SHP1414,ORD1414,WH006,VEH013,DRV007,RT005,2025-02-15,2025-02-22,2025-02-21,924.05,4291.03,Delivered,Local
SHP1415,ORD1415,WH004,VEH001,DRV024,RT012,2025-05-21,2025-05-23,2025-05-22,102.95,542.22,Delivered,Inter-City
SHP1416,ORD1416,WH009,VEH016,DRV048,RT010,2024-02-17,2024-02-19,2024-02-17,144.09,882.46,Delivered,Local
SHP1417,ORD1417,WH005,VEH013,DRV005,RT010,2024-10-31,2024-11-07,2024-11-06,886.32,2708.11,Delivered,Inter-City
SHP1418,ORD1418,WH007,VEH007,DRV047,RT007,2024-01-01,2024-01-04,2024-01-02,114.9,785.14,Delivered,Inter-City
SHP1419,ORD1419,WH007,VEH004,DRV044,RT010,2024-06-27,2024-07-03,2024-07-03,672.59,2856.87,Returned,Inter-City
SHP1420,ORD1420,WH005,VEH017,DRV015,RT004,2025-09-07,2025-09-11,2025-09-09,738.44,2394.95,Delivered,Local
SHP1421,ORD1421,WH007,VEH009,DRV031,RT001,2024-09-13,2024-09-17,2024-09-16,380.22,2989.19,Delivered,Local
SHP1422,ORD1422,WH007,VEH019,DRV033,RT016,2024-01-23,2024-01-25,2024-01-25,380.52,2036.69,Returned,Inter-City
SHP1423,ORD1423,WH004,VEH001,DRV002,RT009,2025-07-08,2025-07-10,2025-07-09,684.5,5149.63,Delivered,Inter-City
SHP1424,ORD1424,WH004,VEH013,DRV047,RT008,2025-12-07,2025-12-14,2025-12-14,766.68,4186.01,Delivered,Inter-City
SHP1425,ORD1425,WH003,VEH005,DRV050,RT020,2024-04-26,2024-05-02,2024-05-04,485.14,1138.09,Delayed,Inter-City
SHP1426,ORD1426,WH006,VEH020,DRV015,RT009,2024-03-06,2024-03-07,2024-03-06,54.63,352.74,Delivered,Inter-City
SHP1427,ORD1427,WH003,VEH019,DRV007,RT003,2025-07-10,2025-07-14,2025-07-14,132.64,390.13,Delivered,Inter-City
SHP1428,ORD1428,WH008,VEH004,DRV034,RT007,2024-01-21,2024-01-22,2024-01-20,118.64,733.09,Delivered,Local
SHP1429,ORD1429,WH007,VEH002,DRV031,RT011,2025-11-24,2025-11-28,2025-11-26,614.76,4143.7,Delivered,Local
SHP1430,ORD1430,WH009,VEH009,DRV037,RT016,2024-10-18,2024-10-23,2024-10-21,451.55,2529.4,Delivered,Inter-City
SHP1431,ORD1431,WH006,VEH006,DRV009,RT004,2025-05-17,2025-05-18,2025-05-18,282.76,2013.82,Delivered,Inter-City
SHP1432,ORD1432,WH006,VEH014,DRV023,RT017,2024-04-07,2024-04-12,2024-04-10,536.86,1402.3,Delivered,Inter-City
SHP1433,ORD1433,WH001,VEH014,DRV005,RT016,2024-08-04,2024-08-10,2024-08-08,854.89,6147.98,Delivered,Local
SHP1434,ORD1434,WH006,VEH014,DRV016,RT004,2025-02-21,2025-02-23,2025-02-23,172.32,821.28,Delivered,Inter-City
SHP1435,ORD1435,WH006,VEH012,DRV029,RT006,2025-02-28,2025-03-01,2025-02-28,598.7,3384.34,Delivered,Local
SHP1436,ORD1436,WH004,VEH016,DRV036,RT017,2024-03-13,2024-03-14,2024-03-12,839.98,2744.68,Delivered,Local
SHP1437,ORD1437,WH010,VEH019,DRV038,RT002,2025-02-05,2025-02-10,2025-02-10,699.21,1875.96,Delivered,Local
SHP1438,ORD1438,WH004,VEH001,DRV032,RT003,2025-03-12,2025-03-16,2025-03-15,192.58,1174.66,Delivered,Inter-City
SHP1439,ORD1439,WH003,VEH004,DRV025,RT008,2025-12-08,2025-12-10,2025-12-09,921.32,6277.86,Delivered,Inter-City
SHP1440,ORD1440,WH004,VEH003,DRV031,RT020,2025-06-23,2025-06-26,2025-06-25,580.5,3788.27,Delivered,Local
SHP1441,ORD1441,WH001,VEH010,DRV045,RT020,2024-02-27,2024-02-29,2024-02-28,674.19,3781.03,Delivered,Inter-City
SHP1442,ORD1442,WH005,VEH012,DRV034,RT011,2025-05-30,2025-06-01,2025-05-31,696.37,5169.04,Delivered,Inter-City
SHP1443,ORD1443,WH004,VEH020,DRV038,RT018,2024-05-06,2024-05-08,2024-05-08,484.42,1778.17,Returned,Local
SHP1444,ORD1444,WH004,VEH020,DRV041,RT005,2024-05-28,2024-05-31,2024-05-30,110.31,755.88,Delivered,Local
SHP1445,ORD1445,WH002,VEH020,DRV045,RT006,2024-11-26,2024-12-01,2024-12-01,631.2,4455.17,Delivered,Inter-City
SHP1446,ORD1446,WH005,VEH016,DRV027,RT006,2024-04-18,2024-04-25,2024-04-23,991.5,6186.97,Delivered,Local
SHP1447,ORD1447,WH007,VEH002,DRV008,RT018,2025-02-08,2025-02-10,2025-02-08,600.24,2489.82,Delivered,Inter-City
SHP1448,ORD1448,WH002,VEH007,DRV047,RT018,2024-09-14,2024-09-17,2024-09-17,98.35,426.61,Delivered,Inter-City
SHP1449,ORD1449,WH001,VEH020,DRV016,RT001,2025-04-26,2025-05-01,2025-04-30,523.71,3362.88,Delivered,Inter-City
SHP1450,ORD1450,WH010,VEH002,DRV042,RT019,2025-03-14,2025-03-20,2025-03-18,309.32,2255.43,Delivered,Inter-City
SHP1451,ORD1451,WH010,VEH018,DRV030,RT005,2025-10-06,2025-10-09,2025-10-07,36.95,292.33,Delivered,Local
SHP1452,ORD1452,WH010,VEH020,DRV012,RT004,2025-04-16,2025-04-20,2025-04-18,777.52,2432.93,Delivered,Inter-City
SHP1453,ORD1453,WH002,VEH014,DRV026,RT017,2024-03-06,2024-03-07,2024-03-07,877.96,2892.66,In Transit,Local
SHP1454,ORD1454,WH010,VEH016,DRV013,RT014,2025-04-08,2025-04-09,2025-04-08,693.95,1891.81,Delivered,Inter-City
SHP1455,ORD1455,WH004,VEH010,DRV001,RT006,2024-11-08,2024-11-10,2024-11-10,652.2,3833.66,Returned,Inter-City
SHP1456,ORD1456,WH005,VEH004,DRV045,RT020,2025-06-21,2025-06-28,2025-06-28,840.29,2837.83,Returned,Inter-City
SHP1457,ORD1457,WH001,VEH014,DRV044,RT008,2024-07-08,2024-07-14,2024-07-14,436.71,1681.88,Delivered,Inter-City
SHP1458,ORD1458,WH001,VEH004,DRV035,RT004,2025-10-26,2025-11-02,2025-11-02,313.45,1131.78,Returned,Local
SHP1459,ORD1459,WH005,VEH018,DRV018,RT005,2025-11-16,2025-11-22,2025-11-22,161.56,594.07,Delivered,Inter-City
SHP1460,ORD1460,WH006,VEH001,DRV045,RT020,2024-11-11,2024-11-15,2024-11-14,354.28,2609.87,Delivered,Local
SHP1461,ORD1461,WH002,VEH004,DRV043,RT017,2025-03-12,2025-03-18,2025-03-18,979.98,4409.1,Delivered,Local
SHP1462,ORD1462,WH005,VEH001,DRV040,RT019,2024-10-18,2024-10-19,2024-10-18,497.52,1569.39,Delivered,Local
SHP1463,ORD1463,WH009,VEH020,DRV046,RT003,2024-07-16,2024-07-20,2024-07-21,323.32,2258.36,Delayed,Inter-City
SHP1464,ORD1464,WH003,VEH010,DRV021,RT003,2025-12-01,2025-12-07,2025-12-05,60.52,451.22,Delivered,Inter-City
SHP1465,ORD1465,WH003,VEH013,DRV005,RT003,2024-01-28,2024-02-03,2024-02-03,321.71,1260.19,Delivered,Inter-City
SHP1466,ORD1466,WH005,VEH006,DRV048,RT019,2025-08-30,2025-09-01,2025-09-01,636.0,1937.89,Delivered,Local
SHP1467,ORD1467,WH008,VEH013,DRV046,RT013,2025-03-19,2025-03-24,2025-03-24,665.65,5321.12,In Transit,Inter-City
SHP1468,ORD1468,WH010,VEH006,DRV050,RT006,2025-08-06,2025-08-09,2025-08-09,235.55,1013.42,Delivered,Inter-City
SHP1469,ORD1469,WH010,VEH009,DRV006,RT003,2025-10-02,2025-10-09,2025-10-07,783.52,2469.07,Delivered,Inter-City
SHP1470,ORD1470,WH001,VEH020,DRV015,RT010,2024-05-09,2024-05-12,2024-05-10,632.77,1830.46,Delivered,Local
SHP1471,ORD1471,WH001,VEH013,DRV028,RT006,2025-06-08,2025-06-14,2025-06-16,273.81,861.92,Delayed,Local
SHP1472,ORD1472,WH005,VEH017,DRV035,RT020,2024-08-23,2024-08-25,2024-08-24,212.64,898.52,Delivered,Inter-City
SHP1473,ORD1473,WH009,VEH013,DRV028,RT020,2024-09-17,2024-09-23,2024-09-23,510.19,3395.97,Delivered,Inter-City
SHP1474,ORD1474,WH006,VEH010,DRV012,RT010,2024-09-12,2024-09-18,2024-09-18,564.21,2427.41,Returned,Inter-City
SHP1475,ORD1475,WH010,VEH005,DRV036,RT011,2024-12-17,2024-12-18,2024-12-17,272.64,1101.51,Delivered,Inter-City
SHP1476,ORD1476,WH001,VEH019,DRV023,RT006,2025-07-26,2025-08-01,2025-07-30,807.93,6408.64,Delivered,Inter-City
SHP1477,ORD1477,WH010,VEH009,DRV031,RT001,2024-09-11,2024-09-16,2024-09-15,807.64,4547.25,Delivered,Inter-City
SHP1478,ORD1478,WH007,VEH010,DRV021,RT007,2024-11-26,2024-12-01,2024-12-01,840.31,4051.93,Delivered,Inter-City
SHP1479,ORD1479,WH006,VEH002,DRV017,RT015,2024-05-07,2024-05-14,2024-05-12,525.42,1065.12,Delivered,Inter-City
SHP1480,ORD1480,WH010,VEH019,DRV022,RT009,2024-05-19,2024-05-24,2024-05-24,511.12,2418.61,In Transit,Local
SHP1481,ORD1481,WH005,VEH010,DRV048,RT020,2025-10-22,2025-10-26,2025-10-24,380.4,2958.46,Delivered,Inter-City
SHP1482,ORD1482,WH007,VEH015,DRV038,RT018,2025-09-17,2025-09-22,2025-09-21,459.7,2046.35,Delivered,Inter-City
SHP1483,ORD1483,WH002,VEH015,DRV045,RT001,2025-03-19,2025-03-24,2025-03-24,89.58,319.37,Delivered,Local
SHP1484,ORD1484,WH008,VEH003,DRV006,RT001,2024-08-08,2024-08-15,2024-08-15,525.98,3564.41,Returned,Inter-City
SHP1485,ORD1485,WH008,VEH004,DRV022,RT013,2025-05-06,2025-05-13,2025-05-12,421.74,2685.38,Delivered,Inter-City
SHP1486,ORD1486,WH001,VEH011,DRV005,RT018,2025-06-01,2025-06-05,2025-06-05,687.79,2961.73,Delivered,Inter-City
SHP1487,ORD1487,WH005,VEH009,DRV037,RT006,2024-07-28,2024-07-31,2024-07-29,211.45,1647.89,Delivered,Inter-City
SHP1488,ORD1488,WH010,VEH014,DRV037,RT017,2024-12-01,2024-12-02,2024-12-01,327.58,2442.43,Delivered,Local
SHP1489,ORD1489,WH006,VEH014,DRV027,RT019,2024-08-22,2024-08-26,2024-08-25,314.31,884.56,Delivered,Inter-City
SHP1490,ORD1490,WH005,VEH006,DRV036,RT014,2024-03-14,2024-03-18,2024-03-16,539.37,1621.84,Delivered,Inter-City
SHP1491,ORD1491,WH006,VEH015,DRV008,RT010,2024-02-04,2024-02-11,2024-02-11,134.4,313.71,In Transit,Local
SHP1492,ORD1492,WH004,VEH018,DRV021,RT016,2025-03-14,2025-03-20,2025-03-20,756.79,5484.66,Delivered,Inter-City
SHP1493,ORD1493,WH005,VEH017,DRV005,RT014,2024-09-12,2024-09-17,2024-09-15,291.08,1009.16,Delivered,Inter-City
SHP1494,ORD1494,WH007,VEH018,DRV004,RT013,2024-07-19,2024-07-22,2024-07-20,354.04,748.32,Delivered,Inter-City
SHP1495,ORD1495,WH002,VEH001,DRV050,RT003,2024-05-24,2024-05-28,2024-05-26,580.22,3253.0,Delivered,Inter-City
SHP1496,ORD1496,WH002,VEH020,DRV042,RT007,2024-01-02,2024-01-09,2024-01-08,644.49,3236.82,Delivered,Inter-City
SHP1497,ORD1497,WH006,VEH005,DRV046,RT016,2025-04-15,2025-04-18,2025-04-23,379.17,1838.63,Delayed,Inter-City
SHP1498,ORD1498,WH004,VEH013,DRV021,RT014,2024-05-30,2024-05-31,2024-05-31,748.62,2465.8,Delivered,Inter-City
SHP1499,ORD1499,WH005,VEH010,DRV014,RT020,2024-09-21,2024-09-25,2024-09-30,781.98,3335.24,Delayed,Inter-City
SHP1500,ORD1500,WH004,VEH008,DRV007,RT018,2024-03-14,2024-03-20,2024-03-20,200.2,845.79,Delivered,Local
SHP1501,ORD1501,WH007,VEH003,DRV031,RT002,2025-04-04,2025-04-06,2025-04-06,839.01,6137.74,In Transit,Local
SHP1502,ORD1502,WH005,VEH009,DRV023,RT015,2025-04-17,2025-04-21,2025-04-21,676.83,4968.71,Delivered,Inter-City
SHP1503,ORD1503,WH007,VEH008,DRV026,RT015,2025-07-05,2025-07-08,2025-07-06,45.93,261.14,Delivered,Inter-City
SHP1504,ORD1504,WH009,VEH020,DRV032,RT016,2024-09-28,2024-10-05,2024-10-04,966.36,6911.54,Delivered,Inter-City
SHP1505,ORD1505,WH010,VEH009,DRV044,RT010,2025-10-27,2025-10-29,2025-10-28,840.11,5273.52,Delivered,Inter-City
SHP1506,ORD1506,WH003,VEH019,DRV023,RT007,2025-04-01,2025-04-07,2025-04-06,788.28,5730.06,Delivered,Inter-City
SHP1507,ORD1507,WH001,VEH008,DRV031,RT013,2025-04-21,2025-04-25,2025-04-23,477.94,1027.63,Delivered,Inter-City
SHP1508,ORD1508,WH003,VEH001,DRV031,RT014,2025-04-23,2025-04-26,2025-04-26,311.58,1455.36,Delivered,Inter-City
SHP1509,ORD1509,WH004,VEH010,DRV006,RT003,2024-11-20,2024-11-27,2024-11-27,473.83,1538.14,In Transit,Inter-City
SHP1510,ORD1510,WH004,VEH002,DRV040,RT019,2024-02-29,2024-03-07,2024-03-07,645.13,1470.29,Delivered,Local
SHP1511,ORD1511,WH005,VEH002,DRV027,RT012,2025-02-11,2025-02-14,2025-02-12,508.71,1756.58,Delivered,Inter-City
SHP1512,ORD1512,WH005,VEH009,DRV022,RT008,2025-06-21,2025-06-28,2025-06-27,656.42,2977.52,Delivered,Local
SHP1513,ORD1513,WH004,VEH011,DRV012,RT007,2025-11-24,2025-11-26,2025-11-30,432.69,948.18,Delayed,Local
SHP1514,ORD1514,WH001,VEH002,DRV017,RT015,2024-01-30,2024-02-06,2024-02-04,738.18,1787.01,Delivered,Local
SHP1515,ORD1515,WH004,VEH010,DRV038,RT012,2025-03-07,2025-03-08,2025-03-08,602.01,3968.63,Delivered,Local
SHP1516,ORD1516,WH009,VEH019,DRV038,RT013,2024-11-17,2024-11-18,2024-11-18,549.88,3352.66,Delivered,Inter-City
SHP1517,ORD1517,WH006,VEH017,DRV014,RT015,2024-10-10,2024-10-14,2024-10-18,81.12,517.63,Delayed,Local
SHP1518,ORD1518,WH008,VEH015,DRV028,RT003,2025-06-06,2025-06-12,2025-06-10,411.32,2024.17,Delivered,Inter-City
SHP1519,ORD1519,WH001,VEH009,DRV047,RT015,2025-08-20,2025-08-24,2025-08-28,672.86,4811.62,Delayed,Inter-City
SHP1520,ORD1520,WH007,VEH018,DRV010,RT020,2024-01-17,2024-01-23,2024-01-22,713.45,3005.88,Delivered,Inter-City
SHP1521,ORD1521,WH006,VEH020,DRV038,RT012,2024-01-18,2024-01-23,2024-01-28,72.46,457.22,Delayed,Local
SHP1522,ORD1522,WH004,VEH008,DRV001,RT006,2025-08-11,2025-08-17,2025-08-17,498.9,3716.61,Delivered,Inter-City
SHP1523,ORD1523,WH001,VEH011,DRV018,RT016,2025-11-27,2025-11-29,2025-11-27,537.35,1638.06,Delivered,Inter-City
SHP1524,ORD1524,WH003,VEH003,DRV017,RT002,2024-12-29,2024-12-30,2024-12-30,876.29,4549.35,Delivered,Inter-City
SHP1525,ORD1525,WH007,VEH002,DRV020,RT016,2024-11-10,2024-11-14,2024-11-14,217.15,1204.03,Delivered,Inter-City
SHP1526,ORD1526,WH002,VEH009,DRV030,RT017,2024-12-13,2024-12-15,2024-12-14,457.93,3291.81,Delivered,Inter-City
SHP1527,ORD1527,WH003,VEH001,DRV013,RT011,2025-09-12,2025-09-15,2025-09-18,107.6,815.62,Delayed,Local
SHP1528,ORD1528,WH003,VEH008,DRV033,RT016,2025-10-22,2025-10-24,2025-10-23,992.15,5182.62,Delivered,Inter-City
SHP1529,ORD1529,WH007,VEH014,DRV020,RT016,2025-05-05,2025-05-08,2025-05-08,207.77,1623.98,Delivered,Local
SHP1530,ORD1530,WH006,VEH003,DRV033,RT007,2024-01-09,2024-01-11,2024-01-10,516.55,1639.31,Delivered,Inter-City
SHP1531,ORD1531,WH007,VEH011,DRV035,RT003,2024-12-23,2024-12-25,2024-12-23,935.99,6228.94,Delivered,Inter-City
SHP1532,ORD1532,WH006,VEH006,DRV045,RT004,2025-05-15,2025-05-20,2025-05-20,604.31,2454.93,Returned,Local
SHP1533,ORD1533,WH010,VEH020,DRV004,RT019,2025-06-19,2025-06-22,2025-06-20,886.76,5996.2,Delivered,Inter-City
SHP1534,ORD1534,WH002,VEH006,DRV036,RT013,2024-12-04,2024-12-07,2024-12-07,808.61,5690.2,Returned,Local
SHP1535,ORD1535,WH002,VEH013,DRV030,RT012,2025-09-27,2025-09-29,2025-09-29,540.35,4136.26,Delivered,Local
SHP1536,ORD1536,WH002,VEH019,DRV015,RT010,2025-06-29,2025-07-06,2025-07-06,954.82,2434.98,Returned,Local
SHP1537,ORD1537,WH001,VEH002,DRV013,RT018,2024-03-07,2024-03-14,2024-03-13,866.82,2717.02,Delivered,Inter-City
SHP1538,ORD1538,WH003,VEH020,DRV012,RT010,2024-06-09,2024-06-10,2024-06-08,610.22,2575.04,Delivered,Inter-City
SHP1539,ORD1539,WH008,VEH008,DRV049,RT002,2025-08-24,2025-08-30,2025-08-30,177.52,903.59,Delivered,Inter-City
SHP1540,ORD1540,WH003,VEH016,DRV013,RT010,2024-04-02,2024-04-03,2024-04-02,725.11,1833.6,Delivered,Inter-City
SHP1541,ORD1541,WH004,VEH003,DRV022,RT012,2025-01-06,2025-01-08,2025-01-08,952.51,3738.0,Delivered,Local
SHP1542,ORD1542,WH001,VEH007,DRV004,RT010,2024-10-30,2024-10-31,2024-10-30,443.75,1121.67,Delivered,Inter-City
SHP1543,ORD1543,WH002,VEH002,DRV040,RT014,2025-01-04,2025-01-09,2025-01-07,306.56,2025.85,Delivered,Inter-City
SHP1544,ORD1544,WH006,VEH015,DRV027,RT014,2024-08-31,2024-09-06,2024-09-09,328.91,2406.99,Delayed,Inter-City
SHP1545,ORD1545,WH002,VEH018,DRV048,RT006,2025-09-03,2025-09-08,2025-09-08,145.65,1111.68,Delivered,Inter-City
SHP1546,ORD1546,WH010,VEH009,DRV022,RT005,2024-02-26,2024-03-01,2024-03-04,686.01,5220.27,Delayed,Inter-City
SHP1547,ORD1547,WH002,VEH001,DRV027,RT004,2025-12-12,2025-12-18,2025-12-17,982.29,4207.36,Delivered,Local
SHP1548,ORD1548,WH010,VEH003,DRV002,RT002,2025-12-20,2025-12-26,2025-12-24,638.27,1889.42,Delivered,Inter-City
SHP1549,ORD1549,WH005,VEH005,DRV048,RT004,2025-02-18,2025-02-23,2025-02-23,420.32,2110.32,Delivered,Local
SHP1550,ORD1550,WH003,VEH005,DRV044,RT003,2025-10-10,2025-10-17,2025-10-16,359.06,2092.68,Delivered,Local
SHP1551,ORD1551,WH003,VEH013,DRV040,RT019,2025-01-25,2025-01-27,2025-01-27,531.43,3076.22,Delivered,Inter-City
SHP1552,ORD1552,WH008,VEH019,DRV046,RT003,2024-01-04,2024-01-05,2024-01-04,570.86,1618.34,Delivered,Inter-City
SHP1553,ORD1553,WH006,VEH016,DRV009,RT005,2025-07-18,2025-07-24,2025-07-23,53.91,172.91,Delivered,Inter-City
SHP1554,ORD1554,WH003,VEH001,DRV003,RT015,2024-09-30,2024-10-05,2024-10-04,617.61,3958.94,Delivered,Local
SHP1555,ORD1555,WH005,VEH007,DRV036,RT015,2024-05-05,2024-05-07,2024-05-05,352.9,1330.94,Delivered,Inter-City
SHP1556,ORD1556,WH003,VEH002,DRV022,RT017,2025-10-19,2025-10-20,2025-10-18,930.1,6958.23,Delivered,Inter-City
SHP1557,ORD1557,WH009,VEH013,DRV002,RT013,2024-02-14,2024-02-17,2024-02-15,33.54,226.32,Delivered,Inter-City
SHP1558,ORD1558,WH003,VEH009,DRV001,RT014,2025-01-02,2025-01-09,2025-01-08,886.98,3176.22,Delivered,Inter-City
SHP1559,ORD1559,WH007,VEH020,DRV022,RT002,2025-08-16,2025-08-17,2025-08-16,871.27,5059.8,Delivered,Local
SHP1560,ORD1560,WH010,VEH017,DRV022,RT014,2025-02-05,2025-02-11,2025-02-10,208.22,533.59,Delivered,Inter-City
SHP1561,ORD1561,WH007,VEH011,DRV041,RT012,2025-03-17,2025-03-24,2025-03-24,138.86,706.65,In Transit,Local
SHP1562,ORD1562,WH008,VEH017,DRV033,RT017,2025-03-29,2025-04-04,2025-04-03,350.86,2169.56,Delivered,Local
SHP1563,ORD1563,WH010,VEH020,DRV016,RT003,2024-07-29,2024-08-02,2024-07-31,959.19,4316.49,Delivered,Inter-City
SHP1564,ORD1564,WH003,VEH005,DRV038,RT001,2024-03-31,2024-04-01,2024-03-30,868.8,4635.98,Delivered,Inter-City
SHP1565,ORD1565,WH001,VEH009,DRV031,RT019,2024-10-10,2024-10-16,2024-10-15,903.04,2237.6,Delivered,Local
SHP1566,ORD1566,WH010,VEH020,DRV001,RT007,2025-06-05,2025-06-06,2025-06-06,332.62,2181.84,Delivered,Inter-City
SHP1567,ORD1567,WH005,VEH017,DRV038,RT011,2024-09-08,2024-09-13,2024-09-13,950.98,5151.67,Delivered,Inter-City
SHP1568,ORD1568,WH005,VEH003,DRV038,RT004,2024-09-22,2024-09-26,2024-09-24,732.42,5670.54,Delivered,Inter-City
SHP1569,ORD1569,WH004,VEH010,DRV029,RT005,2025-07-28,2025-07-30,2025-07-28,361.62,924.97,Delivered,Local
SHP1570,ORD1570,WH007,VEH016,DRV014,RT002,2025-07-31,2025-08-03,2025-08-01,224.96,1337.4,Delivered,Local
SHP1571,ORD1571,WH007,VEH016,DRV001,RT018,2024-09-18,2024-09-25,2024-09-23,760.34,3363.8,Delivered,Inter-City
SHP1572,ORD1572,WH009,VEH014,DRV022,RT013,2025-12-06,2025-12-12,2025-12-12,595.04,1785.59,Delivered,Local
SHP1573,ORD1573,WH009,VEH006,DRV011,RT017,2024-06-17,2024-06-23,2024-06-21,901.56,5914.97,Delivered,Inter-City
SHP1574,ORD1574,WH002,VEH017,DRV014,RT005,2024-09-08,2024-09-11,2024-09-11,213.62,987.08,Returned,Inter-City
SHP1575,ORD1575,WH009,VEH017,DRV022,RT014,2025-07-02,2025-07-08,2025-07-07,683.1,4775.43,Delivered,Inter-City
SHP1576,ORD1576,WH008,VEH014,DRV041,RT016,2025-05-29,2025-05-30,2025-05-30,612.76,2693.29,In Transit,Inter-City
SHP1577,ORD1577,WH006,VEH018,DRV015,RT016,2024-10-02,2024-10-08,2024-10-07,576.66,4028.38,Delivered,Local
SHP1578,ORD1578,WH008,VEH011,DRV010,RT003,2024-08-24,2024-08-27,2024-08-25,204.66,1560.69,Delivered,Inter-City
SHP1579,ORD1579,WH006,VEH012,DRV044,RT011,2025-09-06,2025-09-12,2025-09-12,924.15,5729.84,Delivered,Inter-City
SHP1580,ORD1580,WH008,VEH009,DRV035,RT015,2024-10-10,2024-10-11,2024-10-09,69.05,401.64,Delivered,Inter-City
SHP1581,ORD1581,WH009,VEH013,DRV044,RT006,2025-03-14,2025-03-18,2025-03-21,761.81,5358.71,Delayed,Local
SHP1582,ORD1582,WH002,VEH020,DRV040,RT016,2025-03-10,2025-03-13,2025-03-12,227.9,1294.19,Delivered,Inter-City
SHP1583,ORD1583,WH006,VEH011,DRV005,RT012,2025-10-18,2025-10-22,2025-10-25,887.29,5029.39,Delayed,Inter-City
SHP1584,ORD1584,WH008,VEH017,DRV039,RT014,2024-08-31,2024-09-06,2024-09-06,913.95,2101.1,Delivered,Inter-City
SHP1585,ORD1585,WH004,VEH012,DRV048,RT017,2024-07-07,2024-07-08,2024-07-09,399.02,1256.92,Delayed,Inter-City
SHP1586,ORD1586,WH001,VEH003,DRV049,RT011,2025-08-12,2025-08-16,2025-08-14,641.1,1945.94,Delivered,Inter-City
SHP1587,ORD1587,WH005,VEH005,DRV009,RT017,2024-10-14,2024-10-21,2024-10-19,792.92,2608.55,Delivered,Inter-City
SHP1588,ORD1588,WH010,VEH006,DRV031,RT013,2025-02-24,2025-03-01,2025-03-02,569.89,2917.49,Delayed,Inter-City
SHP1589,ORD1589,WH005,VEH014,DRV042,RT002,2024-03-25,2024-04-01,2024-03-30,874.87,6845.83,Delivered,Local
SHP1590,ORD1590,WH005,VEH001,DRV014,RT007,2024-11-03,2024-11-08,2024-11-08,76.63,546.06,Delivered,Local
SHP1591,ORD1591,WH004,VEH015,DRV048,RT008,2025-01-18,2025-01-25,2025-01-23,402.14,3185.18,Delivered,Inter-City
SHP1592,ORD1592,WH008,VEH004,DRV023,RT011,2024-09-24,2024-09-27,2024-09-26,881.35,3587.36,Delivered,Inter-City
SHP1593,ORD1593,WH010,VEH005,DRV026,RT002,2025-09-21,2025-09-25,2025-09-24,856.51,6499.51,Delivered,Inter-City
SHP1594,ORD1594,WH007,VEH005,DRV032,RT005,2024-02-19,2024-02-25,2024-02-24,750.64,3280.69,Delivered,Local
SHP1595,ORD1595,WH005,VEH020,DRV037,RT003,2024-04-19,2024-04-24,2024-04-22,157.39,815.96,Delivered,Inter-City
SHP1596,ORD1596,WH006,VEH014,DRV029,RT005,2025-05-28,2025-05-31,2025-05-29,47.36,373.51,Delivered,Inter-City
SHP1597,ORD1597,WH006,VEH011,DRV047,RT007,2025-07-24,2025-07-26,2025-07-26,675.21,3189.65,Delivered,Local
SHP1598,ORD1598,WH006,VEH018,DRV009,RT003,2024-06-11,2024-06-15,2024-06-15,419.7,1387.22,Delivered,Inter-City
SHP1599,ORD1599,WH010,VEH012,DRV026,RT016,2025-10-18,2025-10-23,2025-10-22,292.13,1277.35,Delivered,Local
SHP1600,ORD1600,WH008,VEH018,DRV040,RT001,2025-05-07,2025-05-14,2025-05-13,86.78,580.36,Delivered,Local
SHP1601,ORD1601,WH010,VEH019,DRV007,RT020,2025-05-31,2025-06-01,2025-05-31,485.86,2051.28,Delivered,Local
SHP1602,ORD1602,WH003,VEH019,DRV044,RT009,2024-11-02,2024-11-03,2024-11-02,606.0,1812.71,Delivered,Local
SHP1603,ORD1603,WH004,VEH004,DRV028,RT009,2025-09-26,2025-10-01,2025-10-01,181.95,1192.87,Returned,Inter-City
SHP1604,ORD1604,WH004,VEH017,DRV050,RT011,2025-11-09,2025-11-14,2025-11-13,275.75,1287.66,Delivered,Inter-City
SHP1605,ORD1605,WH006,VEH013,DRV050,RT011,2025-08-19,2025-08-20,2025-08-19,23.65,93.58,Delivered,Inter-City
SHP1606,ORD1606,WH010,VEH009,DRV042,RT007,2025-10-15,2025-10-22,2025-10-21,226.54,1494.03,Delivered,Inter-City
SHP1607,ORD1607,WH009,VEH016,DRV043,RT016,2024-04-14,2024-04-17,2024-04-16,801.7,2443.84,Delivered,Inter-City
SHP1608,ORD1608,WH003,VEH001,DRV038,RT009,2025-09-19,2025-09-26,2025-09-26,489.44,3758.73,Delivered,Inter-City
SHP1609,ORD1609,WH004,VEH010,DRV008,RT012,2024-08-03,2024-08-06,2024-08-04,466.49,1282.82,Delivered,Local
SHP1610,ORD1610,WH001,VEH002,DRV008,RT004,2024-12-07,2024-12-13,2024-12-12,465.03,3326.29,Delivered,Local
SHP1611,ORD1611,WH005,VEH020,DRV017,RT008,2025-11-10,2025-11-11,2025-11-09,266.1,1388.87,Delivered,Local
SHP1612,ORD1612,WH003,VEH006,DRV023,RT012,2025-04-24,2025-04-29,2025-04-28,404.28,1060.5,Delivered,Inter-City
SHP1613,ORD1613,WH006,VEH009,DRV042,RT016,2024-11-12,2024-11-13,2024-11-13,396.54,1575.37,In Transit,Local
SHP1614,ORD1614,WH006,VEH015,DRV014,RT020,2025-11-12,2025-11-15,2025-11-15,155.89,1116.83,Returned,Local
SHP1615,ORD1615,WH009,VEH012,DRV024,RT012,2025-07-19,2025-07-20,2025-07-18,751.13,5043.49,Delivered,Inter-City
SHP1616,ORD1616,WH006,VEH016,DRV048,RT020,2024-11-04,2024-11-11,2024-11-10,365.31,1830.02,Delivered,Inter-City
SHP1617,ORD1617,WH007,VEH013,DRV003,RT005,2025-06-27,2025-07-04,2025-07-03,629.93,1704.18,Delivered,Inter-City
SHP1618,ORD1618,WH004,VEH014,DRV011,RT008,2024-08-06,2024-08-12,2024-08-10,656.93,5106.96,Delivered,Inter-City
SHP1619,ORD1619,WH005,VEH015,DRV001,RT010,2024-01-19,2024-01-23,2024-01-23,255.36,1746.96,Delivered,Inter-City
SHP1620,ORD1620,WH008,VEH004,DRV017,RT016,2025-11-16,2025-11-21,2025-11-20,721.76,4936.71,Delivered,Inter-City
SHP1621,ORD1621,WH004,VEH010,DRV008,RT018,2024-12-23,2024-12-29,2025-01-01,574.05,4574.12,Delayed,Local
SHP1622,ORD1622,WH009,VEH007,DRV032,RT010,2025-01-16,2025-01-22,2025-01-21,41.89,199.77,Delivered,Inter-City
SHP1623,ORD1623,WH004,VEH020,DRV025,RT004,2024-01-20,2024-01-21,2024-01-20,351.19,2130.61,Delivered,Inter-City
SHP1624,ORD1624,WH001,VEH004,DRV029,RT002,2025-01-27,2025-01-31,2025-01-29,791.62,2864.29,Delivered,Inter-City
SHP1625,ORD1625,WH001,VEH016,DRV035,RT014,2025-12-18,2025-12-23,2025-12-23,944.44,3660.28,Delivered,Inter-City
SHP1626,ORD1626,WH002,VEH013,DRV046,RT005,2024-04-22,2024-04-28,2024-04-27,580.41,3879.21,Delivered,Local
SHP1627,ORD1627,WH009,VEH019,DRV028,RT015,2025-02-15,2025-02-21,2025-02-21,356.18,1135.38,Delivered,Inter-City
SHP1628,ORD1628,WH007,VEH016,DRV016,RT012,2025-11-20,2025-11-27,2025-11-26,704.71,3922.47,Delivered,Inter-City
SHP1629,ORD1629,WH001,VEH016,DRV004,RT015,2024-05-11,2024-05-13,2024-05-11,540.64,1957.41,Delivered,Inter-City
SHP1630,ORD1630,WH002,VEH007,DRV015,RT012,2024-04-19,2024-04-26,2024-04-26,614.03,1502.2,Delivered,Local
SHP1631,ORD1631,WH004,VEH002,DRV039,RT015,2024-11-13,2024-11-15,2024-11-14,637.08,5003.3,Delivered,Inter-City
SHP1632,ORD1632,WH004,VEH014,DRV026,RT008,2024-11-17,2024-11-21,2024-11-26,416.98,2756.97,Delayed,Inter-City
SHP1633,ORD1633,WH002,VEH009,DRV034,RT001,2024-07-19,2024-07-25,2024-07-23,15.95,36.83,Delivered,Inter-City
SHP1634,ORD1634,WH008,VEH008,DRV024,RT014,2025-01-08,2025-01-13,2025-01-13,392.88,845.14,Delivered,Inter-City
SHP1635,ORD1635,WH003,VEH011,DRV012,RT014,2024-08-30,2024-09-05,2024-09-04,810.73,6223.05,Delivered,Inter-City
SHP1636,ORD1636,WH002,VEH005,DRV033,RT017,2025-02-03,2025-02-07,2025-02-05,108.17,742.21,Delivered,Inter-City
SHP1637,ORD1637,WH003,VEH007,DRV011,RT003,2024-09-27,2024-10-03,2024-10-01,170.56,1228.1,Delivered,Local
SHP1638,ORD1638,WH007,VEH003,DRV007,RT019,2025-05-15,2025-05-22,2025-05-27,569.77,4484.49,Delayed,Inter-City
SHP1639,ORD1639,WH006,VEH020,DRV020,RT013,2024-11-22,2024-11-26,2024-11-25,631.03,2295.11,Delivered,Inter-City
SHP1640,ORD1640,WH006,VEH007,DRV012,RT012,2025-12-03,2025-12-10,2025-12-09,283.76,2141.6,Delivered,Local
SHP1641,ORD1641,WH002,VEH017,DRV007,RT018,2025-11-12,2025-11-19,2025-11-17,345.9,1135.58,Delivered,Inter-City
SHP1642,ORD1642,WH008,VEH007,DRV033,RT001,2025-12-04,2025-12-07,2025-12-07,62.65,333.03,Delivered,Inter-City
SHP1643,ORD1643,WH009,VEH004,DRV045,RT019,2024-08-09,2024-08-13,2024-08-13,838.31,5309.57,In Transit,Local
SHP1644,ORD1644,WH009,VEH010,DRV050,RT004,2025-07-03,2025-07-10,2025-07-09,862.65,6585.99,Delivered,Inter-City
SHP1645,ORD1645,WH005,VEH013,DRV043,RT005,2024-06-18,2024-06-19,2024-06-19,946.39,3375.03,In Transit,Local
SHP1646,ORD1646,WH009,VEH008,DRV013,RT008,2024-11-27,2024-11-30,2024-11-30,899.9,2400.71,Delivered,Inter-City
SHP1647,ORD1647,WH008,VEH006,DRV035,RT007,2025-02-02,2025-02-03,2025-02-03,6.61,32.32,Delivered,Inter-City
SHP1648,ORD1648,WH007,VEH010,DRV030,RT016,2024-02-17,2024-02-23,2024-02-21,15.51,70.27,Delivered,Inter-City
SHP1649,ORD1649,WH008,VEH014,DRV007,RT018,2024-08-30,2024-09-06,2024-09-06,467.71,1340.59,In Transit,Inter-City
SHP1650,ORD1650,WH010,VEH012,DRV001,RT016,2025-03-07,2025-03-13,2025-03-12,690.6,1653.35,Delivered,Local
SHP1651,ORD1651,WH007,VEH006,DRV007,RT016,2024-05-30,2024-05-31,2024-05-31,285.53,1468.0,In Transit,Inter-City
SHP1652,ORD1652,WH009,VEH013,DRV036,RT002,2025-11-03,2025-11-06,2025-11-06,503.5,3465.86,Delivered,Inter-City
SHP1653,ORD1653,WH004,VEH002,DRV015,RT006,2025-01-31,2025-02-07,2025-02-06,656.07,4444.92,Delivered,Local
SHP1654,ORD1654,WH005,VEH020,DRV028,RT015,2024-11-01,2024-11-02,2024-10-31,614.81,2709.88,Delivered,Local
SHP1655,ORD1655,WH006,VEH008,DRV039,RT001,2025-01-31,2025-02-07,2025-02-06,797.1,4316.11,Delivered,Inter-City
SHP1656,ORD1656,WH010,VEH016,DRV042,RT001,2024-08-22,2024-08-25,2024-08-25,339.61,2028.16,Delivered,Inter-City
SHP1657,ORD1657,WH002,VEH020,DRV029,RT002,2024-05-06,2024-05-11,2024-05-12,738.71,3134.04,Delayed,Inter-City
SHP1658,ORD1658,WH010,VEH004,DRV013,RT013,2025-07-11,2025-07-13,2025-07-11,394.3,3046.72,Delivered,Inter-City
SHP1659,ORD1659,WH008,VEH009,DRV012,RT004,2024-12-06,2024-12-08,2024-12-08,600.37,3497.57,Delivered,Inter-City
SHP1660,ORD1660,WH007,VEH005,DRV050,RT011,2024-06-24,2024-06-28,2024-06-28,144.89,388.09,Delivered,Inter-City
SHP1661,ORD1661,WH010,VEH001,DRV036,RT017,2025-04-11,2025-04-14,2025-04-14,793.7,4037.07,In Transit,Local
SHP1662,ORD1662,WH003,VEH020,DRV015,RT007,2025-01-11,2025-01-16,2025-01-16,757.23,5274.36,Delivered,Local
SHP1663,ORD1663,WH004,VEH020,DRV041,RT003,2024-01-05,2024-01-09,2024-01-09,365.28,1255.06,In Transit,Local
SHP1664,ORD1664,WH006,VEH003,DRV031,RT010,2024-12-12,2024-12-15,2024-12-14,576.04,3818.53,Delivered,Inter-City
SHP1665,ORD1665,WH006,VEH004,DRV002,RT006,2024-03-24,2024-03-27,2024-03-27,907.81,5983.32,Delivered,Local
SHP1666,ORD1666,WH003,VEH018,DRV016,RT007,2024-03-29,2024-04-03,2024-04-02,370.81,2858.6,Delivered,Inter-City
SHP1667,ORD1667,WH010,VEH016,DRV037,RT019,2024-01-13,2024-01-15,2024-01-14,808.99,5803.64,Delivered,Inter-City
SHP1668,ORD1668,WH008,VEH004,DRV032,RT016,2024-03-24,2024-03-31,2024-04-04,700.76,2209.83,Delayed,Inter-City
SHP1669,ORD1669,WH006,VEH014,DRV033,RT015,2024-02-28,2024-03-04,2024-03-03,78.35,275.94,Delivered,Inter-City
SHP1670,ORD1670,WH007,VEH001,DRV022,RT003,2025-02-05,2025-02-08,2025-02-06,810.11,5318.05,Delivered,Local
SHP1671,ORD1671,WH009,VEH019,DRV021,RT007,2024-09-01,2024-09-05,2024-09-04,560.82,1509.63,Delivered,Inter-City
SHP1672,ORD1672,WH009,VEH015,DRV049,RT013,2025-04-13,2025-04-17,2025-04-17,866.34,3996.86,Returned,Inter-City
SHP1673,ORD1673,WH001,VEH001,DRV025,RT009,2024-08-17,2024-08-20,2024-08-19,942.03,5592.2,Delivered,Local
SHP1674,ORD1674,WH010,VEH015,DRV044,RT008,2024-03-22,2024-03-28,2024-03-27,761.5,1726.81,Delivered,Inter-City
SHP1675,ORD1675,WH004,VEH006,DRV017,RT019,2025-03-06,2025-03-12,2025-03-10,726.67,2906.67,Delivered,Inter-City
SHP1676,ORD1676,WH008,VEH009,DRV022,RT004,2024-01-01,2024-01-04,2024-01-02,284.5,1479.39,Delivered,Inter-City
SHP1677,ORD1677,WH001,VEH019,DRV020,RT015,2024-08-10,2024-08-17,2024-08-17,543.69,4319.6,Delivered,Inter-City
SHP1678,ORD1678,WH007,VEH001,DRV022,RT010,2024-06-15,2024-06-19,2024-06-19,457.74,3056.19,Delivered,Inter-City
SHP1679,ORD1679,WH010,VEH012,DRV038,RT010,2025-05-03,2025-05-07,2025-05-07,109.66,253.02,Delivered,Inter-City
SHP1680,ORD1680,WH010,VEH016,DRV026,RT010,2025-04-05,2025-04-08,2025-04-07,675.24,2772.91,Delivered,Inter-City
SHP1681,ORD1681,WH006,VEH015,DRV010,RT017,2025-08-01,2025-08-08,2025-08-07,155.94,674.35,Delivered,Inter-City
SHP1682,ORD1682,WH010,VEH007,DRV019,RT017,2024-12-11,2024-12-14,2024-12-15,759.42,4161.48,Delayed,Local
SHP1683,ORD1683,WH010,VEH017,DRV017,RT013,2025-06-25,2025-07-02,2025-07-01,742.93,1536.71,Delivered,Inter-City
SHP1684,ORD1684,WH007,VEH013,DRV047,RT019,2025-09-03,2025-09-05,2025-09-03,719.24,3197.99,Delivered,Inter-City
SHP1685,ORD1685,WH004,VEH017,DRV009,RT014,2025-07-15,2025-07-19,2025-07-19,626.67,4495.61,Delivered,Inter-City
SHP1686,ORD1686,WH008,VEH015,DRV029,RT020,2025-01-18,2025-01-22,2025-01-22,758.08,2449.15,Delivered,Local
SHP1687,ORD1687,WH010,VEH014,DRV010,RT013,2024-08-16,2024-08-20,2024-08-19,591.31,4302.4,Delivered,Inter-City
SHP1688,ORD1688,WH008,VEH003,DRV043,RT003,2024-02-26,2024-03-01,2024-03-01,988.41,2707.47,Delivered,Inter-City
SHP1689,ORD1689,WH009,VEH020,DRV027,RT006,2024-07-10,2024-07-16,2024-07-16,409.83,3197.09,Delivered,Local
SHP1690,ORD1690,WH003,VEH010,DRV013,RT006,2024-08-25,2024-08-27,2024-08-25,941.93,3250.73,Delivered,Inter-City
SHP1691,ORD1691,WH003,VEH007,DRV040,RT019,2024-08-23,2024-08-26,2024-08-25,382.19,2570.22,Delivered,Local
SHP1692,ORD1692,WH001,VEH013,DRV037,RT009,2025-12-25,2025-12-27,2025-12-25,917.54,4030.72,Delivered,Inter-City
SHP1693,ORD1693,WH006,VEH005,DRV013,RT011,2025-03-24,2025-03-29,2025-03-28,326.5,928.39,Delivered,Inter-City
SHP1694,ORD1694,WH005,VEH003,DRV009,RT017,2024-12-17,2024-12-19,2024-12-18,716.83,1642.52,Delivered,Inter-City
SHP1695,ORD1695,WH007,VEH009,DRV017,RT017,2025-07-23,2025-07-26,2025-07-25,534.05,3567.05,Delivered,Inter-City
SHP1696,ORD1696,WH006,VEH008,DRV007,RT004,2025-08-15,2025-08-21,2025-08-19,784.39,2773.25,Delivered,Inter-City
SHP1697,ORD1697,WH006,VEH012,DRV020,RT005,2025-06-26,2025-07-03,2025-07-04,327.36,2568.65,Delayed,Inter-City
SHP1698,ORD1698,WH007,VEH010,DRV009,RT012,2024-12-07,2024-12-14,2024-12-14,482.27,3452.01,Delivered,Inter-City
SHP1699,ORD1699,WH007,VEH018,DRV034,RT015,2025-07-11,2025-07-15,2025-07-15,680.34,1532.3,Delivered,Inter-City
SHP1700,ORD1700,WH010,VEH005,DRV011,RT004,2024-09-12,2024-09-13,2024-09-12,39.01,288.52,Delivered,Inter-City
SHP1701,ORD1701,WH010,VEH011,DRV036,RT013,2025-02-28,2025-03-02,2025-02-28,776.81,4638.33,Delivered,Inter-City
SHP1702,ORD1702,WH009,VEH016,DRV037,RT017,2025-05-10,2025-05-12,2025-05-10,499.58,3476.18,Delivered,Inter-City
SHP1703,ORD1703,WH002,VEH009,DRV011,RT010,2025-08-04,2025-08-07,2025-08-06,177.81,1227.71,Delivered,Inter-City
SHP1704,ORD1704,WH008,VEH019,DRV026,RT010,2024-11-03,2024-11-04,2024-11-03,13.3,42.14,Delivered,Inter-City
SHP1705,ORD1705,WH003,VEH018,DRV036,RT017,2024-01-07,2024-01-11,2024-01-11,24.29,60.03,Delivered,Inter-City
SHP1706,ORD1706,WH001,VEH006,DRV034,RT016,2024-11-15,2024-11-18,2024-11-16,83.89,640.41,Delivered,Inter-City
SHP1707,ORD1707,WH003,VEH006,DRV047,RT001,2024-03-25,2024-03-31,2024-03-30,364.05,1528.81,Delivered,Local
SHP1708,ORD1708,WH005,VEH003,DRV026,RT009,2025-06-26,2025-06-30,2025-06-28,141.8,1019.45,Delivered,Inter-City
SHP1709,ORD1709,WH002,VEH002,DRV018,RT013,2025-03-01,2025-03-03,2025-03-02,322.94,2079.19,Delivered,Inter-City
SHP1710,ORD1710,WH002,VEH012,DRV011,RT013,2025-11-28,2025-12-04,2025-12-02,450.08,1644.88,Delivered,Local
SHP1711,ORD1711,WH001,VEH008,DRV047,RT013,2024-02-26,2024-03-01,2024-02-28,909.0,3681.38,Delivered,Inter-City
SHP1712,ORD1712,WH009,VEH007,DRV013,RT001,2025-08-09,2025-08-12,2025-08-10,952.59,2715.41,Delivered,Local
SHP1713,ORD1713,WH004,VEH018,DRV014,RT013,2025-07-01,2025-07-07,2025-07-05,15.41,35.35,Delivered,Inter-City
SHP1714,ORD1714,WH002,VEH009,DRV022,RT015,2025-08-31,2025-09-02,2025-09-02,138.91,682.4,Delivered,Inter-City
SHP1715,ORD1715,WH005,VEH018,DRV022,RT017,2025-12-21,2025-12-22,2025-12-20,636.1,1298.79,Delivered,Inter-City
SHP1716,ORD1716,WH006,VEH002,DRV047,RT004,2025-08-02,2025-08-06,2025-08-05,611.26,4329.03,Delivered,Inter-City
SHP1717,ORD1717,WH008,VEH005,DRV002,RT020,2024-05-12,2024-05-15,2024-05-15,573.6,1306.27,Delivered,Inter-City
SHP1718,ORD1718,WH009,VEH005,DRV036,RT012,2024-05-09,2024-05-11,2024-05-11,706.51,5522.92,Delivered,Inter-City
SHP1719,ORD1719,WH008,VEH001,DRV018,RT019,2025-10-24,2025-10-31,2025-10-31,755.18,4163.26,Delivered,Inter-City
SHP1720,ORD1720,WH009,VEH006,DRV038,RT004,2024-12-17,2024-12-22,2024-12-25,914.91,6279.32,Delayed,Inter-City
SHP1721,ORD1721,WH002,VEH014,DRV014,RT020,2025-10-23,2025-10-27,2025-10-27,286.01,854.95,Delivered,Local
SHP1722,ORD1722,WH001,VEH015,DRV022,RT015,2024-11-05,2024-11-11,2024-11-11,994.94,7739.67,Delivered,Inter-City
SHP1723,ORD1723,WH003,VEH010,DRV036,RT015,2024-08-31,2024-09-05,2024-09-04,162.66,452.47,Delivered,Inter-City
SHP1724,ORD1724,WH010,VEH003,DRV034,RT018,2024-08-31,2024-09-06,2024-09-06,181.93,1076.81,Delivered,Inter-City
SHP1725,ORD1725,WH008,VEH015,DRV016,RT014,2025-12-26,2026-01-02,2026-01-01,482.62,3518.88,Delivered,Inter-City
SHP1726,ORD1726,WH005,VEH010,DRV013,RT010,2024-07-21,2024-07-27,2024-07-27,883.93,6328.56,In Transit,Inter-City
SHP1727,ORD1727,WH010,VEH015,DRV034,RT016,2024-06-17,2024-06-22,2024-06-21,365.09,971.84,Delivered,Inter-City
SHP1728,ORD1728,WH007,VEH010,DRV015,RT017,2025-11-23,2025-11-29,2025-11-29,835.74,4747.25,Delivered,Inter-City
SHP1729,ORD1729,WH010,VEH002,DRV049,RT008,2024-10-03,2024-10-08,2024-10-06,23.67,89.5,Delivered,Inter-City
SHP1730,ORD1730,WH005,VEH016,DRV038,RT014,2024-02-21,2024-02-27,2024-02-27,722.39,3905.06,Delivered,Inter-City
SHP1731,ORD1731,WH001,VEH020,DRV005,RT014,2025-12-16,2025-12-19,2025-12-18,231.91,1041.55,Delivered,Inter-City
SHP1732,ORD1732,WH005,VEH006,DRV026,RT013,2025-12-12,2025-12-19,2025-12-17,834.12,2298.29,Delivered,Local
SHP1733,ORD1733,WH005,VEH020,DRV010,RT002,2024-08-14,2024-08-18,2024-08-16,234.77,1308.28,Delivered,Local
SHP1734,ORD1734,WH002,VEH009,DRV041,RT002,2024-04-12,2024-04-18,2024-04-17,152.57,526.42,Delivered,Inter-City
SHP1735,ORD1735,WH002,VEH015,DRV012,RT006,2025-02-09,2025-02-12,2025-02-12,262.33,2035.68,Delivered,Inter-City
SHP1736,ORD1736,WH006,VEH014,DRV037,RT001,2024-01-12,2024-01-18,2024-01-18,524.09,1443.99,Delivered,Inter-City
SHP1737,ORD1737,WH010,VEH008,DRV014,RT011,2025-09-17,2025-09-22,2025-09-20,276.53,1882.27,Delivered,Inter-City
SHP1738,ORD1738,WH003,VEH006,DRV037,RT018,2025-10-14,2025-10-16,2025-10-14,763.16,4349.05,Delivered,Inter-City
SHP1739,ORD1739,WH007,VEH016,DRV031,RT003,2024-12-27,2024-12-29,2024-12-27,24.78,74.66,Delivered,Local
SHP1740,ORD1740,WH007,VEH006,DRV048,RT010,2025-04-21,2025-04-27,2025-04-27,780.48,3446.68,Returned,Inter-City
SHP1741,ORD1741,WH001,VEH002,DRV047,RT007,2024-05-26,2024-05-31,2024-05-29,20.82,46.38,Delivered,Inter-City
SHP1742,ORD1742,WH001,VEH014,DRV020,RT015,2025-02-20,2025-02-21,2025-02-19,315.21,905.88,Delivered,Inter-City
SHP1743,ORD1743,WH009,VEH016,DRV016,RT011,2024-11-21,2024-11-24,2024-11-22,938.65,5900.72,Delivered,Inter-City
SHP1744,ORD1744,WH005,VEH006,DRV042,RT008,2024-05-07,2024-05-11,2024-05-09,495.25,1417.23,Delivered,Inter-City
SHP1745,ORD1745,WH001,VEH014,DRV029,RT012,2024-10-01,2024-10-06,2024-10-06,623.86,2392.29,Delivered,Local
SHP1746,ORD1746,WH004,VEH019,DRV026,RT019,2024-01-20,2024-01-23,2024-01-22,854.4,5498.96,Delivered,Inter-City
SHP1747,ORD1747,WH010,VEH006,DRV045,RT012,2024-06-27,2024-07-02,2024-07-02,471.47,2905.9,Returned,Local
SHP1748,ORD1748,WH006,VEH015,DRV013,RT008,2025-06-07,2025-06-08,2025-06-08,250.04,1901.68,Delivered,Local
SHP1749,ORD1749,WH004,VEH009,DRV022,RT008,2025-10-06,2025-10-13,2025-10-11,212.15,654.43,Delivered,Inter-City
SHP1750,ORD1750,WH004,VEH014,DRV020,RT004,2024-07-02,2024-07-04,2024-07-04,296.65,1439.91,Returned,Inter-City
SHP1751,ORD1751,WH005,VEH001,DRV041,RT019,2025-07-05,2025-07-08,2025-07-10,716.01,3402.35,Delayed,Inter-City
SHP1752,ORD1752,WH001,VEH008,DRV015,RT012,2024-02-15,2024-02-18,2024-02-18,402.76,1108.83,Delivered,Inter-City
SHP1753,ORD1753,WH003,VEH011,DRV007,RT001,2025-05-14,2025-05-20,2025-05-20,368.81,1526.49,Delivered,Inter-City
SHP1754,ORD1754,WH009,VEH016,DRV004,RT019,2024-09-30,2024-10-06,2024-10-07,277.02,807.2,Delayed,Local
SHP1755,ORD1755,WH005,VEH011,DRV026,RT010,2024-03-13,2024-03-14,2024-03-12,622.55,2632.15,Delivered,Local
SHP1756,ORD1756,WH006,VEH003,DRV009,RT011,2024-08-26,2024-08-31,2024-08-31,801.78,1774.79,In Transit,Inter-City
SHP1757,ORD1757,WH008,VEH017,DRV005,RT019,2024-04-03,2024-04-10,2024-04-10,823.18,5265.52,Delivered,Inter-City
SHP1758,ORD1758,WH006,VEH001,DRV023,RT008,2025-12-06,2025-12-09,2025-12-07,961.19,7295.05,Delivered,Inter-City
SHP1759,ORD1759,WH002,VEH020,DRV046,RT016,2024-04-22,2024-04-25,2024-04-23,499.73,3267.59,Delivered,Inter-City
SHP1760,ORD1760,WH006,VEH016,DRV008,RT013,2025-03-18,2025-03-25,2025-03-25,177.81,904.98,Delivered,Local
SHP1761,ORD1761,WH003,VEH009,DRV027,RT008,2024-01-18,2024-01-25,2024-01-29,124.72,556.64,Delayed,Inter-City
SHP1762,ORD1762,WH002,VEH018,DRV043,RT012,2025-03-18,2025-03-20,2025-03-19,135.77,983.52,Delivered,Inter-City
SHP1763,ORD1763,WH001,VEH015,DRV028,RT003,2024-11-16,2024-11-17,2024-11-16,158.07,614.32,Delivered,Inter-City
SHP1764,ORD1764,WH009,VEH013,DRV033,RT012,2025-11-14,2025-11-20,2025-11-19,597.67,2846.99,Delivered,Inter-City
SHP1765,ORD1765,WH002,VEH010,DRV013,RT007,2025-12-10,2025-12-14,2025-12-14,913.34,4595.12,Delivered,Local
SHP1766,ORD1766,WH010,VEH002,DRV007,RT002,2024-03-21,2024-03-24,2024-03-23,734.07,5210.04,Delivered,Inter-City
SHP1767,ORD1767,WH004,VEH020,DRV010,RT016,2025-06-09,2025-06-14,2025-06-12,559.48,2924.78,Delivered,Inter-City
SHP1768,ORD1768,WH004,VEH002,DRV018,RT013,2025-11-03,2025-11-04,2025-11-03,938.58,5001.86,Delivered,Local
SHP1769,ORD1769,WH002,VEH014,DRV033,RT016,2025-12-25,2025-12-30,2025-12-28,355.55,1836.29,Delivered,Inter-City
SHP1770,ORD1770,WH006,VEH014,DRV039,RT002,2024-12-24,2024-12-30,2024-12-30,662.53,2842.82,Delivered,Inter-City
SHP1771,ORD1771,WH007,VEH018,DRV035,RT006,2025-01-24,2025-01-28,2025-01-28,526.39,1090.78,Delivered,Local
SHP1772,ORD1772,WH003,VEH016,DRV011,RT001,2025-10-15,2025-10-20,2025-10-20,674.86,5170.67,Delivered,Inter-City
SHP1773,ORD1773,WH005,VEH015,DRV010,RT007,2025-04-14,2025-04-16,2025-04-15,422.88,890.78,Delivered,Inter-City
SHP1774,ORD1774,WH009,VEH008,DRV047,RT001,2025-06-30,2025-07-02,2025-07-02,769.8,4327.79,Delivered,Local
SHP1775,ORD1775,WH009,VEH020,DRV038,RT019,2025-01-15,2025-01-16,2025-01-16,643.34,2624.88,In Transit,Inter-City
SHP1776,ORD1776,WH005,VEH020,DRV036,RT007,2025-02-25,2025-03-01,2025-03-01,263.91,1289.16,Delivered,Inter-City
SHP1777,ORD1777,WH010,VEH002,DRV028,RT013,2025-06-23,2025-06-28,2025-06-26,420.77,1782.15,Delivered,Inter-City
SHP1778,ORD1778,WH009,VEH011,DRV049,RT016,2024-04-13,2024-04-14,2024-04-13,307.8,1411.77,Delivered,Local
SHP1779,ORD1779,WH006,VEH020,DRV024,RT013,2024-07-31,2024-08-03,2024-08-03,926.5,2350.0,Delivered,Inter-City
SHP1780,ORD1780,WH001,VEH015,DRV014,RT019,2024-05-30,2024-05-31,2024-05-29,37.21,152.45,Delivered,Inter-City
SHP1781,ORD1781,WH006,VEH014,DRV022,RT007,2024-09-02,2024-09-09,2024-09-09,472.38,2296.19,In Transit,Inter-City
SHP1782,ORD1782,WH004,VEH001,DRV044,RT007,2024-04-11,2024-04-15,2024-04-14,689.08,3366.97,Delivered,Inter-City
SHP1783,ORD1783,WH010,VEH006,DRV027,RT004,2025-01-15,2025-01-18,2025-01-16,483.08,1411.65,Delivered,Inter-City
SHP1784,ORD1784,WH002,VEH005,DRV017,RT002,2024-05-21,2024-05-24,2024-05-23,340.33,729.21,Delivered,Inter-City
SHP1785,ORD1785,WH001,VEH011,DRV019,RT019,2024-02-02,2024-02-07,2024-02-07,993.56,6278.83,In Transit,Inter-City
SHP1786,ORD1786,WH010,VEH019,DRV036,RT007,2025-08-04,2025-08-11,2025-08-15,404.45,1920.93,Delayed,Inter-City
SHP1787,ORD1787,WH009,VEH017,DRV031,RT005,2024-11-13,2024-11-17,2024-11-17,394.77,820.78,Delivered,Inter-City
SHP1788,ORD1788,WH005,VEH008,DRV034,RT008,2025-11-18,2025-11-19,2025-11-19,34.76,86.09,Delivered,Inter-City
SHP1789,ORD1789,WH004,VEH011,DRV011,RT020,2024-11-10,2024-11-15,2024-11-15,985.99,4880.96,Delivered,Inter-City
SHP1790,ORD1790,WH005,VEH004,DRV029,RT019,2025-08-02,2025-08-08,2025-08-07,317.52,1152.22,Delivered,Inter-City
SHP1791,ORD1791,WH007,VEH005,DRV033,RT020,2025-05-23,2025-05-29,2025-05-29,362.43,1859.71,Delivered,Inter-City
SHP1792,ORD1792,WH007,VEH006,DRV010,RT011,2024-06-07,2024-06-11,2024-06-10,633.68,1479.09,Delivered,Local
SHP1793,ORD1793,WH003,VEH005,DRV016,RT002,2024-05-12,2024-05-14,2024-05-13,43.76,187.88,Delivered,Inter-City
SHP1794,ORD1794,WH008,VEH015,DRV007,RT006,2025-01-03,2025-01-04,2025-01-02,372.12,2003.19,Delivered,Inter-City
SHP1795,ORD1795,WH001,VEH009,DRV007,RT017,2025-10-06,2025-10-08,2025-10-06,883.15,1829.74,Delivered,Inter-City
SHP1796,ORD1796,WH002,VEH014,DRV026,RT014,2024-02-14,2024-02-20,2024-02-18,802.03,5693.45,Delivered,Local
SHP1797,ORD1797,WH004,VEH019,DRV009,RT016,2025-06-23,2025-06-28,2025-06-28,297.44,1086.39,Returned,Inter-City
SHP1798,ORD1798,WH010,VEH002,DRV038,RT018,2025-01-25,2025-02-01,2025-02-01,419.2,1659.32,Delivered,Inter-City
SHP1799,ORD1799,WH008,VEH013,DRV040,RT011,2025-07-18,2025-07-25,2025-07-24,306.23,897.79,Delivered,Inter-City
SHP1800,ORD1800,WH003,VEH006,DRV017,RT018,2024-06-01,2024-06-04,2024-06-02,546.5,2381.27,Delivered,Inter-City
SHP1801,ORD1801,WH002,VEH008,DRV030,RT008,2025-04-18,2025-04-19,2025-04-18,370.16,1243.06,Delivered,Inter-City
SHP1802,ORD1802,WH002,VEH004,DRV035,RT002,2025-12-13,2025-12-15,2025-12-14,680.64,3939.4,Delivered,Inter-City
SHP1803,ORD1803,WH002,VEH009,DRV008,RT020,2024-09-11,2024-09-17,2024-09-15,411.72,1770.15,Delivered,Local
SHP1804,ORD1804,WH001,VEH009,DRV030,RT003,2025-05-28,2025-06-02,2025-06-02,834.15,2289.61,In Transit,Inter-City
SHP1805,ORD1805,WH002,VEH019,DRV040,RT005,2024-11-18,2024-11-25,2024-11-24,956.63,5796.46,Delivered,Inter-City
SHP1806,ORD1806,WH003,VEH010,DRV047,RT016,2025-02-23,2025-02-28,2025-02-28,554.45,3693.95,In Transit,Inter-City
SHP1807,ORD1807,WH005,VEH003,DRV003,RT008,2024-09-25,2024-09-26,2024-09-25,97.77,638.8,Delivered,Inter-City
SHP1808,ORD1808,WH009,VEH004,DRV008,RT018,2025-10-10,2025-10-11,2025-10-11,315.49,2426.96,Returned,Inter-City
SHP1809,ORD1809,WH006,VEH003,DRV045,RT008,2024-06-09,2024-06-12,2024-06-13,447.71,2472.92,Delayed,Local
SHP1810,ORD1810,WH001,VEH010,DRV020,RT015,2024-02-09,2024-02-14,2024-02-13,417.0,2266.46,Delivered,Local
SHP1811,ORD1811,WH005,VEH002,DRV025,RT015,2024-04-12,2024-04-15,2024-04-13,818.44,3889.74,Delivered,Inter-City
SHP1812,ORD1812,WH004,VEH003,DRV002,RT007,2024-04-17,2024-04-20,2024-04-19,764.11,3314.98,Delivered,Local
SHP1813,ORD1813,WH006,VEH016,DRV009,RT005,2025-04-13,2025-04-16,2025-04-14,976.83,5468.16,Delivered,Local
SHP1814,ORD1814,WH001,VEH015,DRV047,RT009,2024-01-28,2024-01-30,2024-01-30,858.56,6545.79,Delivered,Inter-City
SHP1815,ORD1815,WH005,VEH009,DRV040,RT019,2025-09-20,2025-09-25,2025-09-24,8.69,66.53,Delivered,Local
SHP1816,ORD1816,WH004,VEH020,DRV007,RT008,2025-02-06,2025-02-12,2025-02-10,292.49,911.09,Delivered,Inter-City
SHP1817,ORD1817,WH007,VEH010,DRV005,RT001,2025-01-29,2025-01-30,2025-01-30,171.99,1127.3,Delivered,Inter-City
SHP1818,ORD1818,WH008,VEH012,DRV015,RT003,2025-12-20,2025-12-26,2025-12-24,50.25,247.91,Delivered,Inter-City
SHP1819,ORD1819,WH007,VEH008,DRV006,RT002,2024-03-24,2024-03-25,2024-03-23,604.55,3545.11,Delivered,Local
SHP1820,ORD1820,WH005,VEH014,DRV007,RT006,2024-11-25,2024-11-27,2024-11-27,399.18,1728.84,Returned,Inter-City
SHP1821,ORD1821,WH005,VEH001,DRV004,RT009,2025-03-27,2025-03-30,2025-03-30,950.83,4183.68,In Transit,Local
SHP1822,ORD1822,WH010,VEH010,DRV036,RT013,2025-10-12,2025-10-18,2025-10-18,585.96,2995.99,In Transit,Inter-City
SHP1823,ORD1823,WH005,VEH017,DRV017,RT017,2024-03-12,2024-03-16,2024-03-17,898.69,3126.31,Delayed,Local
SHP1824,ORD1824,WH002,VEH001,DRV004,RT015,2025-04-24,2025-04-25,2025-04-25,447.29,3443.29,Delivered,Inter-City
SHP1825,ORD1825,WH004,VEH016,DRV021,RT019,2024-11-13,2024-11-18,2024-11-18,809.9,5584.45,Delivered,Inter-City
SHP1826,ORD1826,WH001,VEH015,DRV034,RT004,2024-04-23,2024-04-24,2024-04-24,445.14,2422.63,In Transit,Inter-City
SHP1827,ORD1827,WH007,VEH002,DRV003,RT009,2025-09-22,2025-09-23,2025-09-23,922.3,3327.93,Delivered,Inter-City
SHP1828,ORD1828,WH005,VEH003,DRV023,RT011,2025-08-29,2025-09-02,2025-09-02,450.5,1515.8,In Transit,Local
SHP1829,ORD1829,WH004,VEH017,DRV020,RT019,2025-02-20,2025-02-26,2025-02-25,377.16,1120.37,Delivered,Inter-City
SHP1830,ORD1830,WH010,VEH004,DRV031,RT001,2024-08-04,2024-08-10,2024-08-10,363.39,2704.07,Delivered,Inter-City
SHP1831,ORD1831,WH001,VEH010,DRV040,RT019,2025-08-20,2025-08-22,2025-08-22,387.8,1716.14,In Transit,Inter-City
SHP1832,ORD1832,WH006,VEH007,DRV047,RT013,2024-04-24,2024-04-30,2024-04-28,480.23,3356.25,Delivered,Inter-City
SHP1833,ORD1833,WH004,VEH004,DRV030,RT007,2025-08-04,2025-08-11,2025-08-10,764.53,4714.72,Delivered,Inter-City
SHP1834,ORD1834,WH003,VEH009,DRV033,RT016,2024-06-04,2024-06-06,2024-06-04,812.73,5637.18,Delivered,Inter-City
SHP1835,ORD1835,WH009,VEH013,DRV022,RT008,2025-09-28,2025-09-30,2025-10-04,660.56,2858.98,Delayed,Local
SHP1836,ORD1836,WH008,VEH003,DRV017,RT003,2024-09-04,2024-09-07,2024-09-05,204.75,562.29,Delivered,Inter-City
SHP1837,ORD1837,WH008,VEH020,DRV025,RT015,2024-02-04,2024-02-08,2024-02-08,368.46,1973.21,Delivered,Local
SHP1838,ORD1838,WH002,VEH016,DRV015,RT011,2025-04-18,2025-04-23,2025-04-25,122.85,774.27,Delayed,Inter-City
SHP1839,ORD1839,WH007,VEH005,DRV022,RT001,2025-02-06,2025-02-12,2025-02-10,559.51,1750.07,Delivered,Inter-City
SHP1840,ORD1840,WH006,VEH009,DRV026,RT010,2025-02-14,2025-02-16,2025-02-14,537.44,2996.67,Delivered,Inter-City
SHP1841,ORD1841,WH001,VEH004,DRV019,RT011,2025-01-04,2025-01-08,2025-01-08,847.72,2869.24,Delivered,Local
SHP1842,ORD1842,WH004,VEH009,DRV043,RT005,2025-05-01,2025-05-07,2025-05-07,840.73,2181.14,In Transit,Inter-City
SHP1843,ORD1843,WH009,VEH013,DRV026,RT019,2024-06-03,2024-06-06,2024-06-05,130.51,913.9,Delivered,Inter-City
SHP1844,ORD1844,WH001,VEH011,DRV002,RT020,2024-06-26,2024-06-30,2024-06-30,12.05,72.31,Delivered,Local
SHP1845,ORD1845,WH002,VEH002,DRV006,RT011,2025-03-10,2025-03-11,2025-03-10,75.06,413.77,Delivered,Inter-City
SHP1846,ORD1846,WH004,VEH018,DRV017,RT009,2025-09-30,2025-10-06,2025-10-04,86.49,664.71,Delivered,Inter-City
SHP1847,ORD1847,WH004,VEH001,DRV004,RT018,2025-06-08,2025-06-10,2025-06-08,764.96,3966.42,Delivered,Inter-City
SHP1848,ORD1848,WH005,VEH013,DRV037,RT020,2024-02-22,2024-02-29,2024-02-27,688.17,5049.75,Delivered,Inter-City
SHP1849,ORD1849,WH009,VEH013,DRV031,RT005,2024-07-20,2024-07-26,2024-07-26,78.21,280.16,Delivered,Inter-City
SHP1850,ORD1850,WH005,VEH017,DRV008,RT016,2025-11-23,2025-11-27,2025-11-25,248.79,1978.16,Delivered,Inter-City
SHP1851,ORD1851,WH006,VEH011,DRV047,RT014,2024-03-12,2024-03-17,2024-03-17,130.81,317.99,Delivered,Inter-City
SHP1852,ORD1852,WH009,VEH018,DRV009,RT005,2024-01-22,2024-01-26,2024-01-26,751.9,3878.01,Delivered,Inter-City
SHP1853,ORD1853,WH007,VEH010,DRV008,RT016,2025-01-28,2025-01-29,2025-01-27,631.54,4956.63,Delivered,Inter-City
SHP1854,ORD1854,WH004,VEH001,DRV010,RT007,2025-02-27,2025-03-02,2025-03-02,691.83,3194.99,Delivered,Local
SHP1855,ORD1855,WH004,VEH014,DRV033,RT007,2024-11-20,2024-11-26,2024-11-24,593.1,2658.85,Delivered,Local
SHP1856,ORD1856,WH008,VEH014,DRV018,RT001,2024-09-06,2024-09-08,2024-09-08,782.64,4694.71,Delivered,Inter-City
SHP1857,ORD1857,WH010,VEH008,DRV043,RT006,2024-12-17,2024-12-19,2024-12-17,153.44,1123.37,Delivered,Inter-City
SHP1858,ORD1858,WH007,VEH015,DRV007,RT006,2025-01-24,2025-01-29,2025-01-31,463.79,1651.19,Delayed,Local
SHP1859,ORD1859,WH010,VEH019,DRV021,RT006,2024-07-09,2024-07-12,2024-07-12,907.46,4071.63,Delivered,Local
SHP1860,ORD1860,WH005,VEH009,DRV020,RT017,2024-10-12,2024-10-19,2024-10-19,802.43,5201.32,Delivered,Local
SHP1861,ORD1861,WH007,VEH018,DRV028,RT017,2024-04-25,2024-05-02,2024-05-02,79.01,529.28,Delivered,Inter-City
SHP1862,ORD1862,WH004,VEH008,DRV003,RT014,2024-09-20,2024-09-21,2024-09-19,708.99,1522.29,Delivered,Inter-City
SHP1863,ORD1863,WH009,VEH016,DRV031,RT003,2024-12-07,2024-12-10,2024-12-08,350.98,2123.04,Delivered,Inter-City
SHP1864,ORD1864,WH001,VEH013,DRV045,RT006,2025-05-08,2025-05-13,2025-05-12,929.43,2149.57,Delivered,Inter-City
SHP1865,ORD1865,WH006,VEH019,DRV007,RT005,2024-01-17,2024-01-23,2024-01-21,270.11,1172.56,Delivered,Local
SHP1866,ORD1866,WH004,VEH015,DRV011,RT004,2025-02-26,2025-02-28,2025-02-26,966.79,4226.44,Delivered,Inter-City
SHP1867,ORD1867,WH001,VEH007,DRV010,RT007,2024-11-27,2024-12-02,2024-12-01,77.1,522.57,Delivered,Local
SHP1868,ORD1868,WH003,VEH020,DRV021,RT012,2025-11-04,2025-11-09,2025-11-14,569.94,2814.5,Delayed,Inter-City
SHP1869,ORD1869,WH004,VEH015,DRV037,RT007,2025-09-08,2025-09-15,2025-09-14,976.86,6951.62,Delivered,Inter-City
SHP1870,ORD1870,WH006,VEH012,DRV005,RT019,2025-10-20,2025-10-27,2025-10-27,258.58,1217.56,Delivered,Local
SHP1871,ORD1871,WH002,VEH003,DRV005,RT016,2025-11-22,2025-11-24,2025-11-23,963.36,4562.76,Delivered,Inter-City
SHP1872,ORD1872,WH004,VEH017,DRV028,RT005,2024-12-29,2025-01-02,2024-12-31,465.7,2135.95,Delivered,Inter-City
SHP1873,ORD1873,WH002,VEH006,DRV024,RT018,2024-10-25,2024-10-31,2024-10-31,850.91,2749.9,In Transit,Inter-City
SHP1874,ORD1874,WH001,VEH001,DRV035,RT002,2025-01-05,2025-01-09,2025-01-11,36.91,283.7,Delayed,Inter-City
SHP1875,ORD1875,WH003,VEH019,DRV011,RT009,2025-10-14,2025-10-19,2025-10-19,143.62,689.09,In Transit,Local
SHP1876,ORD1876,WH003,VEH004,DRV003,RT016,2025-11-30,2025-12-06,2025-12-04,527.14,1317.51,Delivered,Inter-City
SHP1877,ORD1877,WH008,VEH008,DRV046,RT014,2024-12-27,2025-01-03,2025-01-06,547.04,1584.27,Delayed,Inter-City
SHP1878,ORD1878,WH001,VEH016,DRV009,RT001,2024-03-06,2024-03-11,2024-03-10,845.73,4484.47,Delivered,Local
SHP1879,ORD1879,WH003,VEH018,DRV031,RT009,2025-11-20,2025-11-21,2025-11-20,683.47,2023.75,Delivered,Inter-City
SHP1880,ORD1880,WH010,VEH014,DRV049,RT007,2025-10-06,2025-10-10,2025-10-09,70.89,407.49,Delivered,Inter-City
SHP1881,ORD1881,WH006,VEH012,DRV022,RT003,2025-12-01,2025-12-07,2025-12-07,23.23,97.12,Delivered,Inter-City
SHP1882,ORD1882,WH002,VEH002,DRV033,RT004,2025-09-25,2025-09-28,2025-09-26,540.08,1909.51,Delivered,Inter-City
SHP1883,ORD1883,WH003,VEH005,DRV028,RT006,2024-07-31,2024-08-06,2024-08-06,17.8,80.28,Delivered,Local
SHP1884,ORD1884,WH008,VEH005,DRV009,RT008,2024-11-25,2024-11-26,2024-11-28,747.09,3865.21,Delayed,Inter-City
SHP1885,ORD1885,WH001,VEH007,DRV043,RT009,2025-11-30,2025-12-02,2025-11-30,278.28,2219.17,Delivered,Inter-City
SHP1886,ORD1886,WH006,VEH007,DRV037,RT004,2025-03-21,2025-03-28,2025-03-26,145.84,1128.83,Delivered,Inter-City
SHP1887,ORD1887,WH001,VEH020,DRV008,RT014,2025-12-27,2025-12-31,2025-12-31,128.35,903.76,Delivered,Inter-City
SHP1888,ORD1888,WH007,VEH020,DRV025,RT018,2025-04-27,2025-05-03,2025-05-01,309.02,1079.21,Delivered,Inter-City
SHP1889,ORD1889,WH001,VEH009,DRV024,RT009,2024-09-15,2024-09-16,2024-09-16,392.59,1811.95,Delivered,Local
SHP1890,ORD1890,WH005,VEH019,DRV030,RT001,2024-02-01,2024-02-07,2024-02-05,290.96,1958.94,Delivered,Inter-City
SHP1891,ORD1891,WH006,VEH018,DRV002,RT004,2024-12-03,2024-12-09,2024-12-07,99.51,442.15,Delivered,Inter-City
SHP1892,ORD1892,WH003,VEH019,DRV027,RT006,2025-06-12,2025-06-13,2025-06-11,133.95,344.97,Delivered,Inter-City
SHP1893,ORD1893,WH006,VEH001,DRV021,RT001,2025-10-31,2025-11-05,2025-11-04,617.2,4856.96,Delivered,Local
SHP1894,ORD1894,WH007,VEH004,DRV047,RT007,2024-05-05,2024-05-08,2024-05-08,709.81,3005.95,Delivered,Inter-City
SHP1895,ORD1895,WH004,VEH006,DRV009,RT018,2024-02-19,2024-02-22,2024-02-20,838.27,2647.79,Delivered,Inter-City
SHP1896,ORD1896,WH008,VEH015,DRV041,RT010,2024-08-28,2024-08-31,2024-08-30,741.47,5729.99,Delivered,Inter-City
SHP1897,ORD1897,WH005,VEH016,DRV026,RT006,2024-12-14,2024-12-20,2024-12-22,597.84,1363.28,Delayed,Inter-City
SHP1898,ORD1898,WH002,VEH003,DRV008,RT011,2024-06-11,2024-06-18,2024-06-17,322.74,1973.54,Delivered,Inter-City
SHP1899,ORD1899,WH003,VEH015,DRV029,RT018,2025-07-19,2025-07-24,2025-07-24,404.86,1346.68,Delivered,Inter-City
SHP1900,ORD1900,WH008,VEH009,DRV035,RT019,2024-01-20,2024-01-22,2024-01-22,258.45,2011.53,Delivered,Inter-City
SHP1901,ORD1901,WH009,VEH017,DRV001,RT019,2025-04-27,2025-04-28,2025-04-26,434.61,2953.45,Delivered,Inter-City
SHP1902,ORD1902,WH005,VEH005,DRV012,RT020,2024-08-13,2024-08-16,2024-08-19,959.83,6343.52,Delayed,Local
SHP1903,ORD1903,WH006,VEH020,DRV012,RT002,2024-11-29,2024-12-05,2024-12-04,565.71,2634.92,Delivered,Inter-City
SHP1904,ORD1904,WH008,VEH016,DRV039,RT020,2024-03-31,2024-04-01,2024-04-03,786.33,6240.81,Delayed,Local
SHP1905,ORD1905,WH009,VEH008,DRV002,RT010,2024-12-05,2024-12-09,2024-12-13,971.71,4521.28,Delayed,Inter-City
SHP1906,ORD1906,WH005,VEH011,DRV050,RT004,2024-03-30,2024-04-03,2024-04-03,551.74,4344.09,Delivered,Inter-City
SHP1907,ORD1907,WH006,VEH017,DRV037,RT015,2024-02-09,2024-02-16,2024-02-16,878.8,5233.94,Delivered,Local
SHP1908,ORD1908,WH003,VEH006,DRV008,RT007,2024-07-25,2024-07-29,2024-07-27,524.08,3490.96,Delivered,Inter-City
SHP1909,ORD1909,WH001,VEH001,DRV033,RT007,2024-10-05,2024-10-09,2024-10-08,682.35,1652.71,Delivered,Inter-City
SHP1910,ORD1910,WH009,VEH019,DRV034,RT019,2025-09-24,2025-09-30,2025-09-30,12.0,95.16,Delivered,Inter-City
SHP1911,ORD1911,WH008,VEH009,DRV025,RT004,2024-04-29,2024-05-05,2024-05-05,731.87,3976.59,Delivered,Local
SHP1912,ORD1912,WH008,VEH019,DRV039,RT005,2025-04-22,2025-04-23,2025-04-21,906.83,3600.26,Delivered,Inter-City
SHP1913,ORD1913,WH007,VEH002,DRV015,RT007,2025-06-17,2025-06-23,2025-06-22,749.43,5464.52,Delivered,Local
SHP1914,ORD1914,WH006,VEH005,DRV033,RT012,2025-10-20,2025-10-25,2025-10-23,514.54,2611.38,Delivered,Inter-City
SHP1915,ORD1915,WH002,VEH018,DRV050,RT009,2024-08-28,2024-09-02,2024-09-06,398.95,1378.88,Delayed,Local
SHP1916,ORD1916,WH010,VEH001,DRV042,RT001,2025-04-26,2025-04-28,2025-04-27,589.45,3355.66,Delivered,Inter-City
SHP1917,ORD1917,WH010,VEH010,DRV018,RT011,2025-04-18,2025-04-24,2025-04-22,661.15,4771.71,Delivered,Inter-City
SHP1918,ORD1918,WH005,VEH009,DRV008,RT002,2025-04-07,2025-04-11,2025-04-09,906.1,2738.36,Delivered,Inter-City
SHP1919,ORD1919,WH007,VEH005,DRV025,RT011,2024-10-18,2024-10-24,2024-10-24,236.1,1560.99,In Transit,Local
SHP1920,ORD1920,WH006,VEH019,DRV007,RT013,2024-02-01,2024-02-08,2024-02-06,262.82,1063.18,Delivered,Inter-City
SHP1921,ORD1921,WH009,VEH007,DRV040,RT017,2024-12-03,2024-12-09,2024-12-09,638.65,4581.23,In Transit,Inter-City
SHP1922,ORD1922,WH001,VEH015,DRV039,RT019,2025-03-15,2025-03-18,2025-03-16,855.8,4024.52,Delivered,Inter-City
SHP1923,ORD1923,WH004,VEH016,DRV022,RT014,2025-11-12,2025-11-19,2025-11-17,76.68,372.8,Delivered,Local
SHP1924,ORD1924,WH005,VEH007,DRV020,RT002,2025-05-15,2025-05-22,2025-05-20,214.46,1710.63,Delivered,Inter-City
SHP1925,ORD1925,WH002,VEH015,DRV030,RT013,2024-04-06,2024-04-12,2024-04-10,860.58,3354.38,Delivered,Local
SHP1926,ORD1926,WH001,VEH001,DRV032,RT017,2025-07-01,2025-07-03,2025-07-02,585.95,1694.38,Delivered,Local
SHP1927,ORD1927,WH004,VEH017,DRV021,RT010,2024-01-14,2024-01-16,2024-01-16,411.76,2275.88,Delivered,Inter-City
SHP1928,ORD1928,WH006,VEH005,DRV036,RT011,2025-11-29,2025-12-06,2025-12-06,729.41,2440.06,Delivered,Inter-City
SHP1929,ORD1929,WH003,VEH013,DRV021,RT007,2024-06-11,2024-06-15,2024-06-15,316.99,1910.13,Delivered,Inter-City
SHP1930,ORD1930,WH006,VEH004,DRV019,RT020,2025-04-06,2025-04-08,2025-04-07,596.26,1384.38,Delivered,Inter-City
SHP1931,ORD1931,WH003,VEH005,DRV016,RT009,2025-05-08,2025-05-12,2025-05-12,295.56,1995.99,Delivered,Inter-City
SHP1932,ORD1932,WH006,VEH002,DRV038,RT008,2025-12-28,2025-12-31,2025-12-30,371.3,2290.61,Delivered,Local
SHP1933,ORD1933,WH001,VEH005,DRV003,RT002,2025-02-24,2025-02-25,2025-02-24,255.22,808.38,Delivered,Local
SHP1934,ORD1934,WH005,VEH009,DRV024,RT019,2024-10-07,2024-10-14,2024-10-13,800.2,2134.09,Delivered,Local
SHP1935,ORD1935,WH003,VEH004,DRV036,RT019,2024-09-12,2024-09-18,2024-09-16,97.78,568.02,Delivered,Inter-City
SHP1936,ORD1936,WH008,VEH001,DRV027,RT011,2024-01-31,2024-02-04,2024-02-04,736.27,1929.18,In Transit,Inter-City
SHP1937,ORD1937,WH003,VEH006,DRV010,RT018,2025-10-26,2025-10-28,2025-10-26,711.53,1535.83,Delivered,Inter-City
SHP1938,ORD1938,WH007,VEH010,DRV019,RT014,2025-07-24,2025-07-30,2025-07-30,355.94,2145.31,In Transit,Inter-City
SHP1939,ORD1939,WH005,VEH012,DRV024,RT011,2024-12-14,2024-12-19,2024-12-18,55.8,436.2,Delivered,Inter-City
SHP1940,ORD1940,WH004,VEH011,DRV028,RT001,2025-05-26,2025-05-30,2025-05-29,769.32,4334.57,Delivered,Inter-City
SHP1941,ORD1941,WH005,VEH007,DRV015,RT005,2025-05-14,2025-05-18,2025-05-20,578.68,3242.71,Delayed,Local
SHP1942,ORD1942,WH005,VEH014,DRV003,RT001,2025-06-16,2025-06-18,2025-06-16,743.12,2575.04,Delivered,Local
SHP1943,ORD1943,WH010,VEH013,DRV047,RT005,2025-03-10,2025-03-15,2025-03-15,187.82,1148.31,Delivered,Local
SHP1944,ORD1944,WH003,VEH002,DRV037,RT015,2025-01-18,2025-01-21,2025-01-19,28.25,74.16,Delivered,Local
SHP1945,ORD1945,WH010,VEH002,DRV028,RT015,2024-01-25,2024-01-31,2024-01-31,956.4,5804.67,Delivered,Inter-City
SHP1946,ORD1946,WH003,VEH002,DRV004,RT007,2025-08-21,2025-08-28,2025-08-28,256.59,1454.76,Delivered,Local
SHP1947,ORD1947,WH008,VEH014,DRV039,RT016,2024-06-16,2024-06-17,2024-06-16,186.41,455.46,Delivered,Inter-City
SHP1948,ORD1948,WH004,VEH008,DRV049,RT008,2025-08-25,2025-08-31,2025-08-29,855.89,2084.44,Delivered,Local
SHP1949,ORD1949,WH010,VEH006,DRV037,RT013,2025-10-26,2025-10-31,2025-10-31,150.97,304.15,Returned,Inter-City
SHP1950,ORD1950,WH006,VEH008,DRV002,RT016,2024-03-28,2024-03-30,2024-03-30,920.05,2072.64,Delivered,Inter-City
SHP1951,ORD1951,WH001,VEH018,DRV009,RT005,2025-06-07,2025-06-09,2025-06-07,465.98,3024.95,Delivered,Inter-City
SHP1952,ORD1952,WH003,VEH015,DRV050,RT002,2024-11-19,2024-11-22,2024-11-20,561.86,2778.94,Delivered,Local
SHP1953,ORD1953,WH009,VEH018,DRV029,RT006,2025-07-14,2025-07-16,2025-07-17,403.23,1171.12,Delayed,Local
SHP1954,ORD1954,WH009,VEH001,DRV006,RT006,2025-03-07,2025-03-12,2025-03-10,57.75,216.38,Delivered,Inter-City
SHP1955,ORD1955,WH007,VEH014,DRV024,RT017,2025-08-16,2025-08-19,2025-08-19,741.95,2689.21,Delivered,Inter-City
SHP1956,ORD1956,WH007,VEH001,DRV037,RT014,2025-12-10,2025-12-17,2025-12-17,648.5,4744.88,Delivered,Local
SHP1957,ORD1957,WH005,VEH015,DRV010,RT009,2024-12-16,2024-12-18,2024-12-17,463.73,2188.01,Delivered,Inter-City
SHP1958,ORD1958,WH008,VEH009,DRV031,RT016,2025-07-14,2025-07-19,2025-07-22,19.02,38.45,Delayed,Inter-City
SHP1959,ORD1959,WH010,VEH009,DRV027,RT011,2025-05-05,2025-05-09,2025-05-09,460.86,3320.57,In Transit,Inter-City
SHP1960,ORD1960,WH007,VEH003,DRV010,RT020,2025-06-10,2025-06-15,2025-06-13,456.49,3436.31,Delivered,Inter-City
SHP1961,ORD1961,WH009,VEH010,DRV010,RT013,2025-06-18,2025-06-19,2025-06-17,140.65,953.59,Delivered,Inter-City
SHP1962,ORD1962,WH003,VEH013,DRV044,RT003,2025-12-25,2025-12-31,2026-01-04,260.87,1206.6,Delayed,Local
SHP1963,ORD1963,WH001,VEH011,DRV013,RT016,2024-03-17,2024-03-23,2024-03-23,518.37,2356.24,In Transit,Inter-City
SHP1964,ORD1964,WH006,VEH013,DRV047,RT013,2025-07-09,2025-07-14,2025-07-14,15.52,49.78,Returned,Inter-City
SHP1965,ORD1965,WH007,VEH013,DRV020,RT016,2025-08-14,2025-08-21,2025-08-20,637.8,1827.98,Delivered,Local
SHP1966,ORD1966,WH010,VEH017,DRV013,RT004,2024-06-27,2024-07-04,2024-07-03,137.87,842.15,Delivered,Local
SHP1967,ORD1967,WH004,VEH012,DRV044,RT009,2024-03-26,2024-04-02,2024-04-01,792.84,1988.8,Delivered,Inter-City
SHP1968,ORD1968,WH010,VEH003,DRV040,RT018,2025-11-28,2025-12-01,2025-12-06,24.62,114.24,Delayed,Inter-City
SHP1969,ORD1969,WH002,VEH016,DRV001,RT017,2025-12-02,2025-12-06,2025-12-05,872.86,2283.95,Delivered,Local
SHP1970,ORD1970,WH003,VEH002,DRV031,RT015,2025-10-26,2025-10-27,2025-10-25,949.31,4583.05,Delivered,Inter-City
SHP1971,ORD1971,WH005,VEH002,DRV019,RT008,2024-08-18,2024-08-22,2024-08-20,581.09,3714.36,Delivered,Local
SHP1972,ORD1972,WH010,VEH013,DRV029,RT005,2025-10-25,2025-10-28,2025-10-27,87.82,203.94,Delivered,Local
SHP1973,ORD1973,WH002,VEH003,DRV003,RT019,2024-01-01,2024-01-02,2023-12-31,471.64,3250.28,Delivered,Inter-City
SHP1974,ORD1974,WH008,VEH018,DRV048,RT012,2024-01-29,2024-02-04,2024-02-04,16.76,38.35,Delivered,Inter-City
SHP1975,ORD1975,WH006,VEH010,DRV037,RT016,2024-06-16,2024-06-22,2024-06-22,763.79,4399.66,Returned,Local
SHP1976,ORD1976,WH010,VEH006,DRV003,RT003,2024-01-13,2024-01-19,2024-01-19,622.0,4549.42,Delivered,Inter-City
SHP1977,ORD1977,WH006,VEH020,DRV039,RT016,2024-10-02,2024-10-08,2024-10-07,676.07,4004.85,Delivered,Inter-City
SHP1978,ORD1978,WH006,VEH008,DRV039,RT014,2024-11-25,2024-11-30,2024-11-28,987.83,6410.03,Delivered,Inter-City
SHP1979,ORD1979,WH005,VEH006,DRV023,RT005,2025-01-27,2025-02-02,2025-01-31,682.05,4488.78,Delivered,Inter-City
SHP1980,ORD1980,WH005,VEH006,DRV004,RT010,2024-03-26,2024-03-30,2024-03-29,117.44,783.48,Delivered,Local
SHP1981,ORD1981,WH004,VEH015,DRV019,RT002,2025-11-27,2025-12-04,2025-12-03,97.45,720.0,Delivered,Inter-City
SHP1982,ORD1982,WH004,VEH008,DRV030,RT020,2024-08-23,2024-08-30,2024-08-29,790.47,5357.27,Delivered,Inter-City
SHP1983,ORD1983,WH007,VEH019,DRV050,RT020,2025-04-03,2025-04-07,2025-04-05,119.64,724.58,Delivered,Local
SHP1984,ORD1984,WH007,VEH001,DRV034,RT011,2024-12-17,2024-12-21,2024-12-21,809.29,3841.56,Delivered,Inter-City
SHP1985,ORD1985,WH010,VEH002,DRV024,RT017,2024-11-01,2024-11-06,2024-11-04,394.03,1991.76,Delivered,Inter-City
SHP1986,ORD1986,WH005,VEH009,DRV038,RT020,2024-02-05,2024-02-10,2024-02-10,215.38,1489.77,Delivered,Inter-City
SHP1987,ORD1987,WH006,VEH017,DRV026,RT006,2024-10-17,2024-10-23,2024-10-23,49.91,206.27,In Transit,Inter-City
SHP1988,ORD1988,WH005,VEH009,DRV022,RT001,2025-08-01,2025-08-06,2025-08-04,560.05,1822.74,Delivered,Inter-City
SHP1989,ORD1989,WH005,VEH012,DRV049,RT008,2024-11-20,2024-11-22,2024-11-26,737.95,1959.76,Delayed,Local
SHP1990,ORD1990,WH002,VEH003,DRV045,RT002,2025-12-18,2025-12-23,2025-12-23,375.09,2309.76,Returned,Inter-City
SHP1991,ORD1991,WH002,VEH018,DRV017,RT014,2025-11-24,2025-11-28,2025-11-26,611.64,3675.88,Delivered,Inter-City
SHP1992,ORD1992,WH006,VEH020,DRV015,RT006,2024-03-19,2024-03-21,2024-03-20,827.62,3701.36,Delivered,Inter-City
SHP1993,ORD1993,WH009,VEH007,DRV004,RT015,2025-12-12,2025-12-14,2025-12-12,278.62,2123.63,Delivered,Inter-City
SHP1994,ORD1994,WH009,VEH001,DRV049,RT002,2024-06-08,2024-06-10,2024-06-08,859.13,3082.72,Delivered,Inter-City
SHP1995,ORD1995,WH006,VEH020,DRV032,RT005,2024-01-09,2024-01-12,2024-01-11,300.02,2087.36,Delivered,Inter-City
SHP1996,ORD1996,WH010,VEH017,DRV031,RT018,2024-04-14,2024-04-20,2024-04-18,145.2,346.36,Delivered,Inter-City
SHP1997,ORD1997,WH005,VEH016,DRV044,RT009,2025-09-15,2025-09-21,2025-09-19,283.64,1086.42,Delivered,Inter-City
SHP1998,ORD1998,WH001,VEH010,DRV012,RT019,2024-09-10,2024-09-14,2024-09-14,484.37,2560.31,Delivered,Local
SHP1999,ORD1999,WH005,VEH016,DRV012,RT003,2024-09-25,2024-09-29,2024-09-29,460.72,2300.94,Delivered,Local
SHP2000,ORD2000,WH009,VEH002,DRV018,RT012,2024-05-27,2024-06-01,2024-06-01,426.7,3066.11,Delivered,Inter-City
SHP2001,ORD2001,WH007,VEH020,DRV033,RT017,2025-10-26,2025-10-31,2025-10-30,591.73,3106.91,Delivered,Inter-City
SHP2002,ORD2002,WH008,VEH016,DRV022,RT010,2024-10-12,2024-10-15,2024-10-13,261.69,1232.96,Delivered,Inter-City
SHP2003,ORD2003,WH005,VEH003,DRV016,RT009,2024-01-05,2024-01-06,2024-01-04,926.57,2610.29,Delivered,Inter-City
SHP2004,ORD2004,WH010,VEH007,DRV027,RT001,2025-12-08,2025-12-11,2025-12-09,437.79,2702.16,Delivered,Inter-City
SHP2005,ORD2005,WH006,VEH003,DRV045,RT019,2024-08-01,2024-08-04,2024-08-03,896.33,4567.33,Delivered,Inter-City
SHP2006,ORD2006,WH001,VEH004,DRV010,RT009,2025-06-24,2025-06-27,2025-06-30,481.12,1661.98,Delayed,Local
SHP2007,ORD2007,WH006,VEH014,DRV008,RT003,2025-01-03,2025-01-07,2025-01-05,804.3,2265.41,Delivered,Inter-City
SHP2008,ORD2008,WH003,VEH008,DRV004,RT015,2024-01-29,2024-02-04,2024-02-03,338.61,1189.85,Delivered,Inter-City
SHP2009,ORD2009,WH001,VEH011,DRV015,RT004,2025-01-22,2025-01-23,2025-01-23,708.02,3325.62,Delivered,Inter-City
SHP2010,ORD2010,WH005,VEH008,DRV016,RT002,2024-08-06,2024-08-13,2024-08-12,960.42,2936.55,Delivered,Inter-City
SHP2011,ORD2011,WH008,VEH003,DRV035,RT014,2025-10-12,2025-10-18,2025-10-18,287.85,1364.24,Delivered,Local
SHP2012,ORD2012,WH006,VEH014,DRV013,RT003,2024-04-17,2024-04-19,2024-04-17,81.12,426.82,Delivered,Local
SHP2013,ORD2013,WH001,VEH016,DRV035,RT006,2025-07-24,2025-07-28,2025-07-26,759.5,1735.39,Delivered,Inter-City
SHP2014,ORD2014,WH007,VEH014,DRV005,RT011,2025-12-14,2025-12-17,2025-12-16,624.47,3162.28,Delivered,Inter-City
SHP2015,ORD2015,WH009,VEH013,DRV025,RT008,2024-12-28,2025-01-01,2024-12-31,710.11,2683.3,Delivered,Local
SHP2016,ORD2016,WH009,VEH001,DRV011,RT018,2025-11-27,2025-12-02,2025-12-02,341.9,839.76,Delivered,Inter-City
SHP2017,ORD2017,WH003,VEH017,DRV046,RT018,2025-01-25,2025-01-29,2025-01-27,46.3,349.66,Delivered,Local
SHP2018,ORD2018,WH010,VEH009,DRV025,RT019,2025-09-12,2025-09-17,2025-09-17,762.37,2327.99,In Transit,Inter-City
SHP2019,ORD2019,WH009,VEH006,DRV045,RT018,2024-10-20,2024-10-24,2024-10-24,331.7,751.88,Delivered,Inter-City
SHP2020,ORD2020,WH002,VEH008,DRV044,RT006,2025-09-23,2025-09-28,2025-09-26,867.71,4131.71,Delivered,Inter-City
SHP2021,ORD2021,WH003,VEH007,DRV048,RT006,2024-01-18,2024-01-20,2024-01-19,944.92,4854.74,Delivered,Local
SHP2022,ORD2022,WH005,VEH005,DRV029,RT016,2025-07-12,2025-07-16,2025-07-16,430.34,2259.06,Delivered,Inter-City
SHP2023,ORD2023,WH006,VEH006,DRV031,RT005,2025-06-25,2025-06-29,2025-06-27,381.83,830.24,Delivered,Inter-City
SHP2024,ORD2024,WH004,VEH005,DRV001,RT017,2025-05-09,2025-05-13,2025-05-11,230.36,832.02,Delivered,Inter-City
SHP2025,ORD2025,WH002,VEH001,DRV027,RT006,2025-11-12,2025-11-17,2025-11-17,824.76,2965.64,Delivered,Inter-City
SHP2026,ORD2026,WH006,VEH012,DRV031,RT008,2024-12-16,2024-12-20,2024-12-20,196.91,1162.21,Delivered,Inter-City
SHP2027,ORD2027,WH008,VEH016,DRV042,RT002,2024-02-27,2024-03-01,2024-02-29,216.9,1124.51,Delivered,Local
SHP2028,ORD2028,WH010,VEH016,DRV014,RT002,2024-05-08,2024-05-15,2024-05-14,224.52,1305.85,Delivered,Inter-City
SHP2029,ORD2029,WH003,VEH006,DRV036,RT012,2025-04-03,2025-04-04,2025-04-07,710.64,4784.0,Delayed,Inter-City
SHP2030,ORD2030,WH001,VEH005,DRV022,RT011,2024-12-11,2024-12-14,2024-12-13,523.6,3329.4,Delivered,Inter-City
SHP2031,ORD2031,WH004,VEH019,DRV029,RT015,2025-10-26,2025-10-27,2025-10-26,108.74,488.61,Delivered,Local
SHP2032,ORD2032,WH009,VEH018,DRV005,RT012,2025-08-20,2025-08-24,2025-08-24,639.44,4594.61,In Transit,Local
SHP2033,ORD2033,WH007,VEH015,DRV015,RT017,2025-02-04,2025-02-11,2025-02-11,787.84,5705.95,Returned,Inter-City
SHP2034,ORD2034,WH007,VEH020,DRV001,RT010,2024-10-12,2024-10-17,2024-10-15,927.79,3328.3,Delivered,Inter-City
SHP2035,ORD2035,WH007,VEH016,DRV048,RT008,2024-07-31,2024-08-02,2024-07-31,182.42,1293.15,Delivered,Local
SHP2036,ORD2036,WH003,VEH010,DRV035,RT020,2024-12-04,2024-12-07,2024-12-05,467.92,2871.55,Delivered,Local
SHP2037,ORD2037,WH001,VEH001,DRV043,RT014,2024-06-14,2024-06-16,2024-06-14,616.89,4713.1,Delivered,Inter-City
SHP2038,ORD2038,WH010,VEH019,DRV044,RT009,2024-06-12,2024-06-16,2024-06-15,36.61,163.85,Delivered,Inter-City
SHP2039,ORD2039,WH009,VEH020,DRV021,RT007,2024-03-01,2024-03-02,2024-03-02,944.33,2156.09,Delivered,Inter-City
SHP2040,ORD2040,WH004,VEH019,DRV033,RT001,2025-12-11,2025-12-12,2025-12-12,722.73,3633.4,Delivered,Inter-City
SHP2041,ORD2041,WH002,VEH013,DRV010,RT018,2024-08-17,2024-08-19,2024-08-18,427.18,2455.14,Delivered,Inter-City
SHP2042,ORD2042,WH006,VEH018,DRV050,RT003,2024-02-09,2024-02-14,2024-02-12,21.82,58.95,Delivered,Inter-City
SHP2043,ORD2043,WH004,VEH007,DRV030,RT009,2024-07-21,2024-07-24,2024-07-23,461.09,1279.89,Delivered,Local
SHP2044,ORD2044,WH008,VEH016,DRV011,RT017,2025-04-16,2025-04-17,2025-04-17,997.99,7540.83,In Transit,Local
SHP2045,ORD2045,WH006,VEH020,DRV028,RT020,2025-01-11,2025-01-15,2025-01-13,916.94,5507.8,Delivered,Local
SHP2046,ORD2046,WH005,VEH012,DRV032,RT011,2025-08-04,2025-08-07,2025-08-05,572.19,4496.03,Delivered,Inter-City
SHP2047,ORD2047,WH001,VEH011,DRV021,RT008,2025-12-05,2025-12-11,2025-12-10,138.33,866.01,Delivered,Local
SHP2048,ORD2048,WH002,VEH015,DRV008,RT010,2025-06-10,2025-06-13,2025-06-12,898.08,4809.13,Delivered,Inter-City
SHP2049,ORD2049,WH010,VEH012,DRV011,RT011,2024-05-14,2024-05-20,2024-05-18,897.4,2566.99,Delivered,Inter-City
SHP2050,ORD2050,WH001,VEH015,DRV043,RT017,2025-10-22,2025-10-27,2025-10-27,775.97,1897.89,Delivered,Local
SHP2051,ORD2051,WH006,VEH004,DRV005,RT020,2025-10-06,2025-10-12,2025-10-12,97.07,678.85,Delivered,Local
SHP2052,ORD2052,WH006,VEH016,DRV019,RT010,2024-11-23,2024-11-25,2024-11-25,804.81,1804.51,Delivered,Local
SHP2053,ORD2053,WH003,VEH016,DRV041,RT013,2025-09-29,2025-10-02,2025-10-01,206.47,1048.32,Delivered,Inter-City
SHP2054,ORD2054,WH009,VEH005,DRV020,RT002,2024-07-12,2024-07-19,2024-07-19,730.14,4453.28,In Transit,Local
SHP2055,ORD2055,WH004,VEH006,DRV047,RT003,2024-06-21,2024-06-27,2024-06-26,878.66,3263.68,Delivered,Inter-City
SHP2056,ORD2056,WH003,VEH019,DRV013,RT014,2024-08-27,2024-08-30,2024-08-28,836.32,5616.66,Delivered,Local
SHP2057,ORD2057,WH010,VEH009,DRV006,RT006,2024-03-31,2024-04-07,2024-04-05,901.67,3760.13,Delivered,Local
SHP2058,ORD2058,WH003,VEH012,DRV031,RT019,2024-11-20,2024-11-25,2024-11-23,65.82,142.27,Delivered,Inter-City
SHP2059,ORD2059,WH008,VEH020,DRV017,RT003,2024-05-19,2024-05-26,2024-05-24,240.48,702.97,Delivered,Local
SHP2060,ORD2060,WH005,VEH014,DRV001,RT003,2025-07-20,2025-07-25,2025-07-25,955.04,6389.57,Delivered,Inter-City
SHP2061,ORD2061,WH004,VEH010,DRV048,RT008,2024-09-25,2024-10-02,2024-09-30,711.5,3442.2,Delivered,Inter-City
SHP2062,ORD2062,WH004,VEH007,DRV039,RT020,2025-03-18,2025-03-24,2025-03-24,893.03,4076.78,Delivered,Local
SHP2063,ORD2063,WH007,VEH003,DRV012,RT016,2024-09-01,2024-09-04,2024-09-04,120.39,324.93,Delivered,Inter-City
SHP2064,ORD2064,WH001,VEH006,DRV040,RT003,2025-12-13,2025-12-19,2025-12-19,207.8,519.81,In Transit,Local
SHP2065,ORD2065,WH004,VEH002,DRV006,RT010,2025-08-29,2025-09-05,2025-09-04,562.68,1674.85,Delivered,Inter-City
SHP2066,ORD2066,WH009,VEH020,DRV004,RT018,2025-07-12,2025-07-18,2025-07-16,712.85,3899.56,Delivered,Local
SHP2067,ORD2067,WH007,VEH010,DRV024,RT006,2024-07-11,2024-07-12,2024-07-10,112.15,611.7,Delivered,Inter-City
SHP2068,ORD2068,WH010,VEH002,DRV033,RT005,2024-03-12,2024-03-18,2024-03-18,196.23,854.65,Delivered,Inter-City
SHP2069,ORD2069,WH009,VEH007,DRV007,RT015,2024-06-04,2024-06-06,2024-06-05,881.6,5074.68,Delivered,Local
SHP2070,ORD2070,WH008,VEH002,DRV020,RT003,2025-05-10,2025-05-11,2025-05-11,858.97,2839.69,Delivered,Inter-City
SHP2071,ORD2071,WH009,VEH019,DRV006,RT020,2024-04-27,2024-05-02,2024-05-02,794.22,3871.66,Returned,Inter-City
SHP2072,ORD2072,WH001,VEH011,DRV002,RT004,2024-09-01,2024-09-07,2024-09-07,782.81,1673.3,Delivered,Inter-City
SHP2073,ORD2073,WH004,VEH009,DRV017,RT019,2025-01-11,2025-01-15,2025-01-15,958.36,2357.26,Delivered,Inter-City
SHP2074,ORD2074,WH009,VEH016,DRV050,RT013,2024-12-19,2024-12-20,2024-12-18,498.45,2033.93,Delivered,Inter-City
SHP2075,ORD2075,WH003,VEH012,DRV046,RT015,2024-06-04,2024-06-06,2024-06-06,826.38,5400.74,Delivered,Inter-City
SHP2076,ORD2076,WH004,VEH004,DRV026,RT001,2024-07-19,2024-07-25,2024-07-24,959.88,4821.45,Delivered,Local
SHP2077,ORD2077,WH002,VEH003,DRV042,RT002,2024-11-19,2024-11-26,2024-11-24,756.27,5943.77,Delivered,Inter-City
SHP2078,ORD2078,WH001,VEH007,DRV049,RT019,2025-09-18,2025-09-22,2025-09-22,65.12,286.11,Delivered,Local
SHP2079,ORD2079,WH008,VEH001,DRV001,RT012,2025-08-31,2025-09-05,2025-09-04,405.58,2264.42,Delivered,Inter-City
SHP2080,ORD2080,WH007,VEH013,DRV044,RT020,2024-09-08,2024-09-15,2024-09-13,141.24,931.51,Delivered,Inter-City
SHP2081,ORD2081,WH004,VEH015,DRV004,RT001,2025-05-19,2025-05-20,2025-05-18,682.78,3507.78,Delivered,Inter-City
SHP2082,ORD2082,WH001,VEH001,DRV038,RT016,2024-03-08,2024-03-11,2024-03-09,53.31,241.24,Delivered,Local
SHP2083,ORD2083,WH004,VEH006,DRV014,RT010,2024-08-08,2024-08-15,2024-08-15,800.09,3550.26,Delivered,Inter-City
SHP2084,ORD2084,WH009,VEH016,DRV019,RT010,2025-12-13,2025-12-18,2025-12-16,528.5,1668.04,Delivered,Local
SHP2085,ORD2085,WH003,VEH008,DRV030,RT011,2025-09-06,2025-09-12,2025-09-12,841.53,4171.74,Delivered,Inter-City
SHP2086,ORD2086,WH003,VEH017,DRV021,RT018,2025-12-10,2025-12-12,2025-12-10,376.96,2892.53,Delivered,Inter-City
SHP2087,ORD2087,WH005,VEH012,DRV021,RT004,2024-08-04,2024-08-09,2024-08-09,894.69,6914.96,Delivered,Inter-City
SHP2088,ORD2088,WH001,VEH007,DRV020,RT017,2024-06-18,2024-06-25,2024-06-25,431.22,2266.48,Delivered,Inter-City
SHP2089,ORD2089,WH004,VEH018,DRV046,RT016,2024-07-19,2024-07-23,2024-07-28,841.98,2656.49,Delayed,Local
SHP2090,ORD2090,WH004,VEH018,DRV002,RT002,2024-09-21,2024-09-27,2024-09-27,414.14,1919.06,Delivered,Local
SHP2091,ORD2091,WH009,VEH010,DRV027,RT014,2024-10-07,2024-10-12,2024-10-11,739.36,5665.26,Delivered,Inter-City
SHP2092,ORD2092,WH005,VEH004,DRV026,RT008,2025-05-17,2025-05-24,2025-05-24,134.62,592.59,Delivered,Inter-City
SHP2093,ORD2093,WH002,VEH015,DRV022,RT012,2024-06-21,2024-06-26,2024-06-25,483.38,1074.99,Delivered,Inter-City
SHP2094,ORD2094,WH005,VEH012,DRV033,RT010,2024-01-05,2024-01-10,2024-01-10,115.35,767.94,Delivered,Local
SHP2095,ORD2095,WH005,VEH003,DRV024,RT015,2024-07-01,2024-07-06,2024-07-06,708.2,4439.02,Delivered,Inter-City
SHP2096,ORD2096,WH007,VEH003,DRV005,RT014,2025-07-05,2025-07-09,2025-07-09,106.47,459.98,Delivered,Local
SHP2097,ORD2097,WH001,VEH007,DRV025,RT003,2024-04-01,2024-04-06,2024-04-11,170.55,1107.06,Delayed,Inter-City
SHP2098,ORD2098,WH001,VEH011,DRV022,RT011,2025-12-27,2026-01-02,2026-01-01,382.19,1568.43,Delivered,Inter-City
SHP2099,ORD2099,WH005,VEH006,DRV048,RT013,2025-05-27,2025-05-29,2025-05-28,509.02,1798.33,Delivered,Inter-City
SHP2100,ORD2100,WH004,VEH016,DRV029,RT003,2024-09-30,2024-10-07,2024-10-07,202.41,1470.25,Delivered,Inter-City
SHP2101,ORD2101,WH005,VEH011,DRV018,RT011,2025-08-03,2025-08-06,2025-08-04,413.22,1877.65,Delivered,Local
SHP2102,ORD2102,WH001,VEH008,DRV001,RT003,2024-04-04,2024-04-09,2024-04-08,645.31,1823.65,Delivered,Inter-City
SHP2103,ORD2103,WH008,VEH005,DRV015,RT017,2025-01-20,2025-01-27,2025-01-25,474.22,1708.3,Delivered,Local
SHP2104,ORD2104,WH003,VEH004,DRV042,RT015,2024-07-31,2024-08-04,2024-08-02,235.6,990.91,Delivered,Inter-City
SHP2105,ORD2105,WH001,VEH019,DRV021,RT015,2024-01-22,2024-01-29,2024-01-27,197.71,430.27,Delivered,Inter-City
SHP2106,ORD2106,WH010,VEH019,DRV006,RT014,2025-11-30,2025-12-03,2025-12-03,37.98,101.82,In Transit,Local
SHP2107,ORD2107,WH004,VEH014,DRV045,RT009,2024-01-20,2024-01-22,2024-01-22,278.72,1439.91,Returned,Inter-City
SHP2108,ORD2108,WH005,VEH018,DRV018,RT007,2025-04-30,2025-05-07,2025-05-11,38.76,238.23,Delayed,Local
SHP2109,ORD2109,WH003,VEH016,DRV037,RT011,2025-12-30,2026-01-05,2026-01-03,338.71,2119.97,Delivered,Inter-City
SHP2110,ORD2110,WH005,VEH006,DRV039,RT012,2024-09-18,2024-09-21,2024-09-21,614.99,2658.72,Returned,Local
SHP2111,ORD2111,WH010,VEH011,DRV019,RT005,2024-03-27,2024-04-02,2024-03-31,478.6,2953.86,Delivered,Inter-City
SHP2112,ORD2112,WH006,VEH014,DRV009,RT016,2024-12-17,2024-12-19,2024-12-17,12.71,26.33,Delivered,Inter-City
SHP2113,ORD2113,WH007,VEH003,DRV042,RT015,2024-07-28,2024-07-31,2024-07-30,463.65,2769.65,Delivered,Inter-City
SHP2114,ORD2114,WH005,VEH011,DRV038,RT006,2024-08-27,2024-08-30,2024-08-28,121.96,543.43,Delivered,Inter-City
SHP2115,ORD2115,WH004,VEH018,DRV015,RT006,2025-03-08,2025-03-11,2025-03-09,516.82,2541.97,Delivered,Inter-City
SHP2116,ORD2116,WH002,VEH002,DRV004,RT003,2025-03-31,2025-04-01,2025-03-31,558.4,4286.09,Delivered,Inter-City
SHP2117,ORD2117,WH003,VEH020,DRV019,RT011,2025-04-04,2025-04-08,2025-04-08,738.98,2539.46,Delivered,Inter-City
SHP2118,ORD2118,WH005,VEH019,DRV020,RT018,2024-10-15,2024-10-16,2024-10-14,921.4,3437.3,Delivered,Inter-City
SHP2119,ORD2119,WH004,VEH011,DRV046,RT012,2024-06-02,2024-06-09,2024-06-07,205.98,675.53,Delivered,Local
SHP2120,ORD2120,WH003,VEH018,DRV031,RT012,2025-02-19,2025-02-25,2025-02-24,575.91,3068.89,Delivered,Local
SHP2121,ORD2121,WH004,VEH002,DRV009,RT014,2024-11-29,2024-12-03,2024-12-02,639.03,4922.78,Delivered,Inter-City
SHP2122,ORD2122,WH008,VEH004,DRV006,RT011,2025-06-14,2025-06-19,2025-06-19,884.11,5635.04,Delivered,Local
SHP2123,ORD2123,WH002,VEH017,DRV030,RT002,2025-11-22,2025-11-27,2025-11-25,281.21,2135.55,Delivered,Inter-City
SHP2124,ORD2124,WH001,VEH016,DRV047,RT019,2024-05-03,2024-05-04,2024-05-04,988.9,2685.42,In Transit,Inter-City
SHP2125,ORD2125,WH005,VEH013,DRV017,RT009,2025-01-25,2025-01-31,2025-01-29,86.32,226.02,Delivered,Inter-City
SHP2126,ORD2126,WH010,VEH017,DRV016,RT002,2025-08-13,2025-08-17,2025-08-16,801.24,2431.58,Delivered,Local
SHP2127,ORD2127,WH005,VEH016,DRV014,RT017,2025-07-13,2025-07-20,2025-07-18,766.57,5994.89,Delivered,Inter-City
SHP2128,ORD2128,WH003,VEH008,DRV032,RT016,2024-10-26,2024-10-31,2024-10-29,839.59,5346.55,Delivered,Inter-City
SHP2129,ORD2129,WH008,VEH001,DRV004,RT016,2025-07-27,2025-08-01,2025-08-01,634.36,2565.24,Delivered,Inter-City
SHP2130,ORD2130,WH003,VEH011,DRV007,RT006,2024-03-29,2024-04-05,2024-04-05,651.55,4316.76,Returned,Inter-City
SHP2131,ORD2131,WH001,VEH018,DRV011,RT006,2025-02-19,2025-02-23,2025-02-21,971.73,2295.63,Delivered,Inter-City
SHP2132,ORD2132,WH007,VEH013,DRV027,RT001,2024-05-31,2024-06-05,2024-06-04,363.78,2296.74,Delivered,Inter-City
SHP2133,ORD2133,WH004,VEH018,DRV014,RT019,2025-10-24,2025-10-27,2025-10-27,462.08,2060.51,Returned,Inter-City
SHP2134,ORD2134,WH007,VEH017,DRV009,RT004,2024-01-02,2024-01-09,2024-01-09,192.97,1535.68,Delivered,Inter-City
SHP2135,ORD2135,WH008,VEH001,DRV049,RT019,2024-01-22,2024-01-26,2024-01-26,811.69,3997.17,Delivered,Inter-City
SHP2136,ORD2136,WH001,VEH017,DRV041,RT017,2025-03-02,2025-03-08,2025-03-06,764.89,4978.49,Delivered,Inter-City
SHP2137,ORD2137,WH010,VEH008,DRV011,RT002,2025-05-25,2025-06-01,2025-05-30,39.95,310.95,Delivered,Local
SHP2138,ORD2138,WH009,VEH008,DRV018,RT017,2024-10-04,2024-10-09,2024-10-09,674.02,4144.81,Delivered,Inter-City
SHP2139,ORD2139,WH008,VEH010,DRV035,RT015,2025-02-23,2025-03-01,2025-03-01,617.61,2523.36,Delivered,Inter-City
SHP2140,ORD2140,WH008,VEH010,DRV044,RT009,2024-12-14,2024-12-18,2024-12-17,444.43,2027.68,Delivered,Inter-City
SHP2141,ORD2141,WH007,VEH012,DRV044,RT009,2024-04-01,2024-04-08,2024-04-06,512.28,2567.99,Delivered,Inter-City
SHP2142,ORD2142,WH008,VEH019,DRV018,RT016,2025-05-03,2025-05-08,2025-05-07,8.47,63.67,Delivered,Inter-City
SHP2143,ORD2143,WH001,VEH007,DRV020,RT011,2024-05-15,2024-05-22,2024-05-22,65.71,303.89,Delivered,Local
SHP2144,ORD2144,WH003,VEH013,DRV040,RT008,2024-02-29,2024-03-02,2024-03-04,845.93,3665.96,Delayed,Local
SHP2145,ORD2145,WH005,VEH012,DRV011,RT012,2025-03-29,2025-03-31,2025-03-31,15.06,112.39,Delivered,Inter-City
SHP2146,ORD2146,WH001,VEH015,DRV049,RT009,2024-02-10,2024-02-16,2024-02-20,230.96,581.85,Delayed,Inter-City
SHP2147,ORD2147,WH009,VEH011,DRV010,RT005,2024-10-05,2024-10-09,2024-10-08,745.91,3139.22,Delivered,Inter-City
SHP2148,ORD2148,WH003,VEH011,DRV046,RT018,2024-07-23,2024-07-27,2024-07-25,576.88,4557.74,Delivered,Inter-City
SHP2149,ORD2149,WH001,VEH012,DRV014,RT013,2025-02-21,2025-02-26,2025-02-28,198.15,981.91,Delayed,Inter-City
SHP2150,ORD2150,WH004,VEH007,DRV017,RT005,2024-06-02,2024-06-07,2024-06-06,698.67,2065.3,Delivered,Inter-City
SHP2151,ORD2151,WH009,VEH008,DRV030,RT005,2024-08-12,2024-08-16,2024-08-14,180.83,727.32,Delivered,Inter-City
SHP2152,ORD2152,WH010,VEH007,DRV007,RT002,2024-08-26,2024-09-02,2024-09-02,718.87,4994.21,Delivered,Inter-City
SHP2153,ORD2153,WH001,VEH001,DRV035,RT019,2024-11-15,2024-11-17,2024-11-19,254.73,1879.06,Delayed,Inter-City
SHP2154,ORD2154,WH004,VEH015,DRV001,RT009,2024-07-21,2024-07-23,2024-07-23,887.45,2822.02,Delivered,Inter-City
SHP2155,ORD2155,WH002,VEH018,DRV033,RT007,2025-06-30,2025-07-03,2025-07-02,401.63,2649.26,Delivered,Local
SHP2156,ORD2156,WH002,VEH005,DRV024,RT016,2025-07-14,2025-07-20,2025-07-21,273.04,905.05,Delayed,Inter-City
SHP2157,ORD2157,WH002,VEH019,DRV034,RT012,2025-12-04,2025-12-10,2025-12-10,118.1,909.0,In Transit,Inter-City
SHP2158,ORD2158,WH010,VEH013,DRV035,RT001,2025-10-30,2025-11-05,2025-11-04,299.31,2114.6,Delivered,Local
SHP2159,ORD2159,WH006,VEH010,DRV020,RT005,2024-04-08,2024-04-11,2024-04-10,667.36,3494.48,Delivered,Local
SHP2160,ORD2160,WH004,VEH015,DRV040,RT006,2025-03-21,2025-03-24,2025-03-24,34.97,113.22,In Transit,Local
SHP2161,ORD2161,WH003,VEH015,DRV013,RT020,2025-03-14,2025-03-19,2025-03-17,365.85,1179.89,Delivered,Inter-City
SHP2162,ORD2162,WH003,VEH017,DRV036,RT007,2025-10-12,2025-10-19,2025-10-17,42.83,240.68,Delivered,Local
SHP2163,ORD2163,WH010,VEH020,DRV030,RT017,2024-08-10,2024-08-16,2024-08-16,84.9,359.45,Delivered,Local
SHP2164,ORD2164,WH004,VEH006,DRV007,RT020,2025-06-06,2025-06-09,2025-06-07,825.15,3732.68,Delivered,Inter-City
SHP2165,ORD2165,WH006,VEH012,DRV050,RT003,2025-11-28,2025-12-04,2025-12-02,34.7,138.44,Delivered,Inter-City
SHP2166,ORD2166,WH007,VEH014,DRV028,RT017,2025-02-18,2025-02-24,2025-02-22,768.58,3396.84,Delivered,Inter-City
SHP2167,ORD2167,WH008,VEH008,DRV020,RT016,2025-03-03,2025-03-07,2025-03-07,871.48,6076.86,Delivered,Inter-City
SHP2168,ORD2168,WH010,VEH018,DRV028,RT008,2024-05-25,2024-05-30,2024-05-28,361.58,2058.77,Delivered,Inter-City
SHP2169,ORD2169,WH001,VEH008,DRV034,RT011,2024-07-08,2024-07-11,2024-07-13,857.23,3674.78,Delayed,Inter-City
SHP2170,ORD2170,WH003,VEH004,DRV021,RT012,2025-08-02,2025-08-09,2025-08-08,245.8,1490.05,Delivered,Local
SHP2171,ORD2171,WH005,VEH007,DRV037,RT014,2024-08-21,2024-08-26,2024-08-24,260.89,1049.01,Delivered,Local
SHP2172,ORD2172,WH010,VEH010,DRV001,RT007,2025-07-23,2025-07-28,2025-07-31,323.78,2093.11,Delayed,Inter-City
SHP2173,ORD2173,WH007,VEH012,DRV028,RT012,2024-07-22,2024-07-23,2024-07-22,62.92,311.05,Delivered,Local
SHP2174,ORD2174,WH001,VEH002,DRV010,RT003,2024-01-17,2024-01-23,2024-01-23,737.62,5657.14,Delivered,Inter-City
SHP2175,ORD2175,WH004,VEH013,DRV043,RT013,2024-08-14,2024-08-20,2024-08-22,354.17,1538.21,Delayed,Local
SHP2176,ORD2176,WH008,VEH007,DRV047,RT006,2024-06-23,2024-06-29,2024-06-29,288.66,1451.95,Delivered,Inter-City
SHP2177,ORD2177,WH005,VEH019,DRV014,RT020,2024-03-07,2024-03-11,2024-03-09,394.48,2675.24,Delivered,Inter-City
SHP2178,ORD2178,WH010,VEH004,DRV003,RT020,2024-01-11,2024-01-14,2024-01-14,550.97,2526.06,In Transit,Inter-City
SHP2179,ORD2179,WH001,VEH015,DRV014,RT005,2025-02-27,2025-03-02,2025-03-05,924.35,4329.33,Delayed,Local
SHP2180,ORD2180,WH009,VEH019,DRV041,RT007,2025-11-11,2025-11-15,2025-11-13,360.62,1506.82,Delivered,Local
SHP2181,ORD2181,WH005,VEH003,DRV031,RT014,2024-02-29,2024-03-07,2024-03-05,672.54,3764.09,Delivered,Inter-City
SHP2182,ORD2182,WH008,VEH004,DRV027,RT010,2025-12-25,2025-12-31,2025-12-29,368.92,2839.77,Delivered,Inter-City
SHP2183,ORD2183,WH002,VEH001,DRV019,RT012,2025-05-17,2025-05-24,2025-05-24,717.19,3235.1,Delivered,Inter-City
SHP2184,ORD2184,WH010,VEH010,DRV017,RT016,2024-08-06,2024-08-12,2024-08-12,541.86,3580.98,Delivered,Local
SHP2185,ORD2185,WH001,VEH011,DRV009,RT017,2025-08-09,2025-08-10,2025-08-08,335.1,1548.32,Delivered,Inter-City
SHP2186,ORD2186,WH002,VEH018,DRV013,RT015,2025-07-09,2025-07-16,2025-07-15,741.45,3451.64,Delivered,Inter-City
SHP2187,ORD2187,WH010,VEH017,DRV049,RT018,2025-05-29,2025-05-31,2025-05-30,277.07,1909.49,Delivered,Inter-City
SHP2188,ORD2188,WH006,VEH002,DRV039,RT013,2025-06-04,2025-06-07,2025-06-05,218.25,489.64,Delivered,Local
SHP2189,ORD2189,WH003,VEH011,DRV004,RT005,2024-09-02,2024-09-03,2024-09-01,861.27,5055.26,Delivered,Inter-City
SHP2190,ORD2190,WH007,VEH009,DRV026,RT020,2025-10-17,2025-10-19,2025-10-22,930.69,3526.4,Delayed,Inter-City
SHP2191,ORD2191,WH004,VEH012,DRV017,RT017,2025-02-19,2025-02-24,2025-02-27,180.92,483.52,Delayed,Local
SHP2192,ORD2192,WH002,VEH012,DRV025,RT002,2024-08-28,2024-09-02,2024-09-01,68.18,349.54,Delivered,Local
SHP2193,ORD2193,WH001,VEH007,DRV022,RT010,2025-03-05,2025-03-10,2025-03-09,384.85,771.3,Delivered,Local
SHP2194,ORD2194,WH005,VEH019,DRV004,RT007,2025-05-03,2025-05-07,2025-05-06,444.09,2112.68,Delivered,Inter-City
SHP2195,ORD2195,WH010,VEH004,DRV043,RT003,2025-03-12,2025-03-13,2025-03-15,181.53,1248.01,Delayed,Inter-City
SHP2196,ORD2196,WH001,VEH008,DRV047,RT019,2025-11-27,2025-12-01,2025-12-01,700.26,5513.99,In Transit,Local
SHP2197,ORD2197,WH009,VEH014,DRV046,RT017,2025-12-29,2026-01-04,2026-01-04,640.28,4749.37,Delivered,Inter-City
SHP2198,ORD2198,WH001,VEH002,DRV020,RT004,2024-11-17,2024-11-22,2024-11-20,225.5,744.16,Delivered,Local
SHP2199,ORD2199,WH003,VEH018,DRV027,RT013,2024-01-02,2024-01-03,2024-01-03,518.05,2017.25,Delivered,Local
SHP2200,ORD2200,WH001,VEH001,DRV011,RT019,2024-12-12,2024-12-19,2024-12-18,197.06,1007.36,Delivered,Inter-City
SHP2201,ORD2201,WH002,VEH001,DRV005,RT006,2024-10-28,2024-11-04,2024-11-03,856.87,2200.49,Delivered,Inter-City
SHP2202,ORD2202,WH009,VEH003,DRV024,RT018,2024-02-26,2024-03-01,2024-02-28,914.76,6266.58,Delivered,Local
SHP2203,ORD2203,WH010,VEH010,DRV039,RT019,2025-08-15,2025-08-16,2025-08-16,913.78,5256.82,Delivered,Inter-City
SHP2204,ORD2204,WH006,VEH002,DRV023,RT011,2024-05-03,2024-05-08,2024-05-08,673.48,4335.98,Delivered,Inter-City
SHP2205,ORD2205,WH010,VEH008,DRV037,RT014,2025-06-29,2025-07-03,2025-07-03,504.16,3413.02,Delivered,Local
SHP2206,ORD2206,WH008,VEH003,DRV031,RT001,2025-07-03,2025-07-04,2025-07-02,314.63,2418.73,Delivered,Inter-City
SHP2207,ORD2207,WH010,VEH007,DRV046,RT006,2025-07-25,2025-07-31,2025-07-30,22.19,166.66,Delivered,Inter-City
SHP2208,ORD2208,WH002,VEH020,DRV028,RT003,2024-06-06,2024-06-11,2024-06-11,211.5,601.29,Delivered,Inter-City
SHP2209,ORD2209,WH004,VEH009,DRV037,RT012,2024-06-16,2024-06-18,2024-06-18,564.72,4321.28,Delivered,Local
SHP2210,ORD2210,WH005,VEH002,DRV043,RT002,2024-08-06,2024-08-10,2024-08-08,77.68,588.31,Delivered,Local
SHP2211,ORD2211,WH008,VEH012,DRV034,RT018,2024-12-23,2024-12-27,2024-12-27,717.77,2533.24,Delivered,Inter-City
SHP2212,ORD2212,WH001,VEH013,DRV026,RT004,2024-03-10,2024-03-16,2024-03-16,918.55,7057.73,Returned,Local
SHP2213,ORD2213,WH003,VEH014,DRV048,RT005,2024-02-03,2024-02-09,2024-02-09,917.27,7308.87,Delivered,Local
SHP2214,ORD2214,WH010,VEH012,DRV005,RT014,2024-11-21,2024-11-25,2024-11-23,97.84,260.35,Delivered,Inter-City
SHP2215,ORD2215,WH009,VEH014,DRV004,RT003,2025-07-09,2025-07-10,2025-07-10,899.72,5401.34,Returned,Inter-City
SHP2216,ORD2216,WH003,VEH008,DRV044,RT020,2025-09-15,2025-09-17,2025-09-17,63.99,252.59,Delivered,Inter-City
SHP2217,ORD2217,WH010,VEH017,DRV050,RT016,2025-08-17,2025-08-23,2025-08-23,64.27,432.42,Delivered,Inter-City
SHP2218,ORD2218,WH004,VEH004,DRV019,RT011,2025-09-06,2025-09-10,2025-09-15,659.81,3318.43,Delayed,Inter-City
SHP2219,ORD2219,WH010,VEH004,DRV002,RT019,2025-12-21,2025-12-25,2025-12-23,112.2,737.92,Delivered,Local
SHP2220,ORD2220,WH009,VEH002,DRV019,RT012,2024-02-01,2024-02-04,2024-02-04,93.61,266.4,Delivered,Inter-City
SHP2221,ORD2221,WH001,VEH007,DRV028,RT001,2025-06-15,2025-06-16,2025-06-15,787.09,5238.75,Delivered,Inter-City
SHP2222,ORD2222,WH009,VEH001,DRV017,RT009,2025-02-20,2025-02-27,2025-02-27,877.06,5445.5,Delivered,Inter-City
SHP2223,ORD2223,WH010,VEH016,DRV007,RT009,2024-02-09,2024-02-16,2024-02-14,841.58,3062.55,Delivered,Inter-City
SHP2224,ORD2224,WH010,VEH011,DRV017,RT009,2025-08-02,2025-08-05,2025-08-06,821.13,1699.19,Delayed,Inter-City
SHP2225,ORD2225,WH006,VEH017,DRV003,RT014,2024-05-14,2024-05-20,2024-05-19,265.96,1167.63,Delivered,Local
SHP2226,ORD2226,WH010,VEH018,DRV015,RT020,2025-10-14,2025-10-19,2025-10-18,573.64,1287.09,Delivered,Inter-City
SHP2227,ORD2227,WH005,VEH005,DRV039,RT009,2024-03-21,2024-03-24,2024-03-24,666.83,3966.01,Delivered,Inter-City
SHP2228,ORD2228,WH005,VEH020,DRV023,RT015,2025-10-28,2025-11-01,2025-10-31,183.25,1298.85,Delivered,Inter-City
SHP2229,ORD2229,WH009,VEH010,DRV030,RT013,2025-02-03,2025-02-08,2025-02-08,878.75,6009.36,Delivered,Inter-City
SHP2230,ORD2230,WH004,VEH002,DRV007,RT013,2024-10-19,2024-10-23,2024-10-23,526.81,3045.01,Delivered,Inter-City
SHP2231,ORD2231,WH002,VEH016,DRV019,RT013,2025-06-15,2025-06-18,2025-06-23,907.1,2547.59,Delayed,Inter-City
SHP2232,ORD2232,WH007,VEH005,DRV039,RT015,2025-02-01,2025-02-02,2025-02-02,125.35,544.19,In Transit,Inter-City
SHP2233,ORD2233,WH003,VEH018,DRV026,RT014,2024-01-09,2024-01-16,2024-01-16,311.9,1600.85,Delivered,Local
SHP2234,ORD2234,WH005,VEH013,DRV036,RT020,2025-10-08,2025-10-15,2025-10-13,416.0,2455.57,Delivered,Local
SHP2235,ORD2235,WH002,VEH013,DRV024,RT013,2024-06-10,2024-06-17,2024-06-16,747.28,5177.99,Delivered,Local
SHP2236,ORD2236,WH005,VEH002,DRV011,RT003,2025-01-07,2025-01-14,2025-01-13,952.09,3082.57,Delivered,Local
SHP2237,ORD2237,WH003,VEH011,DRV010,RT009,2024-07-02,2024-07-04,2024-07-04,343.5,1390.98,In Transit,Local
SHP2238,ORD2238,WH007,VEH002,DRV001,RT017,2024-11-24,2024-11-30,2024-11-28,838.5,3231.07,Delivered,Local
SHP2239,ORD2239,WH007,VEH003,DRV029,RT006,2024-04-20,2024-04-23,2024-04-23,956.01,2236.48,In Transit,Inter-City
SHP2240,ORD2240,WH003,VEH001,DRV041,RT012,2024-08-21,2024-08-24,2024-08-24,768.7,2406.42,Delivered,Inter-City
SHP2241,ORD2241,WH002,VEH017,DRV018,RT012,2025-02-27,2025-02-28,2025-02-27,614.56,4287.13,Delivered,Inter-City
SHP2242,ORD2242,WH004,VEH010,DRV043,RT005,2024-09-05,2024-09-07,2024-09-09,726.97,4555.66,Delayed,Inter-City
SHP2243,ORD2243,WH001,VEH020,DRV006,RT005,2025-08-15,2025-08-18,2025-08-17,889.66,2986.88,Delivered,Inter-City
SHP2244,ORD2244,WH002,VEH009,DRV045,RT003,2024-10-14,2024-10-21,2024-10-22,808.41,4227.57,Delayed,Local
SHP2245,ORD2245,WH008,VEH017,DRV015,RT009,2025-12-12,2025-12-19,2025-12-19,682.51,3966.1,Delivered,Local
SHP2246,ORD2246,WH008,VEH019,DRV049,RT018,2024-06-03,2024-06-09,2024-06-09,874.5,1985.81,In Transit,Local
SHP2247,ORD2247,WH003,VEH004,DRV008,RT014,2025-06-27,2025-06-29,2025-06-29,97.27,481.73,Delivered,Inter-City
SHP2248,ORD2248,WH010,VEH017,DRV006,RT017,2024-04-21,2024-04-27,2024-04-27,960.31,6553.26,Delivered,Inter-City
SHP2249,ORD2249,WH010,VEH013,DRV010,RT010,2024-06-15,2024-06-19,2024-06-18,993.41,5082.2,Delivered,Local
SHP2250,ORD2250,WH010,VEH014,DRV014,RT011,2025-01-05,2025-01-10,2025-01-09,454.4,1678.3,Delivered,Inter-City
SHP2251,ORD2251,WH006,VEH005,DRV027,RT007,2025-12-20,2025-12-23,2025-12-28,525.07,2729.9,Delayed,Inter-City
SHP2252,ORD2252,WH004,VEH016,DRV041,RT005,2024-11-18,2024-11-21,2024-11-21,298.95,930.95,In Transit,Inter-City
SHP2253,ORD2253,WH006,VEH007,DRV021,RT004,2024-03-10,2024-03-14,2024-03-12,681.17,4457.14,Delivered,Inter-City
SHP2254,ORD2254,WH009,VEH001,DRV022,RT002,2024-09-12,2024-09-15,2024-09-14,368.7,1963.0,Delivered,Inter-City
SHP2255,ORD2255,WH009,VEH006,DRV033,RT016,2024-06-11,2024-06-12,2024-06-11,444.17,2148.4,Delivered,Inter-City
SHP2256,ORD2256,WH007,VEH013,DRV046,RT002,2025-06-29,2025-07-01,2025-06-29,548.25,2725.28,Delivered,Local
SHP2257,ORD2257,WH006,VEH017,DRV029,RT003,2025-11-12,2025-11-14,2025-11-14,627.64,2435.52,Delivered,Local
SHP2258,ORD2258,WH002,VEH007,DRV046,RT013,2025-07-22,2025-07-25,2025-07-23,193.63,818.77,Delivered,Inter-City
SHP2259,ORD2259,WH003,VEH013,DRV009,RT004,2025-11-03,2025-11-09,2025-11-09,483.36,1823.82,Delivered,Inter-City
SHP2260,ORD2260,WH002,VEH009,DRV017,RT008,2024-01-04,2024-01-10,2024-01-10,20.15,87.17,Delivered,Inter-City
SHP2261,ORD2261,WH005,VEH010,DRV023,RT005,2025-08-28,2025-09-04,2025-09-04,867.93,3724.9,In Transit,Inter-City
SHP2262,ORD2262,WH005,VEH012,DRV046,RT015,2024-11-15,2024-11-18,2024-11-18,217.47,1211.52,Delivered,Inter-City
SHP2263,ORD2263,WH010,VEH016,DRV007,RT004,2025-11-30,2025-12-07,2025-12-07,365.61,1229.36,Returned,Local
SHP2264,ORD2264,WH004,VEH009,DRV038,RT015,2024-06-17,2024-06-22,2024-06-21,842.79,4049.12,Delivered,Inter-City
SHP2265,ORD2265,WH002,VEH001,DRV049,RT002,2024-07-29,2024-08-05,2024-08-03,306.03,1152.8,Delivered,Inter-City
SHP2266,ORD2266,WH010,VEH020,DRV032,RT012,2025-12-29,2026-01-03,2026-01-01,359.17,1906.94,Delivered,Inter-City
SHP2267,ORD2267,WH007,VEH003,DRV047,RT017,2025-06-20,2025-06-25,2025-06-25,838.68,4073.45,Delivered,Inter-City
SHP2268,ORD2268,WH007,VEH002,DRV046,RT005,2024-04-28,2024-05-01,2024-04-29,592.81,2960.99,Delivered,Inter-City
SHP2269,ORD2269,WH005,VEH007,DRV030,RT014,2024-08-12,2024-08-17,2024-08-17,493.59,1841.48,Delivered,Inter-City
SHP2270,ORD2270,WH001,VEH007,DRV014,RT004,2024-06-13,2024-06-15,2024-06-15,232.97,1307.54,Delivered,Local
SHP2271,ORD2271,WH005,VEH018,DRV003,RT015,2024-01-15,2024-01-18,2024-01-17,210.71,570.17,Delivered,Local
SHP2272,ORD2272,WH005,VEH017,DRV014,RT013,2025-07-22,2025-07-26,2025-07-25,462.53,2931.67,Delivered,Inter-City
SHP2273,ORD2273,WH008,VEH009,DRV001,RT015,2024-01-19,2024-01-21,2024-01-25,388.07,2777.72,Delayed,Inter-City
SHP2274,ORD2274,WH006,VEH013,DRV001,RT001,2025-11-19,2025-11-23,2025-11-22,962.54,2729.28,Delivered,Inter-City
SHP2275,ORD2275,WH009,VEH005,DRV008,RT006,2025-12-04,2025-12-10,2025-12-08,131.42,720.99,Delivered,Local
SHP2276,ORD2276,WH004,VEH017,DRV027,RT018,2024-06-17,2024-06-21,2024-06-21,557.82,1991.16,Returned,Inter-City
SHP2277,ORD2277,WH008,VEH005,DRV028,RT009,2025-12-26,2026-01-02,2026-01-02,219.42,710.03,Returned,Inter-City
SHP2278,ORD2278,WH001,VEH010,DRV047,RT012,2025-10-21,2025-10-26,2025-10-25,572.07,3417.29,Delivered,Local
SHP2279,ORD2279,WH001,VEH013,DRV026,RT013,2024-02-03,2024-02-06,2024-02-04,355.55,1205.2,Delivered,Inter-City
SHP2280,ORD2280,WH003,VEH007,DRV017,RT009,2024-07-29,2024-08-01,2024-07-30,812.32,2975.29,Delivered,Local
SHP2281,ORD2281,WH009,VEH003,DRV008,RT017,2025-11-04,2025-11-07,2025-11-06,354.73,1037.27,Delivered,Local
SHP2282,ORD2282,WH005,VEH006,DRV008,RT001,2025-02-02,2025-02-08,2025-02-08,470.34,2865.9,Delivered,Inter-City
SHP2283,ORD2283,WH008,VEH001,DRV020,RT018,2025-12-28,2026-01-03,2026-01-03,790.34,2777.67,Delivered,Local
SHP2284,ORD2284,WH009,VEH004,DRV006,RT014,2024-12-12,2024-12-17,2024-12-16,926.09,5953.53,Delivered,Inter-City
SHP2285,ORD2285,WH009,VEH012,DRV037,RT009,2024-06-19,2024-06-20,2024-06-18,250.51,1363.49,Delivered,Inter-City
SHP2286,ORD2286,WH004,VEH004,DRV014,RT014,2024-07-17,2024-07-23,2024-07-22,339.77,1691.81,Delivered,Local
SHP2287,ORD2287,WH008,VEH013,DRV030,RT014,2025-06-16,2025-06-20,2025-06-24,490.68,2653.47,Delayed,Inter-City
SHP2288,ORD2288,WH006,VEH018,DRV028,RT003,2024-08-01,2024-08-08,2024-08-07,93.85,332.33,Delivered,Inter-City
SHP2289,ORD2289,WH010,VEH003,DRV038,RT012,2024-08-13,2024-08-20,2024-08-18,28.37,149.97,Delivered,Inter-City
SHP2290,ORD2290,WH009,VEH010,DRV012,RT014,2025-05-18,2025-05-25,2025-05-25,196.03,1106.95,Delivered,Inter-City
SHP2291,ORD2291,WH001,VEH016,DRV026,RT004,2025-01-07,2025-01-14,2025-01-14,32.43,83.15,Returned,Local
SHP2292,ORD2292,WH002,VEH008,DRV040,RT004,2024-12-08,2024-12-11,2024-12-09,967.18,3720.65,Delivered,Inter-City
SHP2293,ORD2293,WH003,VEH007,DRV027,RT009,2025-05-26,2025-05-31,2025-05-31,759.35,2710.34,Delivered,Local
SHP2294,ORD2294,WH010,VEH020,DRV001,RT003,2024-01-03,2024-01-10,2024-01-08,526.95,2298.91,Delivered,Inter-City
SHP2295,ORD2295,WH007,VEH009,DRV030,RT020,2024-01-19,2024-01-22,2024-01-20,980.87,5838.18,Delivered,Inter-City
SHP2296,ORD2296,WH010,VEH003,DRV022,RT016,2024-08-17,2024-08-22,2024-08-20,922.53,3956.29,Delivered,Inter-City
SHP2297,ORD2297,WH010,VEH019,DRV025,RT015,2025-11-13,2025-11-15,2025-11-15,390.17,1205.25,In Transit,Inter-City
SHP2298,ORD2298,WH001,VEH019,DRV044,RT013,2024-05-01,2024-05-02,2024-05-02,762.87,3622.42,Delivered,Inter-City
SHP2299,ORD2299,WH007,VEH010,DRV015,RT006,2024-02-28,2024-03-02,2024-02-29,799.45,4321.57,Delivered,Inter-City
SHP2300,ORD2300,WH008,VEH006,DRV018,RT012,2025-09-27,2025-10-01,2025-10-02,666.25,4342.3,Delayed,Inter-City
SHP2301,ORD2301,WH006,VEH012,DRV044,RT015,2025-09-24,2025-09-26,2025-09-28,769.38,3795.63,Delayed,Local
SHP2302,ORD2302,WH001,VEH004,DRV008,RT011,2024-11-11,2024-11-17,2024-11-15,100.4,782.15,Delivered,Local
SHP2303,ORD2303,WH008,VEH007,DRV041,RT006,2025-02-27,2025-02-28,2025-02-26,426.89,1725.49,Delivered,Inter-City
SHP2304,ORD2304,WH009,VEH018,DRV045,RT018,2025-10-18,2025-10-24,2025-10-22,423.0,1005.48,Delivered,Local
SHP2305,ORD2305,WH009,VEH011,DRV044,RT020,2025-04-30,2025-05-02,2025-05-02,942.06,4715.69,In Transit,Inter-City
SHP2306,ORD2306,WH008,VEH019,DRV019,RT007,2025-12-14,2025-12-16,2025-12-15,277.44,2025.94,Delivered,Inter-City
SHP2307,ORD2307,WH001,VEH006,DRV025,RT007,2024-06-02,2024-06-06,2024-06-05,840.46,4998.31,Delivered,Inter-City
SHP2308,ORD2308,WH006,VEH020,DRV026,RT009,2024-12-08,2024-12-13,2024-12-13,447.23,2883.96,In Transit,Local
SHP2309,ORD2309,WH007,VEH020,DRV017,RT019,2025-10-10,2025-10-13,2025-10-12,745.86,3052.97,Delivered,Inter-City
SHP2310,ORD2310,WH004,VEH009,DRV029,RT009,2024-11-23,2024-11-29,2024-11-29,718.32,1995.67,Delivered,Inter-City
SHP2311,ORD2311,WH001,VEH012,DRV016,RT015,2025-05-22,2025-05-24,2025-05-22,649.22,3476.54,Delivered,Local
SHP2312,ORD2312,WH005,VEH017,DRV040,RT013,2024-11-18,2024-11-20,2024-11-18,625.62,2500.35,Delivered,Local
SHP2313,ORD2313,WH001,VEH008,DRV029,RT012,2024-10-13,2024-10-18,2024-10-18,773.99,3786.54,Delivered,Local
SHP2314,ORD2314,WH001,VEH012,DRV015,RT018,2024-08-09,2024-08-11,2024-08-09,536.01,4046.6,Delivered,Inter-City
SHP2315,ORD2315,WH010,VEH007,DRV012,RT020,2024-05-03,2024-05-05,2024-05-04,602.83,2301.4,Delivered,Inter-City
SHP2316,ORD2316,WH009,VEH002,DRV045,RT009,2024-01-30,2024-02-03,2024-02-03,461.31,1075.86,Delivered,Inter-City
SHP2317,ORD2317,WH005,VEH003,DRV023,RT001,2025-01-30,2025-02-01,2025-02-01,811.74,5064.56,Delivered,Inter-City
SHP2318,ORD2318,WH001,VEH011,DRV007,RT002,2024-05-24,2024-05-28,2024-05-27,518.94,3744.72,Delivered,Inter-City
SHP2319,ORD2319,WH008,VEH019,DRV028,RT007,2024-07-25,2024-07-28,2024-08-01,469.94,2766.21,Delayed,Inter-City
SHP2320,ORD2320,WH005,VEH013,DRV028,RT002,2024-09-10,2024-09-12,2024-09-12,903.91,2873.89,Delivered,Local
SHP2321,ORD2321,WH010,VEH020,DRV031,RT009,2024-04-24,2024-04-27,2024-04-25,150.9,350.41,Delivered,Inter-City
SHP2322,ORD2322,WH010,VEH010,DRV005,RT002,2024-03-31,2024-04-01,2024-04-01,630.14,2909.52,Delivered,Inter-City
SHP2323,ORD2323,WH008,VEH018,DRV008,RT020,2024-12-01,2024-12-02,2024-12-01,302.53,1544.87,Delivered,Inter-City
SHP2324,ORD2324,WH010,VEH015,DRV031,RT019,2025-10-11,2025-10-15,2025-10-15,520.78,4153.26,Delivered,Inter-City
SHP2325,ORD2325,WH001,VEH014,DRV006,RT009,2024-09-14,2024-09-16,2024-09-15,449.95,2669.02,Delivered,Local
SHP2326,ORD2326,WH005,VEH016,DRV034,RT019,2024-08-03,2024-08-10,2024-08-09,27.81,190.54,Delivered,Local
SHP2327,ORD2327,WH006,VEH006,DRV027,RT002,2024-07-09,2024-07-16,2024-07-15,33.85,149.65,Delivered,Inter-City
SHP2328,ORD2328,WH009,VEH016,DRV022,RT014,2025-04-26,2025-04-27,2025-04-26,89.77,635.29,Delivered,Local
SHP2329,ORD2329,WH009,VEH004,DRV011,RT020,2024-07-05,2024-07-07,2024-07-05,402.13,1033.12,Delivered,Local
SHP2330,ORD2330,WH004,VEH019,DRV008,RT005,2024-07-11,2024-07-15,2024-07-14,257.29,1438.08,Delivered,Inter-City
SHP2331,ORD2331,WH010,VEH017,DRV020,RT004,2025-12-17,2025-12-23,2025-12-23,966.2,7203.37,Returned,Inter-City
SHP2332,ORD2332,WH004,VEH016,DRV027,RT017,2025-04-01,2025-04-02,2025-04-01,917.08,4613.05,Delivered,Inter-City
SHP2333,ORD2333,WH001,VEH016,DRV038,RT003,2024-02-15,2024-02-21,2024-02-21,803.63,3557.49,In Transit,Inter-City
SHP2334,ORD2334,WH006,VEH004,DRV002,RT014,2024-09-30,2024-10-01,2024-09-30,40.63,192.2,Delivered,Inter-City
SHP2335,ORD2335,WH004,VEH018,DRV044,RT010,2025-03-27,2025-04-01,2025-03-30,272.56,2129.76,Delivered,Local
SHP2336,ORD2336,WH001,VEH008,DRV017,RT017,2024-12-25,2024-12-29,2024-12-29,435.7,3135.48,Delivered,Inter-City
SHP2337,ORD2337,WH005,VEH001,DRV019,RT009,2025-09-27,2025-09-29,2025-09-29,481.81,2449.73,Returned,Local
SHP2338,ORD2338,WH010,VEH001,DRV013,RT004,2025-04-07,2025-04-12,2025-04-10,248.63,1486.64,Delivered,Inter-City
SHP2339,ORD2339,WH007,VEH009,DRV016,RT003,2025-03-14,2025-03-18,2025-03-16,521.66,3378.62,Delivered,Inter-City
SHP2340,ORD2340,WH009,VEH009,DRV017,RT009,2024-02-12,2024-02-17,2024-02-15,660.69,4893.07,Delivered,Local
SHP2341,ORD2341,WH010,VEH007,DRV002,RT007,2024-07-09,2024-07-15,2024-07-15,463.86,3397.68,Delivered,Inter-City
SHP2342,ORD2342,WH007,VEH001,DRV046,RT011,2024-06-07,2024-06-11,2024-06-16,626.87,1457.17,Delayed,Inter-City
SHP2343,ORD2343,WH006,VEH006,DRV014,RT002,2024-05-13,2024-05-18,2024-05-16,660.1,2913.17,Delivered,Inter-City
SHP2344,ORD2344,WH004,VEH008,DRV002,RT020,2024-06-18,2024-06-20,2024-06-19,850.44,3739.64,Delivered,Inter-City
SHP2345,ORD2345,WH005,VEH001,DRV016,RT001,2025-03-26,2025-03-31,2025-04-05,121.75,501.53,Delayed,Local
SHP2346,ORD2346,WH001,VEH006,DRV044,RT015,2024-08-01,2024-08-03,2024-08-03,121.89,877.4,Delivered,Local
SHP2347,ORD2347,WH010,VEH012,DRV014,RT003,2025-07-25,2025-07-28,2025-07-28,26.88,74.41,Delivered,Inter-City
SHP2348,ORD2348,WH002,VEH018,DRV009,RT002,2025-12-10,2025-12-17,2025-12-16,933.61,2574.79,Delivered,Inter-City
SHP2349,ORD2349,WH001,VEH010,DRV034,RT004,2025-12-10,2025-12-11,2025-12-09,241.33,1883.88,Delivered,Inter-City
SHP2350,ORD2350,WH006,VEH010,DRV034,RT010,2025-12-26,2025-12-30,2025-12-30,221.43,1128.68,Returned,Local
SHP2351,ORD2351,WH008,VEH016,DRV039,RT015,2024-07-28,2024-08-02,2024-07-31,941.47,2732.3,Delivered,Local
SHP2352,ORD2352,WH006,VEH011,DRV016,RT017,2024-04-17,2024-04-20,2024-04-20,538.11,2645.41,Delivered,Inter-City
SHP2353,ORD2353,WH004,VEH017,DRV009,RT014,2024-10-08,2024-10-15,2024-10-15,135.85,561.09,In Transit,Local
SHP2354,ORD2354,WH002,VEH017,DRV022,RT006,2025-01-06,2025-01-09,2025-01-07,469.7,2119.67,Delivered,Inter-City
SHP2355,ORD2355,WH009,VEH017,DRV043,RT003,2024-12-10,2024-12-13,2024-12-18,45.81,106.36,Delayed,Local
SHP2356,ORD2356,WH009,VEH004,DRV037,RT014,2025-09-27,2025-09-30,2025-09-29,265.49,1330.33,Delivered,Inter-City
SHP2357,ORD2357,WH007,VEH004,DRV044,RT011,2024-01-16,2024-01-23,2024-01-21,763.4,3874.25,Delivered,Inter-City
SHP2358,ORD2358,WH005,VEH019,DRV048,RT004,2025-12-31,2026-01-07,2026-01-10,738.41,3738.22,Delayed,Local
SHP2359,ORD2359,WH003,VEH009,DRV019,RT014,2025-12-29,2026-01-01,2026-01-01,241.14,963.26,Delivered,Inter-City
SHP2360,ORD2360,WH008,VEH014,DRV039,RT012,2024-12-20,2024-12-27,2024-12-26,603.33,4102.37,Delivered,Inter-City
SHP2361,ORD2361,WH004,VEH012,DRV022,RT017,2025-06-07,2025-06-08,2025-06-08,510.25,3199.69,Delivered,Inter-City
SHP2362,ORD2362,WH003,VEH015,DRV029,RT011,2024-11-03,2024-11-07,2024-11-07,768.8,3622.71,Returned,Local
SHP2363,ORD2363,WH008,VEH016,DRV018,RT012,2025-08-11,2025-08-18,2025-08-18,184.02,681.47,In Transit,Inter-City
SHP2364,ORD2364,WH002,VEH005,DRV014,RT017,2025-04-03,2025-04-05,2025-04-04,737.98,5072.43,Delivered,Inter-City
SHP2365,ORD2365,WH004,VEH016,DRV039,RT016,2025-09-22,2025-09-23,2025-09-23,495.99,3106.97,Delivered,Inter-City
SHP2366,ORD2366,WH006,VEH012,DRV039,RT010,2025-07-14,2025-07-21,2025-07-20,571.34,3669.87,Delivered,Inter-City
SHP2367,ORD2367,WH008,VEH009,DRV047,RT004,2025-03-22,2025-03-26,2025-03-26,136.91,830.56,In Transit,Inter-City
SHP2368,ORD2368,WH006,VEH014,DRV043,RT016,2024-04-30,2024-05-02,2024-05-01,367.19,1221.27,Delivered,Local
SHP2369,ORD2369,WH001,VEH006,DRV050,RT015,2025-03-17,2025-03-21,2025-03-20,625.94,4223.47,Delivered,Local
SHP2370,ORD2370,WH007,VEH010,DRV008,RT005,2024-06-05,2024-06-09,2024-06-09,681.14,2985.98,Delivered,Local
SHP2371,ORD2371,WH004,VEH003,DRV019,RT012,2024-04-25,2024-05-01,2024-04-29,205.95,539.45,Delivered,Local
SHP2372,ORD2372,WH001,VEH002,DRV022,RT010,2025-01-08,2025-01-11,2025-01-09,244.46,913.97,Delivered,Inter-City
SHP2373,ORD2373,WH006,VEH020,DRV022,RT012,2025-03-21,2025-03-28,2025-03-28,958.43,4354.89,Delivered,Inter-City
SHP2374,ORD2374,WH009,VEH007,DRV014,RT012,2025-11-04,2025-11-08,2025-11-12,417.69,970.63,Delayed,Inter-City
SHP2375,ORD2375,WH010,VEH012,DRV049,RT001,2024-11-04,2024-11-11,2024-11-09,582.63,1270.03,Delivered,Inter-City
SHP2376,ORD2376,WH007,VEH002,DRV019,RT007,2024-03-22,2024-03-26,2024-03-26,93.35,696.79,In Transit,Inter-City
SHP2377,ORD2377,WH008,VEH018,DRV021,RT006,2024-04-05,2024-04-11,2024-04-09,581.19,3195.63,Delivered,Inter-City
SHP2378,ORD2378,WH004,VEH013,DRV036,RT013,2024-02-17,2024-02-24,2024-02-22,683.24,2360.88,Delivered,Inter-City
SHP2379,ORD2379,WH002,VEH014,DRV003,RT017,2025-08-12,2025-08-17,2025-08-17,983.41,5190.37,In Transit,Local
SHP2380,ORD2380,WH001,VEH003,DRV003,RT012,2025-01-15,2025-01-22,2025-01-22,763.66,2429.52,In Transit,Inter-City
SHP2381,ORD2381,WH002,VEH003,DRV007,RT012,2024-07-28,2024-07-30,2024-07-30,48.49,215.07,Returned,Local
SHP2382,ORD2382,WH001,VEH002,DRV040,RT007,2025-12-03,2025-12-09,2025-12-09,734.9,4589.96,Returned,Local
SHP2383,ORD2383,WH010,VEH014,DRV016,RT016,2025-08-24,2025-08-25,2025-08-25,910.1,5455.26,Delivered,Inter-City
SHP2384,ORD2384,WH004,VEH018,DRV036,RT015,2025-06-15,2025-06-17,2025-06-15,994.31,2363.18,Delivered,Local
SHP2385,ORD2385,WH009,VEH020,DRV014,RT017,2024-10-31,2024-11-03,2024-11-02,522.13,3402.27,Delivered,Local
SHP2386,ORD2386,WH007,VEH015,DRV028,RT013,2024-09-11,2024-09-17,2024-09-16,881.27,6015.82,Delivered,Local
SHP2387,ORD2387,WH001,VEH018,DRV015,RT010,2025-06-08,2025-06-14,2025-06-14,97.24,365.98,Returned,Local
SHP2388,ORD2388,WH007,VEH014,DRV019,RT016,2024-10-11,2024-10-13,2024-10-11,817.09,3139.03,Delivered,Local
SHP2389,ORD2389,WH001,VEH009,DRV030,RT018,2024-07-17,2024-07-24,2024-07-22,766.16,5033.48,Delivered,Local
SHP2390,ORD2390,WH010,VEH014,DRV027,RT008,2025-03-28,2025-04-02,2025-03-31,330.63,845.6,Delivered,Inter-City
SHP2391,ORD2391,WH009,VEH016,DRV029,RT010,2024-10-06,2024-10-11,2024-10-09,172.92,748.57,Delivered,Inter-City
SHP2392,ORD2392,WH008,VEH003,DRV020,RT009,2025-01-28,2025-02-04,2025-02-02,221.14,1494.69,Delivered,Inter-City
SHP2393,ORD2393,WH010,VEH011,DRV016,RT003,2024-11-30,2024-12-03,2024-12-02,406.36,2406.29,Delivered,Inter-City
SHP2394,ORD2394,WH004,VEH020,DRV018,RT001,2024-06-05,2024-06-11,2024-06-10,793.28,4363.05,Delivered,Inter-City
SHP2395,ORD2395,WH001,VEH018,DRV037,RT013,2024-10-01,2024-10-08,2024-10-06,391.66,1766.31,Delivered,Inter-City
SHP2396,ORD2396,WH009,VEH003,DRV008,RT018,2024-07-05,2024-07-12,2024-07-12,578.66,3902.5,Delivered,Inter-City
SHP2397,ORD2397,WH004,VEH005,DRV018,RT013,2025-07-27,2025-07-31,2025-07-31,189.81,439.36,Delivered,Inter-City
SHP2398,ORD2398,WH008,VEH007,DRV015,RT016,2025-12-24,2025-12-29,2025-12-29,774.67,1796.77,In Transit,Inter-City
SHP2399,ORD2399,WH007,VEH003,DRV014,RT017,2025-02-27,2025-03-03,2025-03-02,708.31,5621.26,Delivered,Inter-City
SHP2400,ORD2400,WH006,VEH016,DRV033,RT008,2024-02-22,2024-02-25,2024-02-24,331.22,1427.64,Delivered,Inter-City
SHP2401,ORD2401,WH006,VEH015,DRV043,RT013,2025-10-29,2025-11-05,2025-11-03,916.48,7226.8,Delivered,Inter-City
SHP2402,ORD2402,WH008,VEH017,DRV025,RT018,2025-11-24,2025-11-25,2025-11-25,887.26,3570.29,Delivered,Inter-City
SHP2403,ORD2403,WH003,VEH013,DRV041,RT016,2025-10-29,2025-11-02,2025-11-01,640.95,4899.32,Delivered,Local
SHP2404,ORD2404,WH005,VEH007,DRV027,RT008,2024-06-18,2024-06-22,2024-06-22,370.81,980.51,Delivered,Inter-City
SHP2405,ORD2405,WH007,VEH012,DRV013,RT009,2024-09-16,2024-09-18,2024-09-18,66.14,192.17,Delivered,Inter-City
SHP2406,ORD2406,WH009,VEH014,DRV029,RT009,2025-04-11,2025-04-17,2025-04-18,866.13,2445.72,Delayed,Inter-City
SHP2407,ORD2407,WH004,VEH011,DRV006,RT019,2024-04-04,2024-04-09,2024-04-09,971.16,3967.78,Returned,Inter-City
SHP2408,ORD2408,WH001,VEH011,DRV027,RT012,2025-10-04,2025-10-05,2025-10-05,227.68,1656.31,Delivered,Inter-City
SHP2409,ORD2409,WH009,VEH011,DRV004,RT018,2024-03-30,2024-04-05,2024-04-08,988.95,7392.05,Delayed,Inter-City
SHP2410,ORD2410,WH003,VEH019,DRV033,RT016,2025-03-09,2025-03-13,2025-03-11,995.13,3101.82,Delivered,Inter-City
SHP2411,ORD2411,WH008,VEH019,DRV045,RT002,2024-10-12,2024-10-14,2024-10-14,208.43,536.65,Delivered,Inter-City
SHP2412,ORD2412,WH007,VEH002,DRV048,RT017,2025-09-22,2025-09-23,2025-09-21,824.36,1862.48,Delivered,Inter-City
SHP2413,ORD2413,WH006,VEH005,DRV009,RT020,2024-03-24,2024-03-29,2024-03-29,270.93,1288.21,Returned,Inter-City
SHP2414,ORD2414,WH005,VEH019,DRV050,RT014,2025-01-05,2025-01-10,2025-01-08,25.82,182.9,Delivered,Inter-City
SHP2415,ORD2415,WH008,VEH001,DRV046,RT006,2024-12-25,2024-12-30,2025-01-04,432.07,3346.33,Delayed,Inter-City
SHP2416,ORD2416,WH005,VEH007,DRV021,RT017,2024-07-17,2024-07-18,2024-07-17,942.47,1920.22,Delivered,Inter-City
SHP2417,ORD2417,WH008,VEH016,DRV047,RT012,2024-05-06,2024-05-08,2024-05-08,430.97,889.97,Delivered,Inter-City
SHP2418,ORD2418,WH003,VEH005,DRV007,RT013,2025-07-16,2025-07-21,2025-07-25,291.06,1985.45,Delayed,Local
SHP2419,ORD2419,WH004,VEH015,DRV008,RT010,2025-04-02,2025-04-04,2025-04-04,48.51,168.57,Delivered,Inter-City
SHP2420,ORD2420,WH010,VEH005,DRV029,RT010,2024-09-11,2024-09-18,2024-09-19,183.72,835.91,Delayed,Inter-City
SHP2421,ORD2421,WH006,VEH013,DRV003,RT006,2024-08-14,2024-08-16,2024-08-20,91.02,408.04,Delayed,Inter-City
SHP2422,ORD2422,WH006,VEH011,DRV033,RT001,2025-03-04,2025-03-11,2025-03-11,254.29,1005.76,Delivered,Inter-City
SHP2423,ORD2423,WH006,VEH005,DRV027,RT015,2024-05-22,2024-05-23,2024-05-21,245.74,1418.99,Delivered,Inter-City
SHP2424,ORD2424,WH008,VEH002,DRV010,RT015,2024-11-17,2024-11-18,2024-11-18,12.67,98.33,Delivered,Inter-City
SHP2425,ORD2425,WH007,VEH018,DRV032,RT002,2025-03-12,2025-03-17,2025-03-17,322.61,2497.52,Delivered,Inter-City
SHP2426,ORD2426,WH002,VEH006,DRV006,RT017,2024-04-03,2024-04-10,2024-04-09,456.37,2797.06,Delivered,Local
SHP2427,ORD2427,WH004,VEH006,DRV016,RT012,2024-07-11,2024-07-16,2024-07-16,761.44,5721.66,Delivered,Local
SHP2428,ORD2428,WH001,VEH012,DRV018,RT017,2024-10-15,2024-10-21,2024-10-21,584.85,2291.46,Returned,Local
SHP2429,ORD2429,WH002,VEH014,DRV022,RT016,2024-02-27,2024-03-02,2024-02-29,300.32,862.42,Delivered,Inter-City
SHP2430,ORD2430,WH002,VEH017,DRV015,RT002,2024-05-31,2024-06-03,2024-06-03,398.97,1432.46,Delivered,Local
SHP2431,ORD2431,WH009,VEH011,DRV041,RT011,2024-04-23,2024-04-28,2024-04-28,146.97,324.38,Delivered,Inter-City
SHP2432,ORD2432,WH002,VEH003,DRV021,RT010,2025-07-11,2025-07-16,2025-07-16,780.16,2021.52,Delivered,Local
SHP2433,ORD2433,WH010,VEH008,DRV013,RT010,2025-02-04,2025-02-11,2025-02-11,368.2,1283.87,In Transit,Inter-City
SHP2434,ORD2434,WH007,VEH007,DRV049,RT008,2024-01-07,2024-01-10,2024-01-09,710.12,2989.48,Delivered,Local
SHP2435,ORD2435,WH005,VEH007,DRV030,RT002,2024-01-03,2024-01-08,2024-01-06,900.21,2445.97,Delivered,Inter-City
SHP2436,ORD2436,WH005,VEH008,DRV029,RT015,2024-02-03,2024-02-09,2024-02-07,150.99,1014.31,Delivered,Inter-City
SHP2437,ORD2437,WH001,VEH009,DRV029,RT002,2024-04-23,2024-04-30,2024-04-30,344.3,2134.81,Delivered,Inter-City
SHP2438,ORD2438,WH010,VEH006,DRV036,RT008,2024-08-05,2024-08-11,2024-08-09,746.13,1906.52,Delivered,Inter-City
SHP2439,ORD2439,WH009,VEH012,DRV025,RT017,2024-04-21,2024-04-25,2024-04-24,607.1,2580.09,Delivered,Inter-City
SHP2440,ORD2440,WH006,VEH020,DRV007,RT016,2024-08-30,2024-09-05,2024-09-03,242.78,1597.7,Delivered,Inter-City
SHP2441,ORD2441,WH002,VEH002,DRV044,RT012,2025-01-06,2025-01-13,2025-01-11,88.54,378.11,Delivered,Local
SHP2442,ORD2442,WH009,VEH007,DRV016,RT003,2025-05-14,2025-05-19,2025-05-19,995.05,4233.7,Delivered,Inter-City
SHP2443,ORD2443,WH008,VEH001,DRV034,RT020,2025-12-31,2026-01-07,2026-01-07,261.41,993.32,In Transit,Inter-City
SHP2444,ORD2444,WH007,VEH012,DRV046,RT010,2024-12-29,2025-01-05,2025-01-05,979.22,3921.08,Delivered,Inter-City
SHP2445,ORD2445,WH004,VEH012,DRV030,RT001,2025-11-10,2025-11-14,2025-11-13,865.68,1766.19,Delivered,Inter-City
SHP2446,ORD2446,WH005,VEH013,DRV012,RT001,2025-04-25,2025-04-30,2025-04-28,323.74,933.42,Delivered,Inter-City
SHP2447,ORD2447,WH003,VEH015,DRV008,RT019,2025-11-08,2025-11-15,2025-11-17,413.62,2713.56,Delayed,Inter-City
SHP2448,ORD2448,WH007,VEH003,DRV008,RT018,2025-03-22,2025-03-27,2025-03-27,740.81,1598.92,Delivered,Inter-City
SHP2449,ORD2449,WH010,VEH008,DRV028,RT001,2025-08-24,2025-08-30,2025-08-30,591.62,4180.33,Delivered,Inter-City
SHP2450,ORD2450,WH001,VEH018,DRV005,RT015,2024-02-20,2024-02-21,2024-02-21,994.69,4971.03,Delivered,Inter-City
SHP2451,ORD2451,WH007,VEH006,DRV034,RT001,2024-12-18,2024-12-25,2024-12-23,668.64,3439.01,Delivered,Inter-City
SHP2452,ORD2452,WH008,VEH016,DRV032,RT002,2024-03-27,2024-03-30,2024-04-04,466.83,2887.79,Delayed,Inter-City
SHP2453,ORD2453,WH009,VEH005,DRV007,RT004,2025-07-30,2025-08-02,2025-08-06,649.24,4309.3,Delayed,Inter-City
SHP2454,ORD2454,WH010,VEH013,DRV020,RT014,2024-01-29,2024-02-02,2024-02-01,206.27,806.02,Delivered,Inter-City
SHP2455,ORD2455,WH010,VEH012,DRV025,RT019,2025-12-03,2025-12-04,2025-12-02,818.35,2369.76,Delivered,Inter-City
SHP2456,ORD2456,WH006,VEH004,DRV014,RT012,2025-02-14,2025-02-16,2025-02-14,834.74,6346.12,Delivered,Inter-City
SHP2457,ORD2457,WH008,VEH010,DRV047,RT017,2025-11-17,2025-11-22,2025-11-22,178.83,405.82,Returned,Inter-City
SHP2458,ORD2458,WH008,VEH012,DRV007,RT014,2025-04-23,2025-04-29,2025-04-28,879.88,5573.93,Delivered,Inter-City
SHP2459,ORD2459,WH007,VEH016,DRV013,RT012,2025-07-08,2025-07-09,2025-07-07,135.06,361.7,Delivered,Inter-City
SHP2460,ORD2460,WH008,VEH009,DRV033,RT015,2024-10-15,2024-10-19,2024-10-18,609.18,2584.69,Delivered,Inter-City
SHP2461,ORD2461,WH010,VEH020,DRV043,RT011,2025-11-01,2025-11-06,2025-11-05,220.08,750.73,Delivered,Inter-City
SHP2462,ORD2462,WH007,VEH020,DRV038,RT019,2025-04-25,2025-05-02,2025-05-03,181.56,520.64,Delayed,Local
SHP2463,ORD2463,WH001,VEH003,DRV040,RT007,2024-03-04,2024-03-10,2024-03-09,892.6,4065.54,Delivered,Inter-City
SHP2464,ORD2464,WH010,VEH004,DRV010,RT013,2025-05-17,2025-05-18,2025-05-16,93.6,423.2,Delivered,Local
SHP2465,ORD2465,WH010,VEH019,DRV013,RT007,2025-01-13,2025-01-15,2025-01-13,42.38,244.22,Delivered,Inter-City
SHP2466,ORD2466,WH004,VEH018,DRV031,RT018,2024-08-09,2024-08-10,2024-08-09,643.19,3333.15,Delivered,Inter-City
SHP2467,ORD2467,WH009,VEH016,DRV024,RT008,2024-08-29,2024-09-01,2024-08-31,182.05,1117.29,Delivered,Local
SHP2468,ORD2468,WH001,VEH005,DRV039,RT009,2025-07-16,2025-07-20,2025-07-19,482.65,1324.07,Delivered,Inter-City
SHP2469,ORD2469,WH003,VEH018,DRV011,RT013,2025-08-28,2025-09-04,2025-09-02,591.29,2212.78,Delivered,Inter-City
SHP2470,ORD2470,WH006,VEH004,DRV029,RT008,2025-08-07,2025-08-09,2025-08-09,141.76,471.52,Delivered,Inter-City
SHP2471,ORD2471,WH008,VEH015,DRV033,RT014,2024-12-09,2024-12-10,2024-12-10,569.82,2086.35,Delivered,Local
SHP2472,ORD2472,WH008,VEH012,DRV049,RT002,2024-11-19,2024-11-22,2024-11-21,694.26,3450.26,Delivered,Local
SHP2473,ORD2473,WH008,VEH019,DRV006,RT015,2024-11-03,2024-11-05,2024-11-05,915.06,5504.91,Delivered,Local
SHP2474,ORD2474,WH004,VEH010,DRV042,RT011,2024-07-30,2024-08-02,2024-08-02,505.39,3120.28,Delivered,Inter-City
SHP2475,ORD2475,WH002,VEH011,DRV032,RT012,2024-02-02,2024-02-09,2024-02-07,145.02,1132.92,Delivered,Local
SHP2476,ORD2476,WH003,VEH002,DRV040,RT009,2025-06-11,2025-06-12,2025-06-10,788.28,3376.37,Delivered,Local
SHP2477,ORD2477,WH006,VEH015,DRV042,RT012,2025-03-03,2025-03-05,2025-03-03,260.3,832.13,Delivered,Inter-City
SHP2478,ORD2478,WH002,VEH014,DRV035,RT013,2025-04-16,2025-04-17,2025-04-15,539.42,2129.13,Delivered,Inter-City
SHP2479,ORD2479,WH007,VEH019,DRV049,RT009,2024-08-21,2024-08-28,2024-08-26,645.0,2344.91,Delivered,Inter-City
SHP2480,ORD2480,WH002,VEH002,DRV046,RT003,2024-01-17,2024-01-20,2024-01-20,858.82,5734.45,Delivered,Local
SHP2481,ORD2481,WH010,VEH016,DRV017,RT020,2024-07-16,2024-07-19,2024-07-18,842.29,2443.92,Delivered,Inter-City
SHP2482,ORD2482,WH001,VEH004,DRV034,RT003,2025-06-01,2025-06-06,2025-06-04,616.88,3496.34,Delivered,Inter-City
SHP2483,ORD2483,WH010,VEH004,DRV014,RT005,2025-10-04,2025-10-09,2025-10-09,372.86,2918.29,Delivered,Inter-City
SHP2484,ORD2484,WH006,VEH007,DRV034,RT010,2025-05-29,2025-06-04,2025-06-04,105.24,415.67,Delivered,Inter-City
SHP2485,ORD2485,WH008,VEH002,DRV013,RT010,2025-04-14,2025-04-17,2025-04-16,57.94,148.04,Delivered,Inter-City
SHP2486,ORD2486,WH007,VEH010,DRV044,RT006,2025-01-28,2025-01-30,2025-01-29,833.01,3336.99,Delivered,Inter-City
SHP2487,ORD2487,WH006,VEH010,DRV027,RT006,2024-01-04,2024-01-06,2024-01-07,831.38,3367.17,Delayed,Inter-City
SHP2488,ORD2488,WH005,VEH013,DRV040,RT006,2024-05-27,2024-06-02,2024-06-02,571.77,1157.15,Delivered,Inter-City
SHP2489,ORD2489,WH002,VEH015,DRV016,RT010,2024-08-22,2024-08-25,2024-08-24,386.11,915.99,Delivered,Local
SHP2490,ORD2490,WH010,VEH011,DRV017,RT016,2025-12-02,2025-12-03,2025-12-04,420.03,2846.39,Delayed,Local
SHP2491,ORD2491,WH004,VEH019,DRV034,RT003,2024-02-22,2024-02-26,2024-02-24,995.24,4125.09,Delivered,Inter-City
SHP2492,ORD2492,WH007,VEH007,DRV022,RT005,2024-03-17,2024-03-20,2024-03-20,634.24,4077.42,Returned,Local
SHP2493,ORD2493,WH003,VEH001,DRV011,RT006,2024-10-25,2024-10-31,2024-10-31,490.17,2154.87,Delivered,Inter-City
SHP2494,ORD2494,WH007,VEH017,DRV003,RT020,2024-12-11,2024-12-15,2024-12-14,666.14,1675.58,Delivered,Local
SHP2495,ORD2495,WH006,VEH009,DRV008,RT007,2024-08-11,2024-08-17,2024-08-17,437.58,1819.43,Delivered,Inter-City
SHP2496,ORD2496,WH001,VEH005,DRV034,RT011,2025-09-03,2025-09-10,2025-09-10,332.1,1523.2,Delivered,Inter-City
SHP2497,ORD2497,WH006,VEH018,DRV008,RT015,2025-10-24,2025-10-29,2025-10-29,668.65,4254.06,Delivered,Inter-City
SHP2498,ORD2498,WH009,VEH006,DRV037,RT002,2025-12-21,2025-12-24,2025-12-24,181.79,1239.44,In Transit,Inter-City
SHP2499,ORD2499,WH010,VEH006,DRV011,RT003,2025-08-21,2025-08-28,2025-08-28,120.56,737.04,Returned,Inter-City
SHP2500,ORD2500,WH005,VEH006,DRV037,RT019,2025-09-14,2025-09-17,2025-09-15,117.34,312.24,Delivered,Local
SHP2501,ORD2501,WH001,VEH003,DRV014,RT017,2025-01-05,2025-01-11,2025-01-09,399.79,2184.24,Delivered,Inter-City
SHP2502,ORD2502,WH004,VEH019,DRV008,RT010,2024-06-21,2024-06-25,2024-06-24,158.07,1175.19,Delivered,Inter-City
SHP2503,ORD2503,WH003,VEH001,DRV007,RT015,2024-11-05,2024-11-06,2024-11-06,56.38,417.95,Delivered,Inter-City
SHP2504,ORD2504,WH005,VEH010,DRV028,RT020,2025-05-30,2025-06-04,2025-06-02,394.05,1648.67,Delivered,Inter-City
SHP2505,ORD2505,WH005,VEH018,DRV005,RT018,2024-05-30,2024-06-03,2024-06-03,939.8,5262.08,Delivered,Inter-City
SHP2506,ORD2506,WH004,VEH013,DRV030,RT011,2025-09-13,2025-09-14,2025-09-13,315.61,1148.4,Delivered,Inter-City
SHP2507,ORD2507,WH010,VEH004,DRV021,RT007,2024-06-02,2024-06-08,2024-06-08,561.95,1209.66,Delivered,Local
SHP2508,ORD2508,WH002,VEH004,DRV013,RT002,2025-06-13,2025-06-16,2025-06-16,221.64,921.1,Delivered,Inter-City
SHP2509,ORD2509,WH009,VEH006,DRV016,RT010,2024-07-06,2024-07-11,2024-07-14,934.42,7323.12,Delayed,Inter-City
SHP2510,ORD2510,WH003,VEH005,DRV047,RT009,2025-02-08,2025-02-10,2025-02-10,942.96,4582.49,In Transit,Inter-City
SHP2511,ORD2511,WH002,VEH008,DRV050,RT006,2024-01-11,2024-01-13,2024-01-12,250.66,1757.18,Delivered,Inter-City
SHP2512,ORD2512,WH005,VEH006,DRV016,RT018,2025-03-10,2025-03-14,2025-03-14,814.47,3945.72,Delivered,Inter-City
SHP2513,ORD2513,WH001,VEH010,DRV050,RT005,2025-09-25,2025-10-01,2025-10-01,201.91,1606.62,In Transit,Inter-City
SHP2514,ORD2514,WH010,VEH018,DRV032,RT014,2025-12-26,2025-12-30,2025-12-30,910.41,3472.58,Returned,Inter-City
SHP2515,ORD2515,WH009,VEH016,DRV032,RT005,2024-03-17,2024-03-18,2024-03-17,652.04,2002.33,Delivered,Inter-City
SHP2516,ORD2516,WH005,VEH002,DRV002,RT008,2024-08-11,2024-08-17,2024-08-17,883.06,3728.48,Delivered,Inter-City
SHP2517,ORD2517,WH002,VEH001,DRV045,RT020,2025-05-19,2025-05-21,2025-05-20,799.29,5455.92,Delivered,Inter-City
SHP2518,ORD2518,WH003,VEH012,DRV018,RT006,2025-03-18,2025-03-21,2025-03-20,885.94,4094.11,Delivered,Inter-City
SHP2519,ORD2519,WH009,VEH019,DRV043,RT007,2025-08-30,2025-09-01,2025-08-31,998.1,4597.66,Delivered,Inter-City
SHP2520,ORD2520,WH004,VEH019,DRV036,RT011,2025-12-17,2025-12-19,2025-12-21,557.77,1461.57,Delayed,Local
SHP2521,ORD2521,WH009,VEH006,DRV033,RT019,2024-07-14,2024-07-18,2024-07-16,195.75,1179.14,Delivered,Inter-City
SHP2522,ORD2522,WH003,VEH015,DRV036,RT014,2025-06-12,2025-06-13,2025-06-12,885.22,5688.04,Delivered,Local
SHP2523,ORD2523,WH001,VEH009,DRV012,RT008,2024-12-26,2024-12-30,2025-01-01,83.68,475.74,Delayed,Inter-City
SHP2524,ORD2524,WH006,VEH019,DRV016,RT003,2024-03-23,2024-03-29,2024-03-28,683.28,3798.37,Delivered,Inter-City
SHP2525,ORD2525,WH002,VEH007,DRV021,RT008,2024-11-15,2024-11-21,2024-11-20,721.32,2940.88,Delivered,Inter-City
SHP2526,ORD2526,WH008,VEH001,DRV032,RT016,2025-01-18,2025-01-19,2025-01-17,560.8,4213.27,Delivered,Local
SHP2527,ORD2527,WH005,VEH019,DRV019,RT019,2025-09-16,2025-09-21,2025-09-20,201.83,823.27,Delivered,Inter-City
SHP2528,ORD2528,WH007,VEH017,DRV027,RT014,2024-05-08,2024-05-15,2024-05-15,241.49,1836.82,Delivered,Local
SHP2529,ORD2529,WH006,VEH019,DRV023,RT003,2025-09-17,2025-09-24,2025-09-23,554.68,3571.63,Delivered,Inter-City
SHP2530,ORD2530,WH005,VEH006,DRV011,RT012,2025-08-19,2025-08-22,2025-08-21,105.32,727.0,Delivered,Inter-City
SHP2531,ORD2531,WH004,VEH002,DRV048,RT011,2025-09-19,2025-09-20,2025-09-19,297.67,1634.51,Delivered,Inter-City
SHP2532,ORD2532,WH004,VEH012,DRV008,RT004,2024-01-27,2024-02-01,2024-01-31,500.39,2029.46,Delivered,Inter-City
SHP2533,ORD2533,WH004,VEH014,DRV015,RT013,2024-12-30,2025-01-05,2025-01-03,14.77,105.18,Delivered,Inter-City
SHP2534,ORD2534,WH001,VEH009,DRV005,RT016,2024-08-31,2024-09-04,2024-09-04,883.49,6567.56,In Transit,Inter-City
SHP2535,ORD2535,WH003,VEH008,DRV017,RT005,2025-03-05,2025-03-12,2025-03-10,489.43,2453.99,Delivered,Local
SHP2536,ORD2536,WH008,VEH002,DRV046,RT007,2025-11-25,2025-11-27,2025-11-27,635.13,3347.11,Delivered,Local
SHP2537,ORD2537,WH003,VEH017,DRV006,RT015,2024-03-05,2024-03-12,2024-03-10,816.93,4838.71,Delivered,Inter-City
SHP2538,ORD2538,WH010,VEH008,DRV023,RT010,2025-11-21,2025-11-25,2025-11-25,743.01,5282.54,Returned,Inter-City
SHP2539,ORD2539,WH006,VEH005,DRV008,RT003,2024-06-14,2024-06-18,2024-06-21,948.25,4303.79,Delayed,Inter-City
SHP2540,ORD2540,WH008,VEH007,DRV005,RT003,2024-11-09,2024-11-14,2024-11-14,242.41,1921.86,Delivered,Inter-City
SHP2541,ORD2541,WH001,VEH018,DRV033,RT013,2024-06-14,2024-06-16,2024-06-16,817.33,5224.39,Delivered,Inter-City
SHP2542,ORD2542,WH006,VEH019,DRV017,RT001,2024-01-28,2024-01-30,2024-01-28,100.05,681.04,Delivered,Inter-City
SHP2543,ORD2543,WH004,VEH014,DRV020,RT018,2025-01-16,2025-01-22,2025-01-22,679.12,5097.59,Delivered,Inter-City
SHP2544,ORD2544,WH003,VEH003,DRV033,RT005,2024-11-07,2024-11-08,2024-11-06,256.56,1350.49,Delivered,Inter-City
SHP2545,ORD2545,WH008,VEH002,DRV009,RT017,2024-09-25,2024-09-29,2024-09-29,427.49,2266.09,Delivered,Local
SHP2546,ORD2546,WH009,VEH015,DRV042,RT007,2024-07-07,2024-07-14,2024-07-14,285.14,1608.05,Delivered,Inter-City
SHP2547,ORD2547,WH008,VEH001,DRV014,RT005,2024-01-22,2024-01-25,2024-01-25,646.01,3866.85,Delivered,Inter-City
SHP2548,ORD2548,WH005,VEH007,DRV047,RT007,2024-11-10,2024-11-13,2024-11-13,108.95,486.81,Delivered,Local
SHP2549,ORD2549,WH002,VEH002,DRV002,RT010,2025-02-08,2025-02-09,2025-02-10,16.93,63.55,Delayed,Inter-City
SHP2550,ORD2550,WH004,VEH004,DRV016,RT011,2025-01-10,2025-01-13,2025-01-13,960.24,4543.17,Returned,Inter-City
SHP2551,ORD2551,WH005,VEH005,DRV004,RT016,2024-05-30,2024-06-05,2024-06-05,682.56,4145.93,In Transit,Inter-City
SHP2552,ORD2552,WH010,VEH012,DRV028,RT015,2024-05-13,2024-05-19,2024-05-20,491.68,3328.41,Delayed,Inter-City
SHP2553,ORD2553,WH002,VEH017,DRV049,RT020,2025-07-26,2025-07-31,2025-07-29,499.33,2657.61,Delivered,Inter-City
SHP2554,ORD2554,WH008,VEH016,DRV028,RT016,2025-03-24,2025-03-27,2025-03-27,221.65,1082.16,Delivered,Inter-City
SHP2555,ORD2555,WH002,VEH005,DRV014,RT020,2025-07-03,2025-07-04,2025-07-02,971.11,3242.77,Delivered,Inter-City
SHP2556,ORD2556,WH008,VEH006,DRV003,RT009,2025-06-02,2025-06-06,2025-06-06,43.64,181.87,Delivered,Local
SHP2557,ORD2557,WH010,VEH009,DRV021,RT011,2025-05-28,2025-06-01,2025-06-06,809.45,2029.26,Delayed,Inter-City
SHP2558,ORD2558,WH008,VEH008,DRV018,RT004,2025-07-05,2025-07-10,2025-07-08,35.47,275.64,Delivered,Local
SHP2559,ORD2559,WH010,VEH013,DRV050,RT010,2025-11-24,2025-11-25,2025-11-25,628.25,4254.61,Delivered,Local
SHP2560,ORD2560,WH006,VEH016,DRV021,RT017,2024-12-05,2024-12-10,2024-12-10,907.64,2392.77,Delivered,Local
SHP2561,ORD2561,WH009,VEH011,DRV016,RT013,2024-05-23,2024-05-24,2024-05-24,364.89,1340.45,In Transit,Local
SHP2562,ORD2562,WH005,VEH020,DRV013,RT008,2025-08-20,2025-08-22,2025-08-21,85.74,461.39,Delivered,Local
SHP2563,ORD2563,WH005,VEH001,DRV027,RT008,2025-06-12,2025-06-15,2025-06-14,896.92,1839.22,Delivered,Inter-City
SHP2564,ORD2564,WH001,VEH015,DRV041,RT003,2024-12-29,2024-12-31,2025-01-04,561.13,2061.95,Delayed,Inter-City
SHP2565,ORD2565,WH001,VEH012,DRV023,RT012,2024-12-10,2024-12-17,2024-12-17,675.4,2432.71,Delivered,Local
SHP2566,ORD2566,WH001,VEH015,DRV049,RT017,2025-12-26,2025-12-31,2025-12-29,416.11,2000.62,Delivered,Inter-City
SHP2567,ORD2567,WH009,VEH017,DRV035,RT019,2024-06-17,2024-06-23,2024-06-21,898.0,2525.67,Delivered,Inter-City
SHP2568,ORD2568,WH002,VEH002,DRV048,RT002,2025-04-11,2025-04-18,2025-04-18,680.74,1398.85,Delivered,Local
SHP2569,ORD2569,WH005,VEH001,DRV050,RT020,2024-11-13,2024-11-17,2024-11-17,987.23,6608.27,Delivered,Local
SHP2570,ORD2570,WH005,VEH013,DRV007,RT015,2025-01-10,2025-01-16,2025-01-15,539.73,1130.06,Delivered,Local
SHP2571,ORD2571,WH005,VEH004,DRV002,RT010,2025-07-19,2025-07-23,2025-07-22,486.06,2493.93,Delivered,Local
SHP2572,ORD2572,WH005,VEH009,DRV010,RT014,2024-05-09,2024-05-16,2024-05-16,295.88,2054.1,Returned,Local
SHP2573,ORD2573,WH008,VEH002,DRV045,RT009,2025-07-30,2025-08-04,2025-08-08,472.67,1271.43,Delayed,Inter-City
SHP2574,ORD2574,WH001,VEH004,DRV033,RT015,2025-04-22,2025-04-29,2025-04-29,18.71,64.61,Returned,Inter-City
SHP2575,ORD2575,WH006,VEH015,DRV050,RT002,2025-12-10,2025-12-13,2025-12-11,297.29,1996.3,Delivered,Inter-City
SHP2576,ORD2576,WH001,VEH015,DRV016,RT005,2024-11-11,2024-11-18,2024-11-17,661.11,4387.17,Delivered,Inter-City
SHP2577,ORD2577,WH010,VEH020,DRV031,RT009,2025-09-07,2025-09-14,2025-09-12,64.54,211.87,Delivered,Inter-City
SHP2578,ORD2578,WH001,VEH009,DRV015,RT017,2024-04-13,2024-04-20,2024-04-19,445.1,2478.68,Delivered,Inter-City
SHP2579,ORD2579,WH009,VEH019,DRV037,RT005,2024-09-24,2024-09-28,2024-09-26,165.04,792.64,Delivered,Inter-City
SHP2580,ORD2580,WH005,VEH017,DRV008,RT004,2025-11-27,2025-11-29,2025-11-29,97.78,445.49,Delivered,Local
SHP2581,ORD2581,WH005,VEH008,DRV009,RT008,2024-03-26,2024-04-02,2024-04-01,922.72,5661.85,Delivered,Local
SHP2582,ORD2582,WH006,VEH004,DRV033,RT004,2024-06-19,2024-06-23,2024-06-23,370.37,920.01,In Transit,Inter-City
SHP2583,ORD2583,WH008,VEH002,DRV002,RT008,2024-10-04,2024-10-06,2024-10-06,904.01,4304.68,Returned,Local
SHP2584,ORD2584,WH004,VEH005,DRV023,RT013,2025-11-30,2025-12-04,2025-12-03,33.19,228.18,Delivered,Local
SHP2585,ORD2585,WH006,VEH007,DRV025,RT005,2024-11-18,2024-11-19,2024-11-17,673.4,2177.12,Delivered,Local
SHP2586,ORD2586,WH002,VEH011,DRV017,RT004,2025-10-14,2025-10-15,2025-10-15,593.91,4466.76,Delivered,Local
SHP2587,ORD2587,WH001,VEH005,DRV002,RT013,2024-01-12,2024-01-16,2024-01-16,251.61,1110.12,Delivered,Inter-City
SHP2588,ORD2588,WH010,VEH007,DRV004,RT002,2025-01-04,2025-01-11,2025-01-11,180.65,1421.11,Delivered,Inter-City
SHP2589,ORD2589,WH005,VEH009,DRV011,RT014,2025-03-24,2025-03-30,2025-03-30,749.52,3142.91,Delivered,Inter-City
SHP2590,ORD2590,WH004,VEH018,DRV017,RT005,2024-11-19,2024-11-26,2024-11-25,124.32,869.63,Delivered,Inter-City
SHP2591,ORD2591,WH002,VEH011,DRV043,RT020,2025-08-07,2025-08-13,2025-08-11,314.53,2015.3,Delivered,Inter-City
SHP2592,ORD2592,WH007,VEH003,DRV035,RT009,2024-12-03,2024-12-06,2024-12-06,441.4,2932.61,Delivered,Inter-City
SHP2593,ORD2593,WH006,VEH018,DRV010,RT013,2025-06-26,2025-06-28,2025-06-26,642.95,2708.4,Delivered,Local
SHP2594,ORD2594,WH009,VEH004,DRV018,RT020,2025-08-17,2025-08-24,2025-08-22,314.39,688.01,Delivered,Inter-City
SHP2595,ORD2595,WH004,VEH005,DRV013,RT012,2025-07-22,2025-07-25,2025-07-23,233.84,955.68,Delivered,Local
SHP2596,ORD2596,WH001,VEH007,DRV043,RT011,2025-10-22,2025-10-24,2025-10-22,520.28,2089.64,Delivered,Inter-City
SHP2597,ORD2597,WH008,VEH011,DRV003,RT016,2025-11-12,2025-11-17,2025-11-17,587.98,4289.38,Delivered,Inter-City
SHP2598,ORD2598,WH008,VEH007,DRV024,RT009,2024-10-28,2024-10-30,2024-10-29,184.93,1150.72,Delivered,Inter-City
SHP2599,ORD2599,WH008,VEH016,DRV032,RT016,2024-09-16,2024-09-19,2024-09-22,567.67,2036.38,Delayed,Inter-City
SHP2600,ORD2600,WH010,VEH008,DRV003,RT010,2025-03-13,2025-03-16,2025-03-16,53.56,109.92,Delivered,Local
SHP2601,ORD2601,WH010,VEH018,DRV033,RT005,2025-02-03,2025-02-06,2025-02-04,437.22,3393.57,Delivered,Inter-City
SHP2602,ORD2602,WH008,VEH012,DRV024,RT007,2025-05-23,2025-05-27,2025-05-25,231.73,1695.29,Delivered,Inter-City
SHP2603,ORD2603,WH009,VEH012,DRV042,RT010,2025-10-30,2025-11-06,2025-11-05,25.59,66.64,Delivered,Inter-City
SHP2604,ORD2604,WH002,VEH001,DRV017,RT001,2025-04-24,2025-04-26,2025-04-25,257.01,2021.79,Delivered,Inter-City
SHP2605,ORD2605,WH004,VEH020,DRV028,RT002,2024-04-04,2024-04-11,2024-04-10,65.14,456.19,Delivered,Inter-City
SHP2606,ORD2606,WH010,VEH008,DRV010,RT009,2025-04-24,2025-04-25,2025-04-24,565.85,2480.03,Delivered,Inter-City
SHP2607,ORD2607,WH003,VEH012,DRV043,RT004,2025-12-24,2025-12-28,2025-12-27,205.29,1255.11,Delivered,Local
SHP2608,ORD2608,WH001,VEH007,DRV009,RT012,2024-03-01,2024-03-07,2024-03-07,750.77,5909.44,Delivered,Inter-City
SHP2609,ORD2609,WH010,VEH010,DRV016,RT020,2025-06-04,2025-06-09,2025-06-08,948.0,7230.38,Delivered,Inter-City
SHP2610,ORD2610,WH008,VEH018,DRV037,RT012,2024-06-08,2024-06-14,2024-06-14,430.24,2890.42,Delivered,Inter-City
SHP2611,ORD2611,WH008,VEH019,DRV017,RT019,2025-02-28,2025-03-06,2025-03-05,339.44,2305.01,Delivered,Inter-City
SHP2612,ORD2612,WH010,VEH012,DRV046,RT020,2024-12-28,2025-01-04,2025-01-03,734.38,5327.99,Delivered,Local
SHP2613,ORD2613,WH003,VEH015,DRV047,RT007,2024-04-21,2024-04-25,2024-04-23,874.71,5323.77,Delivered,Local
SHP2614,ORD2614,WH003,VEH015,DRV047,RT004,2025-06-25,2025-06-27,2025-06-27,850.76,6457.82,Delivered,Inter-City
SHP2615,ORD2615,WH005,VEH001,DRV011,RT007,2025-09-06,2025-09-08,2025-09-07,863.18,6461.21,Delivered,Local
SHP2616,ORD2616,WH008,VEH013,DRV007,RT015,2025-02-22,2025-03-01,2025-03-01,274.27,598.57,Returned,Inter-City
SHP2617,ORD2617,WH005,VEH002,DRV018,RT013,2024-12-10,2024-12-16,2024-12-16,369.75,918.69,In Transit,Inter-City
SHP2618,ORD2618,WH009,VEH013,DRV015,RT017,2024-03-22,2024-03-23,2024-03-23,353.46,2695.61,Delivered,Local
SHP2619,ORD2619,WH003,VEH018,DRV046,RT020,2024-06-14,2024-06-15,2024-06-14,776.07,2911.6,Delivered,Local
SHP2620,ORD2620,WH006,VEH019,DRV023,RT006,2025-06-22,2025-06-28,2025-06-28,445.14,3377.51,Delivered,Inter-City
SHP2621,ORD2621,WH007,VEH016,DRV031,RT009,2024-07-05,2024-07-07,2024-07-05,214.14,1326.66,Delivered,Inter-City
SHP2622,ORD2622,WH004,VEH008,DRV041,RT015,2024-07-17,2024-07-23,2024-07-25,716.87,3670.5,Delayed,Local
SHP2623,ORD2623,WH004,VEH020,DRV027,RT019,2024-07-10,2024-07-11,2024-07-10,124.1,257.08,Delivered,Inter-City
SHP2624,ORD2624,WH007,VEH001,DRV032,RT015,2024-06-18,2024-06-19,2024-06-18,197.74,1140.6,Delivered,Inter-City
SHP2625,ORD2625,WH005,VEH017,DRV025,RT019,2025-11-13,2025-11-20,2025-11-19,971.39,7342.42,Delivered,Local
SHP2626,ORD2626,WH006,VEH007,DRV032,RT003,2025-01-04,2025-01-07,2025-01-06,252.38,1972.99,Delivered,Inter-City
SHP2627,ORD2627,WH006,VEH006,DRV001,RT018,2025-08-04,2025-08-09,2025-08-09,70.17,331.14,Delivered,Inter-City
SHP2628,ORD2628,WH001,VEH019,DRV024,RT002,2025-05-02,2025-05-07,2025-05-07,213.54,725.53,Returned,Local
SHP2629,ORD2629,WH008,VEH008,DRV007,RT005,2025-09-18,2025-09-22,2025-09-22,889.64,3248.02,Delivered,Inter-City
SHP2630,ORD2630,WH002,VEH010,DRV034,RT011,2024-02-22,2024-02-29,2024-02-29,685.94,3239.84,Delivered,Inter-City
SHP2631,ORD2631,WH006,VEH020,DRV041,RT001,2025-06-22,2025-06-24,2025-06-23,546.39,1153.55,Delivered,Inter-City
SHP2632,ORD2632,WH010,VEH002,DRV031,RT005,2024-06-25,2024-06-26,2024-06-24,656.93,3196.32,Delivered,Inter-City
SHP2633,ORD2633,WH003,VEH004,DRV034,RT019,2024-10-12,2024-10-15,2024-10-15,249.08,1986.61,Delivered,Inter-City
SHP2634,ORD2634,WH006,VEH019,DRV027,RT002,2024-05-14,2024-05-16,2024-05-18,80.01,317.41,Delayed,Inter-City
SHP2635,ORD2635,WH010,VEH020,DRV034,RT015,2024-12-25,2024-12-26,2024-12-25,363.97,2452.2,Delivered,Inter-City
SHP2636,ORD2636,WH001,VEH007,DRV011,RT007,2024-01-15,2024-01-22,2024-01-20,528.15,1235.94,Delivered,Local
SHP2637,ORD2637,WH007,VEH001,DRV039,RT010,2024-03-09,2024-03-13,2024-03-13,339.54,1023.98,Returned,Local
SHP2638,ORD2638,WH005,VEH004,DRV015,RT001,2024-02-18,2024-02-22,2024-02-20,627.15,2846.75,Delivered,Inter-City
SHP2639,ORD2639,WH006,VEH017,DRV045,RT016,2024-11-28,2024-12-01,2024-11-29,543.5,4183.3,Delivered,Inter-City
SHP2640,ORD2640,WH001,VEH019,DRV022,RT019,2024-04-09,2024-04-12,2024-04-15,47.88,273.48,Delayed,Inter-City
SHP2641,ORD2641,WH008,VEH006,DRV016,RT013,2025-02-26,2025-03-03,2025-03-02,678.77,1878.57,Delivered,Local
SHP2642,ORD2642,WH003,VEH017,DRV028,RT011,2024-04-16,2024-04-21,2024-04-21,291.59,1790.01,Delivered,Local
SHP2643,ORD2643,WH001,VEH010,DRV015,RT018,2024-10-03,2024-10-10,2024-10-08,327.33,744.97,Delivered,Inter-City
SHP2644,ORD2644,WH005,VEH013,DRV010,RT004,2025-05-13,2025-05-17,2025-05-16,664.09,5030.08,Delivered,Inter-City
SHP2645,ORD2645,WH010,VEH007,DRV037,RT010,2024-04-19,2024-04-23,2024-04-21,753.4,3213.97,Delivered,Inter-City
SHP2646,ORD2646,WH005,VEH002,DRV029,RT018,2025-11-26,2025-12-01,2025-12-05,565.82,3629.54,Delayed,Inter-City
SHP2647,ORD2647,WH006,VEH018,DRV021,RT015,2024-10-04,2024-10-09,2024-10-10,957.95,2410.45,Delayed,Local
SHP2648,ORD2648,WH007,VEH014,DRV030,RT005,2025-03-15,2025-03-18,2025-03-18,506.48,2911.7,Delivered,Inter-City
SHP2649,ORD2649,WH010,VEH015,DRV035,RT020,2024-11-20,2024-11-22,2024-11-21,475.35,1157.42,Delivered,Inter-City
SHP2650,ORD2650,WH003,VEH009,DRV037,RT007,2024-04-22,2024-04-26,2024-04-26,741.83,3069.87,In Transit,Local
SHP2651,ORD2651,WH010,VEH017,DRV010,RT009,2024-09-09,2024-09-13,2024-09-11,19.52,90.62,Delivered,Inter-City
SHP2652,ORD2652,WH005,VEH002,DRV031,RT019,2024-07-24,2024-07-28,2024-07-27,72.93,368.57,Delivered,Inter-City
SHP2653,ORD2653,WH008,VEH012,DRV026,RT019,2024-07-01,2024-07-05,2024-07-03,903.25,2562.86,Delivered,Inter-City
SHP2654,ORD2654,WH001,VEH008,DRV043,RT006,2025-04-25,2025-04-27,2025-04-26,777.43,2104.39,Delivered,Local
SHP2655,ORD2655,WH006,VEH013,DRV031,RT006,2024-03-15,2024-03-17,2024-03-19,9.84,52.3,Delayed,Inter-City
SHP2656,ORD2656,WH006,VEH015,DRV043,RT017,2025-08-12,2025-08-15,2025-08-15,788.73,2122.34,In Transit,Inter-City
SHP2657,ORD2657,WH004,VEH005,DRV046,RT010,2024-07-04,2024-07-07,2024-07-06,383.75,783.4,Delivered,Inter-City
SHP2658,ORD2658,WH009,VEH001,DRV022,RT016,2025-07-04,2025-07-06,2025-07-05,655.1,1491.71,Delivered,Inter-City
SHP2659,ORD2659,WH004,VEH001,DRV013,RT009,2024-03-15,2024-03-22,2024-03-22,822.71,3647.87,Delivered,Inter-City
SHP2660,ORD2660,WH004,VEH005,DRV038,RT017,2024-11-26,2024-11-30,2024-11-28,936.53,3373.2,Delivered,Inter-City
SHP2661,ORD2661,WH010,VEH015,DRV047,RT015,2024-01-29,2024-02-04,2024-02-03,802.26,3656.01,Delivered,Inter-City
SHP2662,ORD2662,WH001,VEH016,DRV018,RT013,2024-04-11,2024-04-18,2024-04-17,788.24,2747.11,Delivered,Local
SHP2663,ORD2663,WH008,VEH002,DRV004,RT009,2025-08-28,2025-08-29,2025-08-29,730.92,4358.37,In Transit,Inter-City
SHP2664,ORD2664,WH005,VEH010,DRV013,RT013,2025-07-27,2025-07-31,2025-07-31,662.02,3854.0,Delivered,Inter-City
SHP2665,ORD2665,WH007,VEH008,DRV033,RT015,2025-03-23,2025-03-25,2025-03-25,907.01,6668.53,Delivered,Inter-City
SHP2666,ORD2666,WH008,VEH010,DRV001,RT011,2024-09-18,2024-09-21,2024-09-19,439.94,1201.76,Delivered,Local
SHP2667,ORD2667,WH003,VEH010,DRV049,RT018,2025-05-26,2025-05-29,2025-05-29,277.68,1370.13,Delivered,Inter-City
SHP2668,ORD2668,WH006,VEH008,DRV041,RT003,2024-09-13,2024-09-14,2024-09-12,735.34,3690.44,Delivered,Inter-City
SHP2669,ORD2669,WH008,VEH006,DRV027,RT007,2025-12-26,2025-12-29,2025-12-27,574.09,1431.18,Delivered,Local
SHP2670,ORD2670,WH003,VEH005,DRV014,RT008,2025-08-13,2025-08-20,2025-08-25,835.33,4297.7,Delayed,Local
SHP2671,ORD2671,WH003,VEH004,DRV021,RT019,2024-01-25,2024-01-26,2024-01-30,700.18,1916.77,Delayed,Local
SHP2672,ORD2672,WH003,VEH001,DRV019,RT009,2025-06-07,2025-06-10,2025-06-13,422.81,3188.82,Delayed,Inter-City
SHP2673,ORD2673,WH008,VEH003,DRV024,RT009,2024-04-23,2024-04-29,2024-04-28,651.65,2788.56,Delivered,Local
SHP2674,ORD2674,WH001,VEH010,DRV021,RT014,2025-07-15,2025-07-20,2025-07-20,578.85,4255.51,Delivered,Local
SHP2675,ORD2675,WH007,VEH010,DRV024,RT015,2025-10-30,2025-11-03,2025-11-02,921.02,6369.25,Delivered,Inter-City
SHP2676,ORD2676,WH008,VEH013,DRV024,RT016,2025-03-19,2025-03-23,2025-03-22,862.02,4210.06,Delivered,Inter-City
SHP2677,ORD2677,WH007,VEH002,DRV036,RT012,2024-05-08,2024-05-09,2024-05-07,672.86,5093.52,Delivered,Inter-City
SHP2678,ORD2678,WH003,VEH019,DRV028,RT010,2024-12-03,2024-12-06,2024-12-06,75.26,314.78,Delivered,Inter-City
SHP2679,ORD2679,WH005,VEH019,DRV040,RT018,2025-06-15,2025-06-19,2025-06-17,138.69,741.97,Delivered,Inter-City
SHP2680,ORD2680,WH008,VEH005,DRV030,RT012,2024-11-02,2024-11-08,2024-11-11,146.03,296.39,Delayed,Local
SHP2681,ORD2681,WH002,VEH018,DRV024,RT002,2025-02-28,2025-03-05,2025-03-05,596.94,3114.39,Delivered,Inter-City
SHP2682,ORD2682,WH004,VEH017,DRV028,RT009,2024-02-05,2024-02-06,2024-02-05,801.4,2274.5,Delivered,Inter-City
SHP2683,ORD2683,WH007,VEH014,DRV013,RT019,2024-02-08,2024-02-10,2024-02-12,801.1,2023.84,Delayed,Local
SHP2684,ORD2684,WH004,VEH002,DRV013,RT003,2025-07-11,2025-07-17,2025-07-17,999.83,6923.39,Delivered,Inter-City
SHP2685,ORD2685,WH004,VEH008,DRV002,RT003,2024-04-21,2024-04-22,2024-04-20,266.53,567.37,Delivered,Local
SHP2686,ORD2686,WH006,VEH009,DRV033,RT018,2024-11-27,2024-11-30,2024-11-28,500.66,2117.38,Delivered,Inter-City
SHP2687,ORD2687,WH005,VEH012,DRV010,RT019,2025-02-06,2025-02-07,2025-02-06,79.45,250.84,Delivered,Local
SHP2688,ORD2688,WH010,VEH015,DRV017,RT012,2025-04-10,2025-04-16,2025-04-14,215.07,524.16,Delivered,Local
SHP2689,ORD2689,WH008,VEH019,DRV035,RT007,2025-10-27,2025-11-01,2025-11-05,714.06,1809.39,Delayed,Inter-City
SHP2690,ORD2690,WH004,VEH011,DRV023,RT013,2025-03-10,2025-03-15,2025-03-14,973.51,3392.35,Delivered,Inter-City
SHP2691,ORD2691,WH004,VEH018,DRV046,RT019,2024-12-29,2025-01-04,2025-01-09,440.18,1541.52,Delayed,Inter-City
SHP2692,ORD2692,WH008,VEH018,DRV010,RT011,2025-11-29,2025-12-03,2025-12-03,694.04,3886.65,Delivered,Inter-City
SHP2693,ORD2693,WH010,VEH004,DRV050,RT014,2024-05-12,2024-05-15,2024-05-14,934.6,3588.04,Delivered,Local
SHP2694,ORD2694,WH008,VEH014,DRV046,RT006,2025-08-29,2025-08-31,2025-08-31,396.37,2898.24,In Transit,Local
SHP2695,ORD2695,WH009,VEH010,DRV009,RT014,2025-06-21,2025-06-28,2025-06-27,837.33,4112.53,Delivered,Local
SHP2696,ORD2696,WH010,VEH015,DRV013,RT014,2025-05-07,2025-05-12,2025-05-10,839.26,6142.27,Delivered,Inter-City
SHP2697,ORD2697,WH001,VEH003,DRV001,RT005,2025-11-01,2025-11-08,2025-11-07,814.12,4591.89,Delivered,Inter-City
SHP2698,ORD2698,WH001,VEH020,DRV021,RT005,2024-01-10,2024-01-12,2024-01-10,955.33,4514.11,Delivered,Inter-City
SHP2699,ORD2699,WH002,VEH005,DRV008,RT012,2025-10-14,2025-10-15,2025-10-13,46.26,168.58,Delivered,Inter-City
SHP2700,ORD2700,WH006,VEH013,DRV011,RT010,2024-10-04,2024-10-08,2024-10-06,186.96,413.91,Delivered,Inter-City
SHP2701,ORD2701,WH007,VEH011,DRV028,RT014,2024-08-10,2024-08-16,2024-08-16,603.62,4776.12,Delivered,Inter-City
SHP2702,ORD2702,WH006,VEH002,DRV034,RT005,2024-10-21,2024-10-23,2024-10-21,135.82,376.13,Delivered,Local
SHP2703,ORD2703,WH004,VEH018,DRV006,RT009,2024-01-15,2024-01-17,2024-01-18,644.99,2504.67,Delayed,Inter-City
SHP2704,ORD2704,WH010,VEH017,DRV019,RT003,2025-11-19,2025-11-22,2025-11-22,65.98,481.98,Delivered,Inter-City
SHP2705,ORD2705,WH009,VEH010,DRV013,RT012,2024-02-20,2024-02-24,2024-02-23,372.23,2441.75,Delivered,Inter-City
SHP2706,ORD2706,WH010,VEH007,DRV048,RT008,2024-07-07,2024-07-12,2024-07-12,855.69,4995.44,Delivered,Inter-City
SHP2707,ORD2707,WH010,VEH020,DRV030,RT001,2024-05-23,2024-05-26,2024-05-25,8.89,67.27,Delivered,Inter-City
SHP2708,ORD2708,WH004,VEH003,DRV002,RT020,2024-01-13,2024-01-17,2024-01-21,100.71,538.15,Delayed,Local
SHP2709,ORD2709,WH004,VEH011,DRV045,RT008,2024-05-12,2024-05-19,2024-05-18,477.34,2796.46,Delivered,Inter-City
SHP2710,ORD2710,WH008,VEH014,DRV023,RT011,2024-09-20,2024-09-24,2024-09-23,69.55,192.21,Delivered,Local
SHP2711,ORD2711,WH006,VEH016,DRV015,RT011,2024-11-24,2024-11-27,2024-11-25,927.12,3456.86,Delivered,Inter-City
SHP2712,ORD2712,WH002,VEH006,DRV025,RT014,2025-03-14,2025-03-15,2025-03-14,891.86,3105.79,Delivered,Inter-City
SHP2713,ORD2713,WH004,VEH019,DRV048,RT005,2025-09-13,2025-09-16,2025-09-16,465.36,1073.13,Delivered,Inter-City
SHP2714,ORD2714,WH003,VEH003,DRV023,RT002,2025-10-19,2025-10-20,2025-10-20,211.66,746.76,In Transit,Inter-City
SHP2715,ORD2715,WH004,VEH008,DRV037,RT002,2025-03-23,2025-03-25,2025-03-24,620.64,4000.1,Delivered,Inter-City
SHP2716,ORD2716,WH010,VEH011,DRV033,RT006,2024-10-21,2024-10-28,2024-10-27,475.79,1565.97,Delivered,Inter-City
SHP2717,ORD2717,WH010,VEH003,DRV009,RT020,2025-09-10,2025-09-17,2025-09-18,224.94,1690.14,Delayed,Inter-City
SHP2718,ORD2718,WH010,VEH004,DRV010,RT015,2024-12-20,2024-12-25,2024-12-25,569.52,3830.06,Delivered,Local
SHP2719,ORD2719,WH006,VEH015,DRV043,RT003,2024-10-21,2024-10-28,2024-10-28,88.85,571.87,Delivered,Local
SHP2720,ORD2720,WH007,VEH006,DRV012,RT002,2025-12-24,2025-12-28,2025-12-31,600.05,1365.2,Delayed,Inter-City
SHP2721,ORD2721,WH005,VEH009,DRV013,RT013,2024-09-14,2024-09-16,2024-09-15,270.71,949.08,Delivered,Inter-City
SHP2722,ORD2722,WH003,VEH019,DRV027,RT019,2024-04-05,2024-04-08,2024-04-10,160.53,1053.22,Delayed,Inter-City
SHP2723,ORD2723,WH001,VEH002,DRV030,RT005,2024-06-18,2024-06-22,2024-06-26,719.21,2469.67,Delayed,Inter-City
SHP2724,ORD2724,WH003,VEH015,DRV033,RT002,2025-10-04,2025-10-09,2025-10-09,902.95,6790.64,In Transit,Inter-City
SHP2725,ORD2725,WH009,VEH011,DRV043,RT016,2024-04-18,2024-04-19,2024-04-17,916.42,2868.51,Delivered,Inter-City
SHP2726,ORD2726,WH006,VEH007,DRV003,RT001,2024-02-14,2024-02-19,2024-02-19,900.01,5394.31,Delivered,Local
SHP2727,ORD2727,WH004,VEH005,DRV022,RT017,2025-03-10,2025-03-16,2025-03-15,932.17,6812.53,Delivered,Inter-City
SHP2728,ORD2728,WH005,VEH013,DRV024,RT018,2025-02-27,2025-02-28,2025-02-27,169.87,1010.46,Delivered,Inter-City
SHP2729,ORD2729,WH008,VEH001,DRV016,RT010,2024-10-07,2024-10-14,2024-10-13,639.53,2124.08,Delivered,Inter-City
SHP2730,ORD2730,WH005,VEH013,DRV023,RT014,2025-06-25,2025-06-28,2025-06-28,337.51,2190.91,Delivered,Inter-City
SHP2731,ORD2731,WH004,VEH011,DRV008,RT015,2024-11-16,2024-11-20,2024-11-20,317.01,2513.47,Delivered,Inter-City
SHP2732,ORD2732,WH002,VEH017,DRV024,RT004,2025-05-26,2025-05-30,2025-05-30,571.04,2466.68,Returned,Local
SHP2733,ORD2733,WH010,VEH012,DRV038,RT014,2024-12-01,2024-12-08,2024-12-12,17.54,117.76,Delayed,Inter-City
SHP2734,ORD2734,WH004,VEH008,DRV029,RT011,2024-06-06,2024-06-08,2024-06-06,843.79,5417.62,Delivered,Inter-City
SHP2735,ORD2735,WH009,VEH009,DRV041,RT005,2024-03-31,2024-04-01,2024-03-30,163.96,1282.92,Delivered,Inter-City
SHP2736,ORD2736,WH003,VEH011,DRV006,RT009,2024-12-12,2024-12-15,2024-12-14,918.22,5328.78,Delivered,Local
SHP2737,ORD2737,WH004,VEH015,DRV042,RT005,2024-08-23,2024-08-27,2024-08-27,399.52,907.09,In Transit,Inter-City
SHP2738,ORD2738,WH002,VEH010,DRV010,RT014,2024-11-10,2024-11-12,2024-11-12,188.96,1337.37,Delivered,Inter-City
SHP2739,ORD2739,WH001,VEH018,DRV005,RT008,2025-05-13,2025-05-15,2025-05-15,592.39,1692.14,Delivered,Inter-City
SHP2740,ORD2740,WH001,VEH020,DRV050,RT007,2025-01-05,2025-01-11,2025-01-13,314.84,2478.94,Delayed,Local
SHP2741,ORD2741,WH004,VEH020,DRV010,RT006,2025-09-13,2025-09-19,2025-09-18,37.77,237.87,Delivered,Local
SHP2742,ORD2742,WH005,VEH019,DRV026,RT005,2025-07-24,2025-07-27,2025-07-27,463.56,2130.11,Delivered,Inter-City
SHP2743,ORD2743,WH010,VEH011,DRV013,RT020,2024-02-25,2024-03-01,2024-02-29,540.8,1770.85,Delivered,Inter-City
SHP2744,ORD2744,WH005,VEH016,DRV026,RT015,2025-12-04,2025-12-09,2025-12-09,55.05,432.8,Delivered,Local
SHP2745,ORD2745,WH009,VEH005,DRV020,RT010,2025-02-12,2025-02-16,2025-02-16,980.64,4181.17,In Transit,Inter-City
SHP2746,ORD2746,WH005,VEH018,DRV015,RT014,2025-12-01,2025-12-08,2025-12-08,681.61,3674.15,Delivered,Inter-City
SHP2747,ORD2747,WH005,VEH007,DRV034,RT014,2025-06-01,2025-06-03,2025-06-03,879.4,5681.29,In Transit,Inter-City
SHP2748,ORD2748,WH001,VEH017,DRV021,RT011,2025-08-16,2025-08-18,2025-08-17,788.19,3596.54,Delivered,Inter-City
SHP2749,ORD2749,WH010,VEH016,DRV012,RT013,2025-01-24,2025-01-29,2025-01-29,214.66,1605.36,Delivered,Inter-City
SHP2750,ORD2750,WH003,VEH011,DRV029,RT006,2025-05-14,2025-05-16,2025-05-14,945.75,5964.88,Delivered,Local
SHP2751,ORD2751,WH007,VEH018,DRV046,RT020,2025-12-29,2025-12-31,2025-12-30,961.14,6118.55,Delivered,Local
SHP2752,ORD2752,WH005,VEH015,DRV012,RT007,2025-11-19,2025-11-25,2025-11-25,257.05,901.84,Delivered,Inter-City
SHP2753,ORD2753,WH007,VEH014,DRV026,RT004,2024-02-17,2024-02-20,2024-02-20,104.63,809.68,Returned,Inter-City
SHP2754,ORD2754,WH010,VEH013,DRV006,RT018,2024-02-19,2024-02-23,2024-02-21,398.88,1999.55,Delivered,Inter-City
SHP2755,ORD2755,WH009,VEH013,DRV049,RT017,2025-12-13,2025-12-18,2025-12-17,942.93,5371.35,Delivered,Inter-City
SHP2756,ORD2756,WH003,VEH009,DRV017,RT020,2024-09-17,2024-09-18,2024-09-18,681.78,4621.03,Delivered,Local
SHP2757,ORD2757,WH010,VEH012,DRV006,RT017,2025-03-13,2025-03-18,2025-03-21,420.0,1058.43,Delayed,Inter-City
SHP2758,ORD2758,WH005,VEH009,DRV004,RT018,2025-07-07,2025-07-09,2025-07-07,657.5,4742.52,Delivered,Local
SHP2759,ORD2759,WH009,VEH008,DRV035,RT001,2024-05-04,2024-05-08,2024-05-06,742.5,2678.29,Delivered,Inter-City
SHP2760,ORD2760,WH007,VEH019,DRV005,RT005,2025-10-22,2025-10-29,2025-10-29,496.49,2464.08,Delivered,Inter-City
SHP2761,ORD2761,WH004,VEH020,DRV036,RT001,2024-04-03,2024-04-10,2024-04-08,877.27,2596.42,Delivered,Inter-City
SHP2762,ORD2762,WH001,VEH003,DRV025,RT007,2024-04-08,2024-04-13,2024-04-12,184.48,375.49,Delivered,Local
SHP2763,ORD2763,WH003,VEH008,DRV038,RT004,2025-01-07,2025-01-09,2025-01-09,77.83,246.65,Delivered,Inter-City
SHP2764,ORD2764,WH007,VEH007,DRV044,RT003,2024-10-25,2024-11-01,2024-11-01,595.68,1825.52,Delivered,Local
SHP2765,ORD2765,WH003,VEH016,DRV003,RT006,2024-09-07,2024-09-08,2024-09-06,596.83,2720.76,Delivered,Inter-City
SHP2766,ORD2766,WH003,VEH002,DRV008,RT006,2025-09-29,2025-10-02,2025-10-02,606.37,4478.28,Returned,Inter-City
SHP2767,ORD2767,WH004,VEH004,DRV043,RT015,2025-05-12,2025-05-18,2025-05-17,401.86,2190.85,Delivered,Inter-City
SHP2768,ORD2768,WH001,VEH001,DRV045,RT001,2025-12-07,2025-12-08,2025-12-06,583.92,4663.25,Delivered,Inter-City
SHP2769,ORD2769,WH002,VEH015,DRV025,RT011,2024-08-05,2024-08-12,2024-08-12,758.97,5794.03,In Transit,Inter-City
SHP2770,ORD2770,WH005,VEH017,DRV016,RT009,2024-08-11,2024-08-18,2024-08-16,910.12,4446.63,Delivered,Inter-City
SHP2771,ORD2771,WH006,VEH003,DRV021,RT010,2025-05-19,2025-05-22,2025-05-22,438.19,1179.44,Returned,Inter-City
SHP2772,ORD2772,WH008,VEH002,DRV046,RT018,2025-04-08,2025-04-09,2025-04-09,485.22,2522.29,Delivered,Inter-City
SHP2773,ORD2773,WH003,VEH002,DRV017,RT002,2024-02-17,2024-02-22,2024-02-22,658.5,4212.2,Delivered,Inter-City
SHP2774,ORD2774,WH009,VEH001,DRV035,RT007,2024-10-16,2024-10-22,2024-10-20,570.06,1530.15,Delivered,Inter-City
SHP2775,ORD2775,WH004,VEH006,DRV008,RT013,2025-11-13,2025-11-19,2025-11-19,29.88,214.14,Delivered,Inter-City
SHP2776,ORD2776,WH004,VEH006,DRV017,RT003,2025-07-13,2025-07-15,2025-07-15,684.82,4468.3,Delivered,Inter-City
SHP2777,ORD2777,WH003,VEH015,DRV025,RT006,2025-01-04,2025-01-06,2025-01-04,869.6,6351.85,Delivered,Inter-City
SHP2778,ORD2778,WH002,VEH008,DRV008,RT004,2025-03-23,2025-03-27,2025-03-25,349.59,1307.75,Delivered,Local
SHP2779,ORD2779,WH009,VEH007,DRV011,RT013,2025-05-20,2025-05-26,2025-05-26,106.01,693.81,Delivered,Inter-City
SHP2780,ORD2780,WH007,VEH015,DRV033,RT004,2024-04-25,2024-05-02,2024-05-01,987.28,4748.51,Delivered,Inter-City
SHP2781,ORD2781,WH009,VEH014,DRV048,RT005,2025-09-04,2025-09-05,2025-09-05,323.26,1292.57,Delivered,Local
SHP2782,ORD2782,WH009,VEH013,DRV017,RT006,2025-03-18,2025-03-22,2025-03-22,780.82,2361.04,Delivered,Inter-City
SHP2783,ORD2783,WH001,VEH020,DRV037,RT010,2024-03-26,2024-03-30,2024-03-28,807.89,6185.95,Delivered,Inter-City
SHP2784,ORD2784,WH004,VEH001,DRV019,RT001,2025-01-04,2025-01-11,2025-01-11,201.4,1137.91,In Transit,Inter-City
SHP2785,ORD2785,WH005,VEH003,DRV004,RT011,2024-01-29,2024-02-02,2024-02-01,796.39,1605.34,Delivered,Inter-City
SHP2786,ORD2786,WH005,VEH017,DRV021,RT006,2025-07-14,2025-07-17,2025-07-16,929.44,4349.3,Delivered,Local
SHP2787,ORD2787,WH004,VEH016,DRV033,RT009,2025-03-22,2025-03-26,2025-03-24,494.68,3167.45,Delivered,Inter-City
SHP2788,ORD2788,WH009,VEH008,DRV002,RT015,2025-02-06,2025-02-09,2025-02-07,297.64,667.32,Delivered,Inter-City
SHP2789,ORD2789,WH009,VEH008,DRV021,RT011,2024-01-08,2024-01-09,2024-01-13,903.26,4201.24,Delayed,Inter-City
SHP2790,ORD2790,WH008,VEH020,DRV029,RT008,2024-05-20,2024-05-25,2024-05-25,566.88,1534.45,Delivered,Inter-City
SHP2791,ORD2791,WH009,VEH008,DRV009,RT001,2025-01-04,2025-01-05,2025-01-05,752.65,1790.75,Delivered,Local
SHP2792,ORD2792,WH004,VEH009,DRV002,RT014,2024-07-19,2024-07-26,2024-07-25,536.49,1307.95,Delivered,Inter-City
SHP2793,ORD2793,WH010,VEH020,DRV003,RT012,2024-01-31,2024-02-02,2024-02-01,46.25,179.86,Delivered,Local
SHP2794,ORD2794,WH002,VEH016,DRV041,RT009,2025-05-01,2025-05-08,2025-05-08,720.42,3433.04,Delivered,Inter-City
SHP2795,ORD2795,WH007,VEH009,DRV035,RT012,2025-03-26,2025-03-31,2025-03-30,912.8,4871.53,Delivered,Inter-City
SHP2796,ORD2796,WH004,VEH003,DRV011,RT009,2024-02-27,2024-03-02,2024-02-29,661.94,1424.12,Delivered,Inter-City
SHP2797,ORD2797,WH005,VEH018,DRV044,RT003,2024-09-09,2024-09-14,2024-09-12,523.61,2861.68,Delivered,Inter-City
SHP2798,ORD2798,WH002,VEH004,DRV049,RT009,2024-12-09,2024-12-15,2024-12-14,502.35,3100.11,Delivered,Inter-City
SHP2799,ORD2799,WH008,VEH015,DRV027,RT003,2025-08-21,2025-08-28,2025-08-27,133.6,719.7,Delivered,Inter-City
SHP2800,ORD2800,WH001,VEH004,DRV031,RT002,2025-08-04,2025-08-06,2025-08-07,452.6,1737.32,Delayed,Inter-City
SHP2801,ORD2801,WH002,VEH016,DRV030,RT002,2024-05-12,2024-05-14,2024-05-12,209.61,424.5,Delivered,Inter-City
SHP2802,ORD2802,WH006,VEH008,DRV020,RT015,2025-05-31,2025-06-07,2025-06-07,443.23,2633.99,Delivered,Inter-City
SHP2803,ORD2803,WH006,VEH007,DRV047,RT005,2024-03-01,2024-03-06,2024-03-09,637.93,3742.1,Delayed,Inter-City
SHP2804,ORD2804,WH003,VEH018,DRV018,RT017,2025-07-31,2025-08-05,2025-08-05,476.93,1628.39,In Transit,Local
SHP2805,ORD2805,WH009,VEH016,DRV012,RT015,2024-06-24,2024-06-29,2024-06-27,877.03,2754.79,Delivered,Inter-City
SHP2806,ORD2806,WH006,VEH016,DRV044,RT001,2024-06-16,2024-06-22,2024-06-21,34.86,240.31,Delivered,Inter-City
SHP2807,ORD2807,WH004,VEH019,DRV033,RT013,2025-11-12,2025-11-16,2025-11-18,715.3,4863.65,Delayed,Inter-City
SHP2808,ORD2808,WH005,VEH013,DRV019,RT018,2024-10-19,2024-10-22,2024-10-22,678.94,2370.02,Delivered,Inter-City
SHP2809,ORD2809,WH009,VEH008,DRV021,RT013,2025-11-24,2025-11-27,2025-11-27,711.56,3996.74,Delivered,Local
SHP2810,ORD2810,WH009,VEH018,DRV027,RT015,2025-02-18,2025-02-20,2025-02-20,475.95,1904.25,Delivered,Local
SHP2811,ORD2811,WH004,VEH008,DRV020,RT001,2025-02-03,2025-02-09,2025-02-11,61.24,160.83,Delayed,Inter-City
SHP2812,ORD2812,WH007,VEH007,DRV016,RT009,2024-03-01,2024-03-02,2024-03-02,265.49,1928.83,In Transit,Inter-City
SHP2813,ORD2813,WH002,VEH012,DRV026,RT007,2024-09-18,2024-09-24,2024-09-24,985.02,3016.44,In Transit,Inter-City
SHP2814,ORD2814,WH007,VEH007,DRV026,RT006,2025-06-24,2025-06-29,2025-06-28,186.04,614.47,Delivered,Inter-City
SHP2815,ORD2815,WH006,VEH015,DRV003,RT010,2024-10-09,2024-10-12,2024-10-11,366.25,2307.23,Delivered,Local
SHP2816,ORD2816,WH005,VEH007,DRV018,RT010,2024-05-30,2024-05-31,2024-05-31,109.73,443.0,Delivered,Inter-City
SHP2817,ORD2817,WH010,VEH009,DRV019,RT019,2024-12-06,2024-12-10,2024-12-08,292.37,1927.26,Delivered,Inter-City
SHP2818,ORD2818,WH002,VEH018,DRV035,RT010,2024-07-02,2024-07-09,2024-07-07,769.43,3286.54,Delivered,Inter-City
SHP2819,ORD2819,WH009,VEH004,DRV024,RT003,2024-06-14,2024-06-19,2024-06-19,127.4,950.29,Delivered,Inter-City
SHP2820,ORD2820,WH005,VEH016,DRV042,RT020,2024-06-26,2024-06-29,2024-06-27,390.46,1198.01,Delivered,Inter-City
SHP2821,ORD2821,WH010,VEH017,DRV029,RT006,2024-09-16,2024-09-20,2024-09-18,208.28,684.5,Delivered,Local
SHP2822,ORD2822,WH010,VEH020,DRV034,RT016,2025-01-18,2025-01-25,2025-01-23,572.07,1550.04,Delivered,Inter-City
SHP2823,ORD2823,WH004,VEH001,DRV004,RT015,2024-11-19,2024-11-26,2024-11-26,264.79,2089.04,Delivered,Local
SHP2824,ORD2824,WH002,VEH017,DRV015,RT009,2025-05-06,2025-05-11,2025-05-13,917.81,6779.04,Delayed,Inter-City
SHP2825,ORD2825,WH001,VEH011,DRV030,RT018,2024-06-24,2024-06-27,2024-06-26,741.45,5921.11,Delivered,Inter-City
SHP2826,ORD2826,WH001,VEH017,DRV006,RT005,2024-09-14,2024-09-18,2024-09-17,904.57,3104.19,Delivered,Inter-City
SHP2827,ORD2827,WH008,VEH018,DRV041,RT013,2024-06-21,2024-06-24,2024-06-24,746.05,5913.73,Delivered,Inter-City
SHP2828,ORD2828,WH002,VEH009,DRV041,RT014,2024-01-14,2024-01-18,2024-01-18,423.61,2736.81,In Transit,Inter-City
SHP2829,ORD2829,WH007,VEH004,DRV047,RT001,2025-01-21,2025-01-28,2025-01-26,628.52,2170.95,Delivered,Local
SHP2830,ORD2830,WH008,VEH010,DRV039,RT004,2024-05-30,2024-06-06,2024-06-06,521.28,2578.52,Delivered,Inter-City
SHP2831,ORD2831,WH001,VEH013,DRV022,RT001,2025-03-10,2025-03-11,2025-03-10,440.58,1806.37,Delivered,Inter-City
SHP2832,ORD2832,WH001,VEH004,DRV007,RT006,2024-11-22,2024-11-23,2024-11-23,728.51,2291.94,Delivered,Local
SHP2833,ORD2833,WH007,VEH002,DRV001,RT009,2024-02-23,2024-02-25,2024-02-29,169.23,1281.09,Delayed,Local
SHP2834,ORD2834,WH010,VEH018,DRV027,RT017,2024-08-20,2024-08-26,2024-08-26,117.26,355.99,Delivered,Inter-City
SHP2835,ORD2835,WH009,VEH013,DRV006,RT009,2025-12-19,2025-12-24,2025-12-22,298.88,1264.73,Delivered,Inter-City
SHP2836,ORD2836,WH008,VEH020,DRV026,RT013,2025-09-24,2025-09-29,2025-09-27,753.69,3554.37,Delivered,Inter-City
SHP2837,ORD2837,WH005,VEH006,DRV003,RT002,2025-10-24,2025-10-25,2025-10-24,89.35,628.03,Delivered,Inter-City
SHP2838,ORD2838,WH003,VEH009,DRV026,RT001,2025-10-19,2025-10-23,2025-10-23,842.98,2543.67,Delivered,Inter-City
SHP2839,ORD2839,WH009,VEH014,DRV005,RT012,2025-08-15,2025-08-18,2025-08-18,521.22,3940.24,Delivered,Inter-City
SHP2840,ORD2840,WH006,VEH020,DRV046,RT020,2024-10-06,2024-10-10,2024-10-09,661.4,4090.87,Delivered,Inter-City
SHP2841,ORD2841,WH004,VEH016,DRV045,RT020,2025-05-30,2025-06-01,2025-05-30,233.47,943.24,Delivered,Inter-City
SHP2842,ORD2842,WH008,VEH016,DRV037,RT016,2025-11-06,2025-11-13,2025-11-11,643.11,4560.75,Delivered,Inter-City
SHP2843,ORD2843,WH004,VEH013,DRV029,RT014,2024-01-17,2024-01-21,2024-01-20,721.29,1874.08,Delivered,Inter-City
SHP2844,ORD2844,WH006,VEH019,DRV014,RT020,2024-10-06,2024-10-12,2024-10-10,537.81,2096.79,Delivered,Inter-City
SHP2845,ORD2845,WH005,VEH008,DRV037,RT002,2024-08-30,2024-09-02,2024-09-01,743.36,5387.45,Delivered,Local
SHP2846,ORD2846,WH009,VEH012,DRV050,RT018,2025-10-09,2025-10-13,2025-10-11,634.56,2727.59,Delivered,Inter-City
SHP2847,ORD2847,WH001,VEH020,DRV027,RT007,2024-12-31,2025-01-03,2025-01-01,470.66,3531.6,Delivered,Inter-City
SHP2848,ORD2848,WH001,VEH016,DRV021,RT003,2024-06-24,2024-06-25,2024-06-25,93.16,348.96,Delivered,Inter-City
SHP2849,ORD2849,WH007,VEH006,DRV043,RT005,2025-01-23,2025-01-26,2025-01-24,289.28,758.69,Delivered,Inter-City
SHP2850,ORD2850,WH001,VEH005,DRV018,RT012,2025-08-19,2025-08-22,2025-08-22,504.2,3981.17,Delivered,Inter-City
SHP2851,ORD2851,WH010,VEH008,DRV021,RT013,2025-01-17,2025-01-19,2025-01-18,161.69,591.55,Delivered,Inter-City
SHP2852,ORD2852,WH004,VEH016,DRV050,RT015,2025-08-27,2025-08-30,2025-08-31,823.84,5220.19,Delayed,Inter-City
SHP2853,ORD2853,WH007,VEH012,DRV050,RT011,2025-04-14,2025-04-16,2025-04-15,876.11,3076.94,Delivered,Inter-City
SHP2854,ORD2854,WH006,VEH005,DRV022,RT003,2024-06-23,2024-06-25,2024-06-24,938.52,6069.24,Delivered,Inter-City
SHP2855,ORD2855,WH005,VEH014,DRV030,RT019,2025-10-17,2025-10-18,2025-10-19,661.37,4518.88,Delayed,Local
SHP2856,ORD2856,WH003,VEH006,DRV031,RT019,2025-10-11,2025-10-13,2025-10-11,277.38,1695.88,Delivered,Inter-City
SHP2857,ORD2857,WH007,VEH011,DRV011,RT007,2025-10-01,2025-10-05,2025-10-04,258.52,1871.83,Delivered,Inter-City
SHP2858,ORD2858,WH010,VEH020,DRV004,RT005,2024-03-02,2024-03-09,2024-03-09,666.45,2690.14,Delivered,Inter-City
SHP2859,ORD2859,WH001,VEH015,DRV001,RT002,2025-07-27,2025-07-30,2025-07-30,345.78,2173.92,Delivered,Local
SHP2860,ORD2860,WH003,VEH010,DRV010,RT014,2025-07-31,2025-08-06,2025-08-06,323.28,2370.82,In Transit,Local
SHP2861,ORD2861,WH004,VEH018,DRV022,RT003,2025-12-25,2025-12-27,2025-12-25,941.88,6804.59,Delivered,Local
SHP2862,ORD2862,WH007,VEH008,DRV022,RT006,2025-09-21,2025-09-24,2025-09-23,74.97,208.79,Delivered,Local
SHP2863,ORD2863,WH007,VEH006,DRV002,RT009,2024-03-01,2024-03-06,2024-03-05,145.03,636.28,Delivered,Inter-City
SHP2864,ORD2864,WH004,VEH007,DRV017,RT014,2024-03-19,2024-03-20,2024-03-18,600.82,3096.3,Delivered,Inter-City
SHP2865,ORD2865,WH004,VEH015,DRV010,RT017,2024-07-02,2024-07-08,2024-07-12,902.42,7200.95,Delayed,Inter-City
SHP2866,ORD2866,WH004,VEH007,DRV045,RT017,2024-02-12,2024-02-15,2024-02-15,713.34,4050.22,Delivered,Local
SHP2867,ORD2867,WH008,VEH003,DRV025,RT002,2024-09-08,2024-09-10,2024-09-10,985.49,6334.64,Returned,Local
SHP2868,ORD2868,WH004,VEH002,DRV033,RT012,2024-10-25,2024-10-28,2024-10-29,531.5,2024.04,Delayed,Local
SHP2869,ORD2869,WH007,VEH014,DRV004,RT006,2025-11-24,2025-11-25,2025-11-25,632.31,4747.5,In Transit,Inter-City
SHP2870,ORD2870,WH002,VEH008,DRV031,RT018,2025-07-07,2025-07-08,2025-07-06,162.55,1211.16,Delivered,Inter-City
SHP2871,ORD2871,WH001,VEH019,DRV016,RT014,2025-05-12,2025-05-18,2025-05-16,932.14,4653.27,Delivered,Inter-City
SHP2872,ORD2872,WH008,VEH015,DRV030,RT008,2025-03-02,2025-03-05,2025-03-04,380.59,1576.59,Delivered,Inter-City
SHP2873,ORD2873,WH005,VEH011,DRV040,RT002,2024-08-01,2024-08-04,2024-08-02,115.27,459.34,Delivered,Local
SHP2874,ORD2874,WH005,VEH007,DRV023,RT004,2024-04-20,2024-04-21,2024-04-21,384.91,1241.69,Delivered,Local
SHP2875,ORD2875,WH006,VEH012,DRV014,RT008,2024-02-20,2024-02-25,2024-02-23,732.93,2060.83,Delivered,Local
SHP2876,ORD2876,WH004,VEH007,DRV042,RT003,2024-07-29,2024-08-01,2024-07-30,746.48,1805.73,Delivered,Local
SHP2877,ORD2877,WH009,VEH011,DRV022,RT001,2025-04-20,2025-04-21,2025-04-21,379.63,798.81,Delivered,Local
SHP2878,ORD2878,WH003,VEH014,DRV001,RT013,2025-03-26,2025-03-29,2025-03-27,110.59,640.7,Delivered,Local
SHP2879,ORD2879,WH002,VEH010,DRV020,RT017,2025-05-03,2025-05-07,2025-05-07,161.4,1225.88,Returned,Local
SHP2880,ORD2880,WH007,VEH010,DRV036,RT008,2024-09-18,2024-09-24,2024-09-24,455.9,3315.53,Delivered,Local
SHP2881,ORD2881,WH010,VEH015,DRV016,RT002,2024-06-27,2024-07-02,2024-07-01,58.41,315.46,Delivered,Inter-City
SHP2882,ORD2882,WH008,VEH006,DRV023,RT006,2025-11-13,2025-11-14,2025-11-14,232.75,1579.36,Delivered,Inter-City
SHP2883,ORD2883,WH006,VEH017,DRV040,RT007,2025-04-09,2025-04-13,2025-04-13,769.57,2281.66,In Transit,Inter-City
SHP2884,ORD2884,WH009,VEH006,DRV035,RT009,2025-06-27,2025-07-04,2025-07-02,604.57,1516.14,Delivered,Inter-City
SHP2885,ORD2885,WH010,VEH010,DRV039,RT012,2024-03-25,2024-03-29,2024-03-27,726.6,4177.69,Delivered,Inter-City
SHP2886,ORD2886,WH002,VEH019,DRV018,RT011,2025-02-07,2025-02-13,2025-02-12,998.44,4588.19,Delivered,Inter-City
SHP2887,ORD2887,WH006,VEH005,DRV016,RT019,2024-01-07,2024-01-08,2024-01-07,77.19,325.93,Delivered,Local
SHP2888,ORD2888,WH005,VEH005,DRV048,RT017,2025-01-19,2025-01-23,2025-01-23,540.65,2152.55,In Transit,Inter-City
SHP2889,ORD2889,WH008,VEH001,DRV005,RT017,2025-08-25,2025-08-29,2025-08-28,601.12,2452.51,Delivered,Local
SHP2890,ORD2890,WH001,VEH004,DRV044,RT010,2025-01-19,2025-01-23,2025-01-24,749.87,4271.55,Delayed,Local
SHP2891,ORD2891,WH004,VEH014,DRV032,RT005,2025-10-19,2025-10-22,2025-10-23,744.19,5540.88,Delayed,Local
SHP2892,ORD2892,WH001,VEH002,DRV045,RT010,2025-11-13,2025-11-14,2025-11-18,486.14,3046.4,Delayed,Inter-City
SHP2893,ORD2893,WH008,VEH008,DRV018,RT014,2024-02-13,2024-02-19,2024-02-19,110.32,285.34,Delivered,Inter-City
SHP2894,ORD2894,WH005,VEH001,DRV048,RT016,2025-08-24,2025-08-29,2025-08-29,802.88,5198.28,Delivered,Local
SHP2895,ORD2895,WH007,VEH009,DRV023,RT016,2024-11-27,2024-12-04,2024-12-06,490.36,1829.77,Delayed,Inter-City
SHP2896,ORD2896,WH003,VEH017,DRV046,RT007,2024-05-08,2024-05-15,2024-05-13,755.67,3732.49,Delivered,Local
SHP2897,ORD2897,WH009,VEH011,DRV006,RT012,2025-11-27,2025-11-28,2025-11-27,907.73,3946.42,Delivered,Inter-City
SHP2898,ORD2898,WH009,VEH003,DRV023,RT012,2025-04-24,2025-04-25,2025-04-23,328.48,2304.32,Delivered,Inter-City
SHP2899,ORD2899,WH007,VEH003,DRV027,RT014,2025-07-27,2025-08-01,2025-08-01,892.03,7031.09,In Transit,Local
SHP2900,ORD2900,WH010,VEH008,DRV027,RT008,2025-02-01,2025-02-04,2025-02-03,641.03,2596.05,Delivered,Inter-City
SHP2901,ORD2901,WH006,VEH011,DRV008,RT014,2024-04-29,2024-05-06,2024-05-06,222.99,1231.37,Delivered,Local
SHP2902,ORD2902,WH007,VEH007,DRV012,RT005,2024-09-24,2024-09-27,2024-09-27,513.21,2175.58,Delivered,Inter-City
SHP2903,ORD2903,WH010,VEH013,DRV005,RT019,2024-05-11,2024-05-12,2024-05-12,643.03,2943.75,Delivered,Local
SHP2904,ORD2904,WH010,VEH015,DRV048,RT010,2025-07-25,2025-08-01,2025-07-30,877.97,4809.87,Delivered,Inter-City
SHP2905,ORD2905,WH009,VEH010,DRV034,RT016,2025-08-07,2025-08-14,2025-08-12,629.34,4998.48,Delivered,Inter-City
SHP2906,ORD2906,WH004,VEH003,DRV037,RT014,2024-08-17,2024-08-18,2024-08-17,166.23,957.79,Delivered,Inter-City
SHP2907,ORD2907,WH005,VEH007,DRV025,RT019,2024-07-06,2024-07-08,2024-07-07,814.64,5206.08,Delivered,Inter-City
SHP2908,ORD2908,WH007,VEH009,DRV009,RT008,2024-01-05,2024-01-06,2024-01-06,485.26,2150.77,Delivered,Inter-City
SHP2909,ORD2909,WH001,VEH004,DRV032,RT013,2024-07-27,2024-07-28,2024-07-26,95.02,660.67,Delivered,Inter-City
SHP2910,ORD2910,WH007,VEH008,DRV030,RT001,2025-06-20,2025-06-23,2025-06-21,349.17,2400.13,Delivered,Inter-City
SHP2911,ORD2911,WH001,VEH014,DRV010,RT006,2024-07-16,2024-07-17,2024-07-17,416.16,1702.01,In Transit,Local
SHP2912,ORD2912,WH008,VEH007,DRV042,RT012,2025-05-17,2025-05-21,2025-05-20,394.63,2521.08,Delivered,Inter-City
SHP2913,ORD2913,WH003,VEH020,DRV034,RT010,2024-03-07,2024-03-08,2024-03-08,800.26,5825.28,In Transit,Inter-City
SHP2914,ORD2914,WH001,VEH007,DRV048,RT006,2025-04-25,2025-04-27,2025-04-27,221.91,613.53,Delivered,Inter-City
SHP2915,ORD2915,WH009,VEH006,DRV046,RT015,2024-11-07,2024-11-14,2024-11-12,987.02,3200.03,Delivered,Local
SHP2916,ORD2916,WH006,VEH005,DRV044,RT008,2024-12-15,2024-12-22,2024-12-21,85.46,456.42,Delivered,Inter-City
SHP2917,ORD2917,WH003,VEH001,DRV016,RT018,2024-01-04,2024-01-10,2024-01-09,857.66,5176.49,Delivered,Inter-City
SHP2918,ORD2918,WH010,VEH011,DRV033,RT014,2024-05-22,2024-05-28,2024-05-28,564.37,1805.55,Delivered,Inter-City
SHP2919,ORD2919,WH002,VEH004,DRV007,RT006,2025-05-29,2025-06-05,2025-06-05,469.3,3177.64,Delivered,Inter-City
SHP2920,ORD2920,WH001,VEH007,DRV041,RT013,2025-03-10,2025-03-14,2025-03-14,396.28,1725.28,Returned,Inter-City
SHP2921,ORD2921,WH010,VEH010,DRV031,RT006,2025-06-03,2025-06-04,2025-06-02,250.03,1121.35,Delivered,Local
SHP2922,ORD2922,WH006,VEH019,DRV033,RT009,2024-12-10,2024-12-11,2024-12-11,205.05,1251.46,Delivered,Inter-City
SHP2923,ORD2923,WH010,VEH002,DRV046,RT006,2025-11-14,2025-11-20,2025-11-18,281.69,2241.98,Delivered,Local
SHP2924,ORD2924,WH004,VEH016,DRV024,RT007,2024-12-19,2024-12-25,2024-12-23,201.95,1303.3,Delivered,Inter-City
SHP2925,ORD2925,WH004,VEH005,DRV046,RT009,2024-12-17,2024-12-19,2024-12-17,450.97,2765.34,Delivered,Inter-City
SHP2926,ORD2926,WH007,VEH015,DRV007,RT019,2025-10-08,2025-10-11,2025-10-11,814.23,5675.18,Delivered,Inter-City
SHP2927,ORD2927,WH004,VEH002,DRV024,RT013,2025-05-28,2025-06-01,2025-06-06,66.28,446.6,Delayed,Inter-City
SHP2928,ORD2928,WH003,VEH013,DRV022,RT005,2024-10-17,2024-10-24,2024-10-29,295.65,1552.42,Delayed,Inter-City
SHP2929,ORD2929,WH002,VEH017,DRV023,RT006,2025-09-05,2025-09-10,2025-09-10,510.14,3773.39,Delivered,Inter-City
SHP2930,ORD2930,WH001,VEH003,DRV021,RT004,2024-10-10,2024-10-15,2024-10-14,444.51,1992.27,Delivered,Inter-City
SHP2931,ORD2931,WH010,VEH003,DRV016,RT013,2024-03-27,2024-03-31,2024-03-30,443.26,3118.28,Delivered,Inter-City
SHP2932,ORD2932,WH003,VEH017,DRV011,RT005,2025-12-21,2025-12-28,2025-12-27,112.98,610.65,Delivered,Local
SHP2933,ORD2933,WH006,VEH009,DRV046,RT019,2025-11-13,2025-11-20,2025-11-20,889.92,6889.71,Delivered,Inter-City
SHP2934,ORD2934,WH010,VEH010,DRV036,RT009,2025-08-17,2025-08-24,2025-08-24,300.02,1807.75,In Transit,Inter-City
SHP2935,ORD2935,WH005,VEH011,DRV030,RT016,2025-02-23,2025-03-02,2025-03-01,81.44,593.57,Delivered,Inter-City
SHP2936,ORD2936,WH009,VEH018,DRV028,RT011,2025-10-02,2025-10-05,2025-10-05,778.06,6021.95,Delivered,Local
SHP2937,ORD2937,WH001,VEH019,DRV006,RT012,2025-08-31,2025-09-03,2025-09-03,721.66,4668.34,In Transit,Inter-City
SHP2938,ORD2938,WH009,VEH007,DRV010,RT007,2025-07-31,2025-08-06,2025-08-09,959.48,6275.72,Delayed,Inter-City
SHP2939,ORD2939,WH004,VEH013,DRV001,RT004,2025-08-16,2025-08-23,2025-08-22,91.53,532.95,Delivered,Inter-City
SHP2940,ORD2940,WH001,VEH014,DRV025,RT004,2025-07-29,2025-08-05,2025-08-04,673.0,3000.62,Delivered,Inter-City
SHP2941,ORD2941,WH009,VEH016,DRV035,RT002,2025-03-24,2025-03-26,2025-03-26,670.6,1458.16,Delivered,Inter-City
SHP2942,ORD2942,WH004,VEH007,DRV036,RT018,2024-04-12,2024-04-13,2024-04-13,162.15,1062.1,Returned,Inter-City
SHP2943,ORD2943,WH010,VEH020,DRV028,RT013,2025-05-03,2025-05-07,2025-05-09,445.66,3416.23,Delayed,Inter-City
SHP2944,ORD2944,WH004,VEH015,DRV015,RT010,2024-09-13,2024-09-18,2024-09-18,986.99,4196.69,Delivered,Inter-City
SHP2945,ORD2945,WH007,VEH016,DRV001,RT015,2025-10-17,2025-10-18,2025-10-23,630.78,1271.06,Delayed,Inter-City
SHP2946,ORD2946,WH007,VEH011,DRV032,RT010,2024-07-17,2024-07-22,2024-07-21,491.67,1083.54,Delivered,Inter-City
SHP2947,ORD2947,WH005,VEH013,DRV029,RT007,2025-09-07,2025-09-09,2025-09-09,395.51,2513.39,Delivered,Inter-City
SHP2948,ORD2948,WH001,VEH019,DRV048,RT011,2024-10-04,2024-10-08,2024-10-06,655.53,3258.59,Delivered,Inter-City
SHP2949,ORD2949,WH004,VEH002,DRV049,RT012,2025-06-13,2025-06-18,2025-06-22,536.13,1259.26,Delayed,Inter-City
SHP2950,ORD2950,WH003,VEH011,DRV014,RT004,2024-05-19,2024-05-24,2024-05-24,425.31,3101.86,Delivered,Inter-City
SHP2951,ORD2951,WH003,VEH011,DRV018,RT016,2025-06-04,2025-06-05,2025-06-03,37.5,148.75,Delivered,Inter-City
SHP2952,ORD2952,WH001,VEH010,DRV001,RT003,2024-10-27,2024-10-31,2024-10-31,832.82,4705.75,Delivered,Inter-City
SHP2953,ORD2953,WH008,VEH001,DRV003,RT001,2024-03-13,2024-03-18,2024-03-18,673.17,5248.74,Returned,Local
SHP2954,ORD2954,WH001,VEH015,DRV014,RT017,2025-06-02,2025-06-05,2025-06-04,395.53,2968.87,Delivered,Inter-City
SHP2955,ORD2955,WH004,VEH010,DRV047,RT016,2024-10-16,2024-10-18,2024-10-18,845.33,5511.07,In Transit,Inter-City
SHP2956,ORD2956,WH004,VEH019,DRV041,RT002,2025-07-21,2025-07-26,2025-07-25,109.11,288.47,Delivered,Local
SHP2957,ORD2957,WH009,VEH011,DRV037,RT013,2025-05-24,2025-05-25,2025-05-23,222.94,591.96,Delivered,Inter-City
SHP2958,ORD2958,WH001,VEH012,DRV019,RT005,2025-11-07,2025-11-12,2025-11-10,256.85,1735.72,Delivered,Local
SHP2959,ORD2959,WH003,VEH012,DRV041,RT003,2024-04-16,2024-04-17,2024-04-15,657.93,2090.84,Delivered,Inter-City
SHP2960,ORD2960,WH006,VEH020,DRV020,RT001,2025-08-14,2025-08-17,2025-08-17,663.52,2452.45,Delivered,Inter-City
SHP2961,ORD2961,WH003,VEH011,DRV037,RT015,2025-09-28,2025-10-03,2025-10-01,821.33,1821.8,Delivered,Local
SHP2962,ORD2962,WH004,VEH005,DRV016,RT018,2025-07-09,2025-07-15,2025-07-15,450.42,2032.49,Returned,Inter-City
SHP2963,ORD2963,WH008,VEH013,DRV028,RT002,2025-10-09,2025-10-13,2025-10-13,842.34,4330.92,Delivered,Local
SHP2964,ORD2964,WH006,VEH003,DRV013,RT010,2024-01-18,2024-01-24,2024-01-24,566.35,3912.71,Delivered,Inter-City
SHP2965,ORD2965,WH008,VEH018,DRV014,RT018,2025-04-17,2025-04-20,2025-04-19,670.78,3967.57,Delivered,Inter-City
SHP2966,ORD2966,WH001,VEH017,DRV007,RT017,2024-07-20,2024-07-24,2024-07-24,165.27,1080.43,Delivered,Inter-City
SHP2967,ORD2967,WH004,VEH020,DRV044,RT015,2025-12-23,2025-12-24,2025-12-24,387.9,1664.59,Delivered,Inter-City
SHP2968,ORD2968,WH009,VEH006,DRV001,RT016,2024-05-05,2024-05-08,2024-05-07,561.44,2978.77,Delivered,Inter-City
SHP2969,ORD2969,WH002,VEH008,DRV015,RT004,2024-03-20,2024-03-27,2024-03-26,511.81,1197.06,Delivered,Inter-City
SHP2970,ORD2970,WH008,VEH015,DRV026,RT015,2025-05-20,2025-05-21,2025-05-19,140.91,877.32,Delivered,Inter-City
SHP2971,ORD2971,WH009,VEH018,DRV039,RT005,2024-02-04,2024-02-11,2024-02-11,231.53,1743.7,In Transit,Local
SHP2972,ORD2972,WH009,VEH015,DRV021,RT015,2024-10-03,2024-10-04,2024-10-03,505.96,3296.03,Delivered,Inter-City
SHP2973,ORD2973,WH003,VEH008,DRV044,RT001,2024-08-02,2024-08-06,2024-08-06,381.18,1880.29,Delivered,Inter-City
SHP2974,ORD2974,WH008,VEH004,DRV039,RT006,2024-09-29,2024-10-06,2024-10-04,474.79,3595.53,Delivered,Inter-City
SHP2975,ORD2975,WH007,VEH011,DRV022,RT015,2024-03-06,2024-03-08,2024-03-07,285.39,2011.76,Delivered,Inter-City
SHP2976,ORD2976,WH008,VEH009,DRV045,RT012,2024-04-07,2024-04-13,2024-04-11,312.63,1054.59,Delivered,Inter-City
SHP2977,ORD2977,WH006,VEH006,DRV023,RT015,2024-11-03,2024-11-10,2024-11-09,679.53,5228.85,Delivered,Inter-City
SHP2978,ORD2978,WH009,VEH018,DRV010,RT011,2024-05-22,2024-05-28,2024-05-27,656.42,5047.11,Delivered,Inter-City
SHP2979,ORD2979,WH010,VEH002,DRV046,RT004,2025-06-17,2025-06-20,2025-06-21,763.09,1997.89,Delayed,Local
SHP2980,ORD2980,WH002,VEH011,DRV048,RT014,2025-05-02,2025-05-04,2025-05-04,545.73,2218.89,Delivered,Inter-City
SHP2981,ORD2981,WH006,VEH015,DRV028,RT010,2025-03-06,2025-03-10,2025-03-10,650.76,1536.9,Delivered,Inter-City
SHP2982,ORD2982,WH007,VEH018,DRV001,RT020,2025-07-11,2025-07-13,2025-07-18,736.56,5859.29,Delayed,Inter-City
SHP2983,ORD2983,WH010,VEH008,DRV017,RT014,2024-11-27,2024-12-03,2024-12-03,181.59,891.46,Delivered,Inter-City
SHP2984,ORD2984,WH009,VEH014,DRV004,RT008,2025-10-02,2025-10-05,2025-10-03,746.82,3035.54,Delivered,Local
SHP2985,ORD2985,WH004,VEH008,DRV014,RT018,2025-08-14,2025-08-16,2025-08-16,304.15,2381.32,Delivered,Inter-City
SHP2986,ORD2986,WH006,VEH005,DRV018,RT011,2025-04-07,2025-04-08,2025-04-07,81.74,587.01,Delivered,Local
SHP2987,ORD2987,WH006,VEH016,DRV034,RT005,2025-02-16,2025-02-18,2025-02-16,546.2,3792.44,Delivered,Local
SHP2988,ORD2988,WH004,VEH006,DRV018,RT005,2025-04-20,2025-04-21,2025-04-20,114.55,590.16,Delivered,Inter-City
SHP2989,ORD2989,WH007,VEH006,DRV046,RT017,2025-10-09,2025-10-13,2025-10-11,935.85,7254.24,Delivered,Inter-City
SHP2990,ORD2990,WH005,VEH016,DRV027,RT006,2024-08-08,2024-08-14,2024-08-13,29.46,179.92,Delivered,Inter-City
SHP2991,ORD2991,WH006,VEH009,DRV031,RT018,2025-03-30,2025-04-06,2025-04-06,870.91,2710.73,Returned,Local
SHP2992,ORD2992,WH009,VEH004,DRV037,RT007,2024-05-05,2024-05-12,2024-05-12,612.66,1882.78,In Transit,Local
SHP2993,ORD2993,WH010,VEH009,DRV006,RT006,2025-12-19,2025-12-21,2025-12-21,512.88,3171.26,Delivered,Inter-City
SHP2994,ORD2994,WH007,VEH006,DRV023,RT008,2025-12-02,2025-12-07,2025-12-07,254.45,1626.97,In Transit,Inter-City
SHP2995,ORD2995,WH009,VEH012,DRV018,RT011,2025-01-11,2025-01-14,2025-01-14,844.1,4792.38,Delivered,Inter-City
SHP2996,ORD2996,WH006,VEH018,DRV034,RT008,2024-03-28,2024-03-31,2024-04-01,55.91,189.73,Delayed,Local
SHP2997,ORD2997,WH007,VEH008,DRV002,RT007,2024-06-11,2024-06-16,2024-06-18,433.94,1364.61,Delayed,Inter-City
SHP2998,ORD2998,WH005,VEH020,DRV001,RT010,2025-04-02,2025-04-07,2025-04-05,951.47,3959.77,Delivered,Inter-City
SHP2999,ORD2999,WH002,VEH014,DRV033,RT019,2025-12-31,2026-01-04,2026-01-02,143.59,454.92,Delivered,Inter-City
SHP3000,ORD3000,WH006,VEH002,DRV034,RT014,2024-06-25,2024-07-02,2024-06-30,410.74,2143.03,Delivered,Inter-City
SHP3001,ORD3001,WH007,VEH010,DRV041,RT007,2024-11-01,2024-11-05,2024-11-04,55.29,336.19,Delivered,Inter-City
SHP3002,ORD3002,WH009,VEH006,DRV014,RT001,2025-08-13,2025-08-15,2025-08-18,546.65,1674.15,Delayed,Inter-City
SHP3003,ORD3003,WH010,VEH010,DRV026,RT015,2025-11-11,2025-11-13,2025-11-12,213.29,934.16,Delivered,Inter-City
SHP3004,ORD3004,WH004,VEH001,DRV036,RT010,2025-01-31,2025-02-01,2025-02-02,471.74,3049.95,Delayed,Inter-City
SHP3005,ORD3005,WH003,VEH017,DRV050,RT001,2024-08-29,2024-08-31,2024-08-29,891.1,3448.18,Delivered,Inter-City
SHP3006,ORD3006,WH001,VEH017,DRV019,RT016,2024-10-15,2024-10-20,2024-10-20,633.53,2913.38,Delivered,Local
SHP3007,ORD3007,WH004,VEH009,DRV042,RT008,2025-11-27,2025-11-28,2025-11-30,943.07,2231.66,Delayed,Inter-City
SHP3008,ORD3008,WH002,VEH013,DRV027,RT008,2025-01-19,2025-01-23,2025-01-25,984.81,7707.68,Delayed,Local
SHP3009,ORD3009,WH009,VEH009,DRV024,RT011,2024-11-09,2024-11-10,2024-11-09,751.38,3907.57,Delivered,Inter-City
SHP3010,ORD3010,WH006,VEH015,DRV040,RT013,2024-06-04,2024-06-06,2024-06-04,355.24,2338.49,Delivered,Inter-City
SHP3011,ORD3011,WH002,VEH001,DRV033,RT010,2025-06-23,2025-06-27,2025-06-27,41.2,263.13,Delivered,Inter-City
SHP3012,ORD3012,WH007,VEH002,DRV048,RT002,2024-07-06,2024-07-13,2024-07-12,891.56,3367.57,Delivered,Local
SHP3013,ORD3013,WH010,VEH001,DRV041,RT004,2025-03-28,2025-03-31,2025-03-29,661.82,2114.85,Delivered,Local
SHP3014,ORD3014,WH010,VEH004,DRV047,RT013,2024-05-17,2024-05-20,2024-05-19,77.23,165.54,Delivered,Inter-City
SHP3015,ORD3015,WH007,VEH016,DRV035,RT018,2024-10-21,2024-10-24,2024-10-23,874.27,2907.03,Delivered,Inter-City
SHP3016,ORD3016,WH003,VEH003,DRV028,RT012,2024-02-27,2024-03-05,2024-03-05,911.62,3320.88,Delivered,Local
SHP3017,ORD3017,WH004,VEH017,DRV037,RT007,2024-12-20,2024-12-23,2024-12-26,847.9,1766.95,Delayed,Inter-City
SHP3018,ORD3018,WH002,VEH003,DRV042,RT001,2025-12-04,2025-12-08,2025-12-08,618.46,2627.94,Delivered,Inter-City
SHP3019,ORD3019,WH003,VEH008,DRV043,RT001,2024-12-20,2024-12-26,2024-12-24,35.28,160.66,Delivered,Local
SHP3020,ORD3020,WH008,VEH004,DRV017,RT018,2024-12-13,2024-12-15,2024-12-15,658.77,4385.58,Delivered,Inter-City
SHP3021,ORD3021,WH008,VEH003,DRV017,RT015,2025-08-11,2025-08-18,2025-08-17,360.05,2309.09,Delivered,Inter-City
SHP3022,ORD3022,WH002,VEH006,DRV037,RT018,2025-12-12,2025-12-14,2025-12-13,754.97,4132.66,Delivered,Local
SHP3023,ORD3023,WH003,VEH001,DRV012,RT017,2025-11-18,2025-11-23,2025-11-24,359.76,2130.3,Delayed,Inter-City
SHP3024,ORD3024,WH001,VEH017,DRV038,RT012,2024-05-22,2024-05-23,2024-05-22,873.57,4617.04,Delivered,Local
SHP3025,ORD3025,WH002,VEH006,DRV027,RT020,2025-03-16,2025-03-18,2025-03-17,965.04,6857.79,Delivered,Inter-City
SHP3026,ORD3026,WH001,VEH016,DRV048,RT008,2025-12-30,2026-01-01,2025-12-31,751.09,4206.75,Delivered,Inter-City
SHP3027,ORD3027,WH004,VEH020,DRV019,RT008,2024-02-25,2024-02-27,2024-02-27,819.24,5020.3,In Transit,Inter-City
SHP3028,ORD3028,WH003,VEH012,DRV003,RT006,2025-05-13,2025-05-16,2025-05-14,400.45,1166.01,Delivered,Inter-City
SHP3029,ORD3029,WH004,VEH018,DRV015,RT017,2024-10-15,2024-10-18,2024-10-18,759.89,5767.34,Delivered,Local
SHP3030,ORD3030,WH004,VEH016,DRV042,RT013,2024-12-29,2025-01-01,2025-01-01,598.14,3320.41,Delivered,Inter-City
SHP3031,ORD3031,WH003,VEH018,DRV049,RT012,2025-06-21,2025-06-22,2025-06-22,195.12,1543.8,In Transit,Local
SHP3032,ORD3032,WH009,VEH014,DRV041,RT009,2024-04-08,2024-04-11,2024-04-09,414.41,1439.97,Delivered,Inter-City
SHP3033,ORD3033,WH003,VEH019,DRV042,RT002,2025-06-11,2025-06-14,2025-06-14,336.04,787.46,Delivered,Inter-City
SHP3034,ORD3034,WH005,VEH017,DRV032,RT004,2024-12-08,2024-12-13,2024-12-13,837.09,2266.43,Delivered,Local
SHP3035,ORD3035,WH003,VEH007,DRV030,RT016,2024-06-23,2024-06-24,2024-06-24,64.06,148.1,In Transit,Local
SHP3036,ORD3036,WH005,VEH010,DRV017,RT016,2025-08-09,2025-08-15,2025-08-15,570.16,3506.99,Delivered,Local
SHP3037,ORD3037,WH008,VEH004,DRV032,RT009,2024-01-11,2024-01-12,2024-01-12,711.48,2945.01,Delivered,Local
SHP3038,ORD3038,WH009,VEH017,DRV045,RT009,2025-06-26,2025-06-30,2025-06-29,675.84,3325.52,Delivered,Local
SHP3039,ORD3039,WH004,VEH016,DRV019,RT009,2025-09-05,2025-09-09,2025-09-08,380.15,771.5,Delivered,Inter-City
SHP3040,ORD3040,WH003,VEH008,DRV026,RT013,2024-02-29,2024-03-07,2024-03-06,851.95,5767.33,Delivered,Inter-City
SHP3041,ORD3041,WH005,VEH004,DRV010,RT001,2025-07-25,2025-07-26,2025-07-26,545.52,1722.62,In Transit,Inter-City
SHP3042,ORD3042,WH009,VEH020,DRV014,RT017,2025-10-16,2025-10-18,2025-10-17,840.99,2351.87,Delivered,Inter-City
SHP3043,ORD3043,WH009,VEH019,DRV041,RT010,2024-01-05,2024-01-08,2024-01-08,582.96,3872.19,Delivered,Inter-City
SHP3044,ORD3044,WH002,VEH013,DRV002,RT005,2025-02-09,2025-02-14,2025-02-12,331.97,2604.52,Delivered,Inter-City
SHP3045,ORD3045,WH006,VEH005,DRV045,RT014,2025-03-04,2025-03-09,2025-03-08,947.41,7211.62,Delivered,Inter-City
SHP3046,ORD3046,WH004,VEH004,DRV028,RT007,2025-02-13,2025-02-17,2025-02-17,525.62,2501.74,Returned,Inter-City
SHP3047,ORD3047,WH003,VEH009,DRV042,RT018,2024-03-09,2024-03-11,2024-03-10,247.88,1069.07,Delivered,Inter-City
SHP3048,ORD3048,WH005,VEH006,DRV040,RT017,2024-08-23,2024-08-30,2024-08-28,224.11,729.51,Delivered,Local
SHP3049,ORD3049,WH010,VEH012,DRV016,RT020,2025-01-10,2025-01-12,2025-01-10,699.7,4964.78,Delivered,Inter-City
SHP3050,ORD3050,WH001,VEH017,DRV042,RT018,2024-12-20,2024-12-22,2024-12-22,602.09,3223.06,Delivered,Inter-City
SHP3051,ORD3051,WH008,VEH008,DRV019,RT001,2024-04-05,2024-04-06,2024-04-05,621.3,3488.27,Delivered,Inter-City
SHP3052,ORD3052,WH005,VEH015,DRV022,RT009,2025-05-16,2025-05-18,2025-05-16,870.08,4086.91,Delivered,Local
SHP3053,ORD3053,WH008,VEH002,DRV018,RT019,2025-09-22,2025-09-23,2025-09-28,983.02,4672.22,Delayed,Inter-City
SHP3054,ORD3054,WH002,VEH020,DRV020,RT012,2025-02-02,2025-02-09,2025-02-09,339.71,1656.31,Returned,Inter-City
SHP3055,ORD3055,WH008,VEH008,DRV040,RT013,2024-04-06,2024-04-13,2024-04-13,665.01,4415.59,Delivered,Local
SHP3056,ORD3056,WH005,VEH001,DRV022,RT016,2024-07-29,2024-08-02,2024-08-07,904.42,5766.41,Delayed,Inter-City
SHP3057,ORD3057,WH002,VEH002,DRV034,RT001,2024-10-27,2024-11-03,2024-11-03,707.23,3523.05,Delivered,Inter-City
SHP3058,ORD3058,WH006,VEH014,DRV040,RT009,2024-08-07,2024-08-08,2024-08-07,856.21,6397.13,Delivered,Inter-City
SHP3059,ORD3059,WH002,VEH017,DRV043,RT017,2025-04-12,2025-04-18,2025-04-17,802.87,4869.07,Delivered,Inter-City
SHP3060,ORD3060,WH007,VEH019,DRV038,RT004,2025-01-31,2025-02-03,2025-02-01,465.28,1577.11,Delivered,Local
SHP3061,ORD3061,WH004,VEH010,DRV049,RT003,2024-05-01,2024-05-02,2024-05-01,540.34,2156.43,Delivered,Local
SHP3062,ORD3062,WH009,VEH014,DRV029,RT004,2024-05-28,2024-06-01,2024-05-31,810.17,4995.05,Delivered,Inter-City
SHP3063,ORD3063,WH009,VEH003,DRV036,RT005,2025-08-23,2025-08-30,2025-08-30,170.42,842.43,Delivered,Local
SHP3064,ORD3064,WH009,VEH020,DRV042,RT018,2025-06-05,2025-06-08,2025-06-06,168.78,922.33,Delivered,Inter-City
SHP3065,ORD3065,WH010,VEH003,DRV040,RT013,2024-01-27,2024-02-02,2024-01-31,295.74,1867.38,Delivered,Local
SHP3066,ORD3066,WH006,VEH018,DRV050,RT011,2025-01-11,2025-01-13,2025-01-12,714.7,1694.03,Delivered,Local
SHP3067,ORD3067,WH005,VEH007,DRV030,RT014,2024-07-27,2024-07-28,2024-07-26,324.26,1748.71,Delivered,Local
SHP3068,ORD3068,WH008,VEH001,DRV032,RT004,2025-03-21,2025-03-28,2025-03-28,624.14,2204.9,In Transit,Inter-City
SHP3069,ORD3069,WH009,VEH004,DRV018,RT010,2024-01-03,2024-01-04,2024-01-04,747.61,2714.1,Delivered,Inter-City
SHP3070,ORD3070,WH008,VEH012,DRV027,RT002,2024-06-01,2024-06-03,2024-06-03,55.66,252.52,Delivered,Inter-City
SHP3071,ORD3071,WH001,VEH015,DRV050,RT020,2025-05-12,2025-05-14,2025-05-12,414.07,2668.06,Delivered,Inter-City
SHP3072,ORD3072,WH003,VEH018,DRV033,RT011,2024-11-08,2024-11-10,2024-11-09,924.31,5967.2,Delivered,Inter-City
SHP3073,ORD3073,WH005,VEH019,DRV046,RT016,2025-08-12,2025-08-19,2025-08-17,601.21,4434.99,Delivered,Inter-City
SHP3074,ORD3074,WH006,VEH004,DRV042,RT020,2025-05-06,2025-05-12,2025-05-12,813.39,3617.3,Delivered,Inter-City
SHP3075,ORD3075,WH006,VEH009,DRV029,RT012,2025-06-04,2025-06-11,2025-06-11,464.13,2488.55,In Transit,Local
SHP3076,ORD3076,WH004,VEH016,DRV005,RT002,2025-12-18,2025-12-21,2025-12-21,974.05,6301.26,Delivered,Inter-City
SHP3077,ORD3077,WH003,VEH012,DRV042,RT019,2024-02-26,2024-03-04,2024-03-03,694.74,3455.21,Delivered,Inter-City
SHP3078,ORD3078,WH002,VEH018,DRV021,RT007,2025-02-14,2025-02-15,2025-02-13,111.28,415.84,Delivered,Inter-City
SHP3079,ORD3079,WH004,VEH001,DRV017,RT002,2024-06-10,2024-06-13,2024-06-13,380.14,2569.6,In Transit,Inter-City
SHP3080,ORD3080,WH001,VEH010,DRV008,RT007,2024-04-11,2024-04-15,2024-04-13,399.86,1985.39,Delivered,Inter-City
SHP3081,ORD3081,WH006,VEH005,DRV031,RT001,2025-03-24,2025-03-25,2025-03-27,881.94,4810.03,Delayed,Local
SHP3082,ORD3082,WH008,VEH004,DRV029,RT014,2024-08-06,2024-08-12,2024-08-11,14.22,102.95,Delivered,Inter-City
SHP3083,ORD3083,WH005,VEH006,DRV045,RT015,2024-06-10,2024-06-15,2024-06-13,609.45,1304.89,Delivered,Inter-City
SHP3084,ORD3084,WH005,VEH007,DRV033,RT018,2025-10-06,2025-10-07,2025-10-06,908.9,4038.44,Delivered,Inter-City
SHP3085,ORD3085,WH007,VEH005,DRV011,RT015,2024-02-05,2024-02-07,2024-02-05,351.0,1221.29,Delivered,Inter-City
SHP3086,ORD3086,WH002,VEH013,DRV041,RT008,2025-08-11,2025-08-12,2025-08-11,512.72,4088.26,Delivered,Inter-City
SHP3087,ORD3087,WH005,VEH016,DRV009,RT011,2025-03-04,2025-03-05,2025-03-04,387.03,1859.43,Delivered,Inter-City
SHP3088,ORD3088,WH009,VEH006,DRV042,RT002,2025-11-29,2025-12-01,2025-11-30,622.25,2703.48,Delivered,Inter-City
SHP3089,ORD3089,WH002,VEH011,DRV046,RT012,2024-02-03,2024-02-09,2024-02-09,395.91,945.43,Delivered,Inter-City
SHP3090,ORD3090,WH005,VEH001,DRV045,RT020,2025-04-27,2025-04-29,2025-04-29,865.81,2535.42,Delivered,Local
SHP3091,ORD3091,WH001,VEH014,DRV025,RT015,2025-03-21,2025-03-25,2025-03-24,290.05,587.5,Delivered,Local
SHP3092,ORD3092,WH004,VEH006,DRV018,RT006,2025-10-04,2025-10-10,2025-10-10,693.15,3099.24,Delivered,Inter-City
SHP3093,ORD3093,WH010,VEH009,DRV015,RT011,2024-08-17,2024-08-23,2024-08-23,945.32,4729.88,Delivered,Inter-City
SHP3094,ORD3094,WH007,VEH003,DRV030,RT018,2025-11-12,2025-11-13,2025-11-12,556.25,1338.72,Delivered,Inter-City
SHP3095,ORD3095,WH009,VEH002,DRV022,RT015,2024-08-17,2024-08-19,2024-08-19,227.46,1513.66,Delivered,Local
SHP3096,ORD3096,WH008,VEH018,DRV049,RT018,2025-01-29,2025-02-01,2025-01-31,335.59,1420.8,Delivered,Inter-City
SHP3097,ORD3097,WH007,VEH004,DRV021,RT004,2024-01-31,2024-02-04,2024-02-04,992.94,4057.83,Delivered,Inter-City
SHP3098,ORD3098,WH006,VEH016,DRV001,RT012,2024-06-09,2024-06-14,2024-06-17,40.94,179.76,Delayed,Local
SHP3099,ORD3099,WH008,VEH009,DRV019,RT003,2024-05-09,2024-05-16,2024-05-16,346.95,2096.2,Delivered,Local
SHP3100,ORD3100,WH010,VEH018,DRV038,RT014,2025-11-02,2025-11-04,2025-11-03,563.51,3144.5,Delivered,Local
SHP3101,ORD3101,WH007,VEH008,DRV021,RT014,2024-01-26,2024-01-27,2024-01-26,649.92,2605.11,Delivered,Inter-City
SHP3102,ORD3102,WH006,VEH003,DRV024,RT003,2025-05-09,2025-05-16,2025-05-14,873.19,4086.89,Delivered,Local
SHP3103,ORD3103,WH006,VEH003,DRV038,RT007,2025-05-01,2025-05-06,2025-05-05,590.02,1951.36,Delivered,Inter-City
SHP3104,ORD3104,WH003,VEH015,DRV013,RT009,2024-09-14,2024-09-21,2024-09-24,532.31,1128.16,Delayed,Inter-City
SHP3105,ORD3105,WH002,VEH020,DRV032,RT014,2025-12-05,2025-12-07,2025-12-07,116.44,888.15,In Transit,Inter-City
SHP3106,ORD3106,WH007,VEH003,DRV026,RT009,2025-11-30,2025-12-04,2025-12-04,323.24,2466.66,Delivered,Local
SHP3107,ORD3107,WH007,VEH011,DRV016,RT005,2024-05-24,2024-05-26,2024-05-24,791.91,5874.14,Delivered,Local
SHP3108,ORD3108,WH008,VEH002,DRV048,RT017,2024-04-07,2024-04-08,2024-04-08,273.42,1680.42,Delivered,Inter-City
SHP3109,ORD3109,WH003,VEH019,DRV047,RT015,2024-03-15,2024-03-20,2024-03-18,537.57,1215.64,Delivered,Local
SHP3110,ORD3110,WH009,VEH020,DRV043,RT009,2024-09-09,2024-09-13,2024-09-12,556.03,3661.93,Delivered,Local
SHP3111,ORD3111,WH002,VEH005,DRV026,RT017,2024-04-22,2024-04-26,2024-04-24,253.49,1613.96,Delivered,Local
SHP3112,ORD3112,WH009,VEH001,DRV021,RT017,2025-07-08,2025-07-15,2025-07-13,609.99,1263.6,Delivered,Local
SHP3113,ORD3113,WH009,VEH002,DRV035,RT004,2024-10-01,2024-10-02,2024-10-02,196.63,726.69,Returned,Inter-City
SHP3114,ORD3114,WH001,VEH011,DRV003,RT018,2024-04-25,2024-05-01,2024-04-29,893.72,3605.82,Delivered,Inter-City
SHP3115,ORD3115,WH004,VEH011,DRV042,RT017,2025-11-04,2025-11-08,2025-11-13,592.35,3440.71,Delayed,Inter-City
SHP3116,ORD3116,WH002,VEH008,DRV005,RT004,2025-02-24,2025-03-02,2025-03-01,570.55,2572.11,Delivered,Inter-City
SHP3117,ORD3117,WH003,VEH003,DRV011,RT010,2025-03-16,2025-03-20,2025-03-19,776.9,2225.91,Delivered,Inter-City
SHP3118,ORD3118,WH002,VEH005,DRV046,RT012,2025-08-02,2025-08-07,2025-08-07,399.56,1179.56,Delivered,Inter-City
SHP3119,ORD3119,WH008,VEH009,DRV040,RT017,2025-07-27,2025-08-03,2025-08-06,586.86,3604.17,Delayed,Inter-City
SHP3120,ORD3120,WH006,VEH020,DRV005,RT006,2025-02-02,2025-02-03,2025-02-01,152.89,530.25,Delivered,Inter-City
SHP3121,ORD3121,WH002,VEH009,DRV048,RT014,2025-01-13,2025-01-17,2025-01-20,497.96,3689.41,Delayed,Local
SHP3122,ORD3122,WH002,VEH014,DRV026,RT012,2025-05-17,2025-05-24,2025-05-24,861.32,4370.12,Returned,Local
SHP3123,ORD3123,WH002,VEH007,DRV002,RT010,2025-08-11,2025-08-16,2025-08-15,850.12,3246.81,Delivered,Inter-City
SHP3124,ORD3124,WH009,VEH019,DRV044,RT013,2024-10-24,2024-10-30,2024-10-30,400.95,1648.01,Delivered,Inter-City
SHP3125,ORD3125,WH009,VEH013,DRV010,RT019,2024-11-26,2024-11-28,2024-11-28,770.02,5453.37,Delivered,Inter-City
SHP3126,ORD3126,WH001,VEH016,DRV010,RT009,2025-07-19,2025-07-23,2025-07-22,258.4,1938.29,Delivered,Inter-City
SHP3127,ORD3127,WH007,VEH004,DRV014,RT019,2025-01-07,2025-01-14,2025-01-13,492.56,1932.59,Delivered,Inter-City
SHP3128,ORD3128,WH007,VEH004,DRV033,RT001,2025-12-05,2025-12-08,2025-12-08,855.96,2739.47,Returned,Local
SHP3129,ORD3129,WH004,VEH010,DRV003,RT017,2024-08-12,2024-08-15,2024-08-14,635.32,4798.61,Delivered,Local
SHP3130,ORD3130,WH003,VEH016,DRV033,RT017,2024-12-27,2025-01-01,2024-12-30,928.24,2552.57,Delivered,Local
SHP3131,ORD3131,WH003,VEH001,DRV028,RT020,2025-01-27,2025-01-30,2025-01-30,383.99,1219.89,Returned,Inter-City
SHP3132,ORD3132,WH006,VEH020,DRV027,RT005,2025-04-14,2025-04-18,2025-04-16,167.42,575.92,Delivered,Local
SHP3133,ORD3133,WH009,VEH008,DRV006,RT006,2025-04-26,2025-04-29,2025-04-29,906.25,2480.04,Delivered,Inter-City
SHP3134,ORD3134,WH004,VEH020,DRV048,RT020,2025-12-21,2025-12-28,2025-12-27,965.43,5607.88,Delivered,Local
SHP3135,ORD3135,WH008,VEH018,DRV048,RT002,2024-06-13,2024-06-20,2024-06-20,894.55,1884.36,Delivered,Inter-City
SHP3136,ORD3136,WH008,VEH016,DRV006,RT001,2025-03-06,2025-03-08,2025-03-08,566.21,2365.13,In Transit,Inter-City
SHP3137,ORD3137,WH001,VEH005,DRV048,RT013,2025-11-07,2025-11-14,2025-11-12,289.83,1370.6,Delivered,Inter-City
SHP3138,ORD3138,WH006,VEH007,DRV018,RT004,2025-10-19,2025-10-22,2025-10-24,623.18,1360.97,Delayed,Local
SHP3139,ORD3139,WH004,VEH006,DRV016,RT004,2025-06-25,2025-06-29,2025-06-27,749.67,5845.92,Delivered,Inter-City
SHP3140,ORD3140,WH010,VEH002,DRV028,RT014,2025-10-17,2025-10-21,2025-10-19,260.72,1275.55,Delivered,Local
SHP3141,ORD3141,WH003,VEH002,DRV046,RT004,2024-03-22,2024-03-28,2024-03-28,298.8,1585.98,Delivered,Inter-City
SHP3142,ORD3142,WH009,VEH009,DRV016,RT015,2025-07-25,2025-07-27,2025-07-26,22.75,57.09,Delivered,Inter-City
SHP3143,ORD3143,WH009,VEH015,DRV031,RT016,2025-09-27,2025-10-04,2025-10-03,646.13,2022.6,Delivered,Local
SHP3144,ORD3144,WH005,VEH005,DRV009,RT011,2024-08-04,2024-08-09,2024-08-09,941.47,2615.43,Delivered,Inter-City
SHP3145,ORD3145,WH005,VEH005,DRV024,RT016,2025-05-03,2025-05-07,2025-05-07,458.71,1611.69,Delivered,Local
SHP3146,ORD3146,WH008,VEH011,DRV004,RT006,2024-04-19,2024-04-25,2024-04-23,527.91,2146.3,Delivered,Inter-City
SHP3147,ORD3147,WH002,VEH004,DRV019,RT017,2024-11-12,2024-11-16,2024-11-17,231.14,987.15,Delayed,Inter-City
SHP3148,ORD3148,WH009,VEH008,DRV038,RT013,2025-12-29,2026-01-05,2026-01-05,536.56,2818.08,Returned,Local
SHP3149,ORD3149,WH009,VEH010,DRV012,RT001,2025-11-14,2025-11-17,2025-11-17,464.81,3440.2,In Transit,Inter-City
SHP3150,ORD3150,WH010,VEH018,DRV016,RT012,2025-11-10,2025-11-15,2025-11-13,314.52,2049.69,Delivered,Inter-City
SHP3151,ORD3151,WH001,VEH013,DRV037,RT008,2025-11-29,2025-12-04,2025-12-04,528.59,1822.62,Delivered,Inter-City
SHP3152,ORD3152,WH001,VEH005,DRV021,RT010,2025-02-21,2025-02-22,2025-02-26,714.12,4445.01,Delayed,Inter-City
SHP3153,ORD3153,WH008,VEH019,DRV019,RT014,2025-03-31,2025-04-06,2025-04-05,527.71,3566.6,Delivered,Local
SHP3154,ORD3154,WH009,VEH019,DRV034,RT014,2024-08-08,2024-08-14,2024-08-13,747.56,1846.9,Delivered,Inter-City
SHP3155,ORD3155,WH004,VEH019,DRV021,RT020,2024-10-24,2024-10-31,2024-10-29,331.39,2223.99,Delivered,Inter-City
SHP3156,ORD3156,WH003,VEH003,DRV008,RT018,2024-12-09,2024-12-15,2024-12-15,441.04,1489.81,In Transit,Local
SHP3157,ORD3157,WH006,VEH002,DRV006,RT020,2024-10-14,2024-10-18,2024-10-20,496.86,2695.81,Delayed,Inter-City
SHP3158,ORD3158,WH003,VEH013,DRV044,RT007,2025-06-01,2025-06-08,2025-06-06,382.18,2669.07,Delivered,Local
SHP3159,ORD3159,WH005,VEH019,DRV040,RT016,2025-11-26,2025-11-30,2025-11-28,90.47,440.78,Delivered,Local
SHP3160,ORD3160,WH003,VEH005,DRV002,RT002,2025-07-17,2025-07-23,2025-07-21,127.71,859.99,Delivered,Inter-City
SHP3161,ORD3161,WH002,VEH009,DRV012,RT017,2025-02-21,2025-02-27,2025-02-27,419.14,983.41,Returned,Inter-City
SHP3162,ORD3162,WH003,VEH011,DRV006,RT011,2025-05-15,2025-05-18,2025-05-16,343.49,1209.14,Delivered,Inter-City
SHP3163,ORD3163,WH010,VEH002,DRV037,RT013,2025-03-31,2025-04-01,2025-04-02,665.48,1362.59,Delayed,Inter-City
SHP3164,ORD3164,WH005,VEH012,DRV033,RT016,2024-07-06,2024-07-09,2024-07-11,660.66,3238.97,Delayed,Inter-City
SHP3165,ORD3165,WH005,VEH019,DRV026,RT014,2024-12-23,2024-12-29,2024-12-27,132.87,502.84,Delivered,Inter-City
SHP3166,ORD3166,WH009,VEH007,DRV003,RT012,2024-04-27,2024-05-01,2024-05-01,588.39,1725.0,Delivered,Local
SHP3167,ORD3167,WH006,VEH003,DRV012,RT007,2024-09-19,2024-09-21,2024-09-21,330.91,2537.18,Delivered,Local
SHP3168,ORD3168,WH008,VEH012,DRV044,RT015,2025-11-27,2025-12-01,2025-11-30,447.06,1566.56,Delivered,Local
SHP3169,ORD3169,WH003,VEH013,DRV050,RT011,2025-06-28,2025-07-05,2025-07-04,326.06,1056.73,Delivered,Local
SHP3170,ORD3170,WH002,VEH001,DRV020,RT019,2025-03-24,2025-03-29,2025-03-29,260.48,1256.0,Delivered,Inter-City
SHP3171,ORD3171,WH008,VEH003,DRV041,RT006,2025-06-06,2025-06-07,2025-06-06,89.91,536.06,Delivered,Local
SHP3172,ORD3172,WH010,VEH020,DRV003,RT016,2024-09-27,2024-10-01,2024-09-30,887.95,6993.57,Delivered,Inter-City
SHP3173,ORD3173,WH010,VEH016,DRV043,RT009,2025-04-30,2025-05-02,2025-04-30,94.65,257.28,Delivered,Local
SHP3174,ORD3174,WH003,VEH010,DRV050,RT008,2025-01-12,2025-01-16,2025-01-15,502.95,3449.24,Delivered,Inter-City
SHP3175,ORD3175,WH001,VEH007,DRV010,RT012,2024-07-20,2024-07-24,2024-07-22,374.86,1074.52,Delivered,Local
SHP3176,ORD3176,WH006,VEH011,DRV035,RT015,2025-01-23,2025-01-27,2025-01-27,323.58,667.58,Delivered,Inter-City
SHP3177,ORD3177,WH009,VEH003,DRV048,RT002,2025-11-08,2025-11-12,2025-11-12,524.98,1755.52,Delivered,Inter-City
SHP3178,ORD3178,WH010,VEH010,DRV030,RT013,2024-10-01,2024-10-07,2024-10-06,750.42,5846.38,Delivered,Inter-City
SHP3179,ORD3179,WH002,VEH006,DRV044,RT013,2024-03-31,2024-04-03,2024-04-01,699.18,4706.92,Delivered,Inter-City
SHP3180,ORD3180,WH004,VEH013,DRV043,RT008,2024-04-19,2024-04-26,2024-04-24,397.89,2850.4,Delivered,Local
SHP3181,ORD3181,WH008,VEH011,DRV026,RT010,2024-09-18,2024-09-20,2024-09-20,582.19,3826.34,In Transit,Inter-City
SHP3182,ORD3182,WH010,VEH011,DRV005,RT020,2024-12-10,2024-12-14,2024-12-13,221.62,465.19,Delivered,Inter-City
SHP3183,ORD3183,WH007,VEH007,DRV025,RT005,2025-12-29,2025-12-30,2025-12-30,793.58,1843.41,In Transit,Inter-City
SHP3184,ORD3184,WH002,VEH013,DRV017,RT002,2025-04-01,2025-04-06,2025-04-10,870.78,6783.66,Delayed,Inter-City
SHP3185,ORD3185,WH001,VEH010,DRV033,RT004,2024-04-02,2024-04-04,2024-04-02,655.77,4322.11,Delivered,Inter-City
SHP3186,ORD3186,WH004,VEH016,DRV048,RT008,2025-09-10,2025-09-14,2025-09-17,931.35,4560.25,Delayed,Local
SHP3187,ORD3187,WH003,VEH020,DRV021,RT019,2025-07-11,2025-07-15,2025-07-14,463.51,2865.34,Delivered,Inter-City
SHP3188,ORD3188,WH006,VEH012,DRV020,RT017,2025-08-29,2025-09-03,2025-09-01,771.45,3737.84,Delivered,Inter-City
SHP3189,ORD3189,WH003,VEH019,DRV039,RT013,2025-09-15,2025-09-22,2025-09-20,930.8,3680.34,Delivered,Local
SHP3190,ORD3190,WH009,VEH006,DRV031,RT001,2024-02-20,2024-02-26,2024-02-26,576.01,1901.61,Delivered,Local
SHP3191,ORD3191,WH002,VEH007,DRV009,RT013,2025-06-05,2025-06-10,2025-06-10,473.61,1691.22,Delivered,Inter-City
SHP3192,ORD3192,WH001,VEH006,DRV005,RT008,2025-03-20,2025-03-27,2025-03-25,845.08,3146.03,Delivered,Local
SHP3193,ORD3193,WH006,VEH016,DRV031,RT003,2025-12-10,2025-12-12,2025-12-10,609.49,1465.45,Delivered,Local
SHP3194,ORD3194,WH005,VEH006,DRV045,RT012,2024-03-05,2024-03-11,2024-03-09,356.43,1597.54,Delivered,Inter-City
SHP3195,ORD3195,WH002,VEH016,DRV028,RT012,2024-12-10,2024-12-15,2024-12-13,160.73,533.73,Delivered,Inter-City
SHP3196,ORD3196,WH006,VEH012,DRV009,RT018,2024-11-26,2024-12-01,2024-11-30,669.84,4834.74,Delivered,Local
SHP3197,ORD3197,WH007,VEH007,DRV001,RT005,2024-05-31,2024-06-05,2024-06-03,181.45,1373.63,Delivered,Inter-City
SHP3198,ORD3198,WH004,VEH012,DRV010,RT018,2025-03-25,2025-03-30,2025-03-30,614.4,1611.71,In Transit,Inter-City
SHP3199,ORD3199,WH004,VEH012,DRV039,RT014,2024-11-03,2024-11-07,2024-11-07,413.49,2474.79,Delivered,Local
SHP3200,ORD3200,WH008,VEH009,DRV027,RT009,2025-11-23,2025-11-26,2025-11-25,38.66,236.08,Delivered,Inter-City
SHP3201,ORD3201,WH009,VEH008,DRV007,RT001,2024-05-05,2024-05-10,2024-05-10,949.44,6034.49,Returned,Local
SHP3202,ORD3202,WH001,VEH017,DRV035,RT002,2025-07-06,2025-07-10,2025-07-09,406.11,1568.8,Delivered,Inter-City
SHP3203,ORD3203,WH006,VEH001,DRV048,RT011,2025-07-09,2025-07-10,2025-07-11,323.46,667.37,Delayed,Inter-City
SHP3204,ORD3204,WH001,VEH018,DRV042,RT018,2025-11-27,2025-12-04,2025-12-03,489.05,2421.25,Delivered,Inter-City
SHP3205,ORD3205,WH005,VEH009,DRV032,RT014,2024-03-22,2024-03-27,2024-03-27,449.3,3085.75,Delivered,Inter-City
SHP3206,ORD3206,WH009,VEH014,DRV025,RT007,2025-01-28,2025-02-04,2025-02-04,635.83,2754.4,Returned,Inter-City
SHP3207,ORD3207,WH006,VEH008,DRV015,RT008,2024-11-03,2024-11-10,2024-11-09,445.47,2878.86,Delivered,Local
SHP3208,ORD3208,WH007,VEH008,DRV013,RT016,2025-08-14,2025-08-21,2025-08-21,160.44,1153.86,Delivered,Inter-City
SHP3209,ORD3209,WH007,VEH006,DRV033,RT004,2025-09-22,2025-09-23,2025-09-26,5.52,18.28,Delayed,Local
SHP3210,ORD3210,WH005,VEH007,DRV036,RT016,2024-09-07,2024-09-10,2024-09-09,55.03,428.23,Delivered,Inter-City
SHP3211,ORD3211,WH002,VEH020,DRV019,RT001,2024-11-23,2024-11-29,2024-11-29,256.24,713.21,Delivered,Inter-City
SHP3212,ORD3212,WH007,VEH001,DRV040,RT016,2025-10-18,2025-10-23,2025-10-22,168.03,412.72,Delivered,Inter-City
SHP3213,ORD3213,WH006,VEH019,DRV032,RT015,2024-08-29,2024-09-02,2024-09-01,20.99,109.06,Delivered,Inter-City
SHP3214,ORD3214,WH006,VEH019,DRV008,RT020,2025-07-24,2025-07-25,2025-07-24,752.62,3693.96,Delivered,Inter-City
SHP3215,ORD3215,WH004,VEH013,DRV028,RT012,2024-07-28,2024-08-02,2024-08-01,647.32,3342.06,Delivered,Local
SHP3216,ORD3216,WH009,VEH015,DRV020,RT017,2025-09-01,2025-09-07,2025-09-05,349.62,2072.36,Delivered,Local
SHP3217,ORD3217,WH006,VEH015,DRV008,RT008,2024-04-25,2024-05-02,2024-04-30,614.01,2160.7,Delivered,Local
SHP3218,ORD3218,WH005,VEH009,DRV047,RT020,2025-02-03,2025-02-04,2025-02-03,246.94,1330.25,Delivered,Inter-City
SHP3219,ORD3219,WH003,VEH011,DRV031,RT009,2025-05-03,2025-05-07,2025-05-06,281.28,1302.76,Delivered,Local
SHP3220,ORD3220,WH003,VEH003,DRV010,RT008,2025-06-03,2025-06-06,2025-06-04,457.83,1929.82,Delivered,Inter-City
SHP3221,ORD3221,WH002,VEH020,DRV006,RT018,2025-07-30,2025-08-06,2025-08-04,471.73,2000.08,Delivered,Local
SHP3222,ORD3222,WH010,VEH018,DRV015,RT005,2024-07-10,2024-07-17,2024-07-17,596.68,3481.93,Returned,Local
SHP3223,ORD3223,WH001,VEH002,DRV021,RT019,2024-01-13,2024-01-16,2024-01-16,290.22,1868.04,Returned,Local
SHP3224,ORD3224,WH008,VEH008,DRV025,RT011,2025-07-17,2025-07-20,2025-07-23,37.25,237.51,Delayed,Inter-City
SHP3225,ORD3225,WH002,VEH019,DRV015,RT009,2024-11-06,2024-11-08,2024-11-08,294.0,809.71,In Transit,Inter-City
SHP3226,ORD3226,WH008,VEH004,DRV009,RT007,2025-09-16,2025-09-18,2025-09-18,938.05,6999.39,Delivered,Local
SHP3227,ORD3227,WH007,VEH011,DRV016,RT007,2025-01-15,2025-01-22,2025-01-22,877.4,3694.35,Delivered,Inter-City
SHP3228,ORD3228,WH008,VEH011,DRV038,RT018,2024-01-21,2024-01-26,2024-01-25,997.54,2931.35,Delivered,Inter-City
SHP3229,ORD3229,WH003,VEH004,DRV039,RT013,2024-01-01,2024-01-06,2024-01-05,562.34,3702.13,Delivered,Inter-City
SHP3230,ORD3230,WH006,VEH016,DRV033,RT018,2024-05-29,2024-06-05,2024-06-03,787.84,6228.18,Delivered,Inter-City
SHP3231,ORD3231,WH008,VEH014,DRV016,RT002,2025-08-25,2025-08-29,2025-08-29,458.38,2514.79,Returned,Inter-City
SHP3232,ORD3232,WH009,VEH008,DRV028,RT013,2025-02-25,2025-02-26,2025-03-03,502.02,2719.09,Delayed,Inter-City
SHP3233,ORD3233,WH008,VEH017,DRV021,RT011,2024-01-12,2024-01-19,2024-01-19,687.69,2581.6,Delivered,Inter-City
SHP3234,ORD3234,WH006,VEH002,DRV029,RT005,2025-09-07,2025-09-11,2025-09-11,945.43,6966.21,Delivered,Inter-City
SHP3235,ORD3235,WH001,VEH003,DRV002,RT015,2025-09-18,2025-09-20,2025-09-18,186.06,1432.18,Delivered,Local
SHP3236,ORD3236,WH007,VEH012,DRV010,RT015,2025-06-13,2025-06-15,2025-06-14,293.2,1004.39,Delivered,Inter-City
SHP3237,ORD3237,WH006,VEH020,DRV020,RT003,2024-12-25,2024-12-29,2025-01-02,125.46,596.3,Delayed,Inter-City
SHP3238,ORD3238,WH006,VEH007,DRV038,RT018,2025-03-28,2025-03-30,2025-03-29,802.54,3125.4,Delivered,Local
SHP3239,ORD3239,WH002,VEH019,DRV036,RT015,2025-11-17,2025-11-18,2025-11-16,672.9,2573.81,Delivered,Inter-City
SHP3240,ORD3240,WH008,VEH011,DRV046,RT011,2024-07-24,2024-07-30,2024-07-28,807.38,3380.82,Delivered,Inter-City
SHP3241,ORD3241,WH007,VEH011,DRV040,RT016,2024-05-25,2024-05-29,2024-05-27,220.84,1262.16,Delivered,Inter-City
SHP3242,ORD3242,WH006,VEH002,DRV050,RT015,2025-12-15,2025-12-16,2025-12-15,86.66,272.05,Delivered,Inter-City
SHP3243,ORD3243,WH001,VEH014,DRV039,RT014,2025-04-04,2025-04-06,2025-04-07,780.58,4065.55,Delayed,Inter-City
SHP3244,ORD3244,WH006,VEH013,DRV036,RT008,2025-07-20,2025-07-24,2025-07-24,828.8,2568.42,Delivered,Inter-City
SHP3245,ORD3245,WH009,VEH011,DRV015,RT015,2025-08-05,2025-08-12,2025-08-10,772.05,2061.25,Delivered,Local
SHP3246,ORD3246,WH010,VEH006,DRV020,RT003,2024-08-16,2024-08-20,2024-08-20,482.05,971.4,Delivered,Inter-City
SHP3247,ORD3247,WH007,VEH007,DRV037,RT002,2025-06-25,2025-06-28,2025-07-03,219.67,977.09,Delayed,Inter-City
SHP3248,ORD3248,WH005,VEH017,DRV014,RT014,2025-06-12,2025-06-13,2025-06-12,445.83,1423.85,Delivered,Local
SHP3249,ORD3249,WH007,VEH014,DRV022,RT014,2024-02-17,2024-02-21,2024-02-20,483.35,3854.28,Delivered,Inter-City
SHP3250,ORD3250,WH006,VEH019,DRV023,RT015,2024-09-06,2024-09-12,2024-09-15,294.16,2019.5,Delayed,Local
SHP3251,ORD3251,WH006,VEH015,DRV031,RT005,2024-12-28,2024-12-29,2024-12-28,43.9,174.25,Delivered,Inter-City
SHP3252,ORD3252,WH009,VEH020,DRV048,RT017,2025-07-15,2025-07-16,2025-07-16,630.04,4707.45,Delivered,Inter-City
SHP3253,ORD3253,WH006,VEH017,DRV029,RT005,2024-08-04,2024-08-07,2024-08-06,506.33,3309.59,Delivered,Inter-City
SHP3254,ORD3254,WH008,VEH005,DRV003,RT017,2024-01-22,2024-01-24,2024-01-27,941.49,1975.71,Delayed,Inter-City
SHP3255,ORD3255,WH005,VEH003,DRV024,RT002,2025-04-23,2025-04-29,2025-04-28,581.95,1572.23,Delivered,Inter-City
SHP3256,ORD3256,WH007,VEH001,DRV034,RT004,2025-03-14,2025-03-21,2025-03-21,682.13,1833.21,Returned,Inter-City
SHP3257,ORD3257,WH006,VEH012,DRV041,RT013,2025-03-23,2025-03-24,2025-03-24,649.66,1364.21,Delivered,Inter-City
SHP3258,ORD3258,WH005,VEH015,DRV043,RT012,2024-02-16,2024-02-17,2024-02-17,46.22,322.41,In Transit,Inter-City
SHP3259,ORD3259,WH006,VEH018,DRV020,RT002,2025-10-18,2025-10-23,2025-10-21,142.09,818.03,Delivered,Inter-City
SHP3260,ORD3260,WH001,VEH013,DRV037,RT020,2025-11-29,2025-11-30,2025-12-04,313.62,2113.11,Delayed,Inter-City
SHP3261,ORD3261,WH010,VEH008,DRV022,RT014,2025-10-26,2025-10-29,2025-10-27,697.53,5143.45,Delivered,Inter-City
SHP3262,ORD3262,WH009,VEH002,DRV044,RT008,2025-11-02,2025-11-06,2025-11-06,564.61,2495.97,Delivered,Inter-City
SHP3263,ORD3263,WH008,VEH005,DRV011,RT010,2025-01-06,2025-01-09,2025-01-07,916.72,2368.5,Delivered,Inter-City
SHP3264,ORD3264,WH001,VEH017,DRV047,RT008,2024-08-29,2024-09-01,2024-09-01,783.44,5199.5,Delivered,Inter-City
SHP3265,ORD3265,WH003,VEH009,DRV018,RT020,2025-10-07,2025-10-14,2025-10-12,409.94,2547.4,Delivered,Inter-City
SHP3266,ORD3266,WH010,VEH002,DRV050,RT002,2024-02-05,2024-02-08,2024-02-07,215.66,1605.18,Delivered,Inter-City
SHP3267,ORD3267,WH009,VEH001,DRV018,RT018,2025-07-10,2025-07-17,2025-07-15,420.03,2432.73,Delivered,Local
SHP3268,ORD3268,WH006,VEH004,DRV020,RT001,2025-12-04,2025-12-09,2025-12-08,113.94,526.99,Delivered,Local
SHP3269,ORD3269,WH010,VEH019,DRV033,RT015,2024-08-03,2024-08-04,2024-08-03,825.51,6368.36,Delivered,Inter-City
SHP3270,ORD3270,WH009,VEH004,DRV026,RT014,2025-06-30,2025-07-05,2025-07-05,226.76,477.76,Delivered,Inter-City
SHP3271,ORD3271,WH009,VEH010,DRV025,RT020,2024-04-21,2024-04-27,2024-04-27,551.77,2311.37,Delivered,Local
SHP3272,ORD3272,WH002,VEH013,DRV017,RT011,2024-09-24,2024-09-28,2024-09-27,995.35,4198.54,Delivered,Inter-City
SHP3273,ORD3273,WH004,VEH004,DRV010,RT012,2024-08-12,2024-08-16,2024-08-16,131.59,580.92,Delivered,Local
SHP3274,ORD3274,WH009,VEH015,DRV026,RT006,2024-06-14,2024-06-21,2024-06-19,357.88,1785.47,Delivered,Inter-City
SHP3275,ORD3275,WH010,VEH010,DRV032,RT009,2025-01-07,2025-01-08,2025-01-06,64.63,347.99,Delivered,Inter-City
SHP3276,ORD3276,WH009,VEH020,DRV029,RT004,2025-04-22,2025-04-24,2025-04-22,224.37,1469.77,Delivered,Local
SHP3277,ORD3277,WH008,VEH004,DRV028,RT002,2024-10-11,2024-10-13,2024-10-13,385.74,2955.71,Returned,Inter-City
SHP3278,ORD3278,WH002,VEH009,DRV050,RT009,2025-04-03,2025-04-04,2025-04-03,336.3,2384.03,Delivered,Inter-City
SHP3279,ORD3279,WH005,VEH004,DRV024,RT006,2025-03-16,2025-03-19,2025-03-18,968.7,5902.41,Delivered,Local
SHP3280,ORD3280,WH009,VEH005,DRV039,RT014,2025-09-02,2025-09-05,2025-09-03,986.09,3492.44,Delivered,Local
SHP3281,ORD3281,WH010,VEH004,DRV015,RT015,2025-07-25,2025-07-26,2025-07-25,596.96,2931.45,Delivered,Inter-City
SHP3282,ORD3282,WH007,VEH005,DRV002,RT020,2024-07-12,2024-07-19,2024-07-17,808.93,3774.03,Delivered,Inter-City
SHP3283,ORD3283,WH010,VEH013,DRV021,RT006,2024-11-15,2024-11-17,2024-11-17,817.67,4922.95,Returned,Local
SHP3284,ORD3284,WH001,VEH016,DRV019,RT004,2024-11-14,2024-11-18,2024-11-17,845.63,6224.92,Delivered,Inter-City
SHP3285,ORD3285,WH001,VEH006,DRV028,RT004,2024-07-13,2024-07-16,2024-07-16,286.0,1130.64,Delivered,Inter-City
SHP3286,ORD3286,WH006,VEH013,DRV006,RT018,2024-07-21,2024-07-23,2024-07-22,721.27,5039.32,Delivered,Inter-City
SHP3287,ORD3287,WH004,VEH018,DRV017,RT004,2025-12-05,2025-12-08,2025-12-07,77.03,158.17,Delivered,Inter-City
SHP3288,ORD3288,WH006,VEH009,DRV009,RT012,2024-05-24,2024-05-31,2024-05-30,342.57,1441.11,Delivered,Inter-City
SHP3289,ORD3289,WH009,VEH017,DRV041,RT002,2025-06-06,2025-06-09,2025-06-07,877.43,6612.28,Delivered,Inter-City
SHP3290,ORD3290,WH001,VEH015,DRV011,RT016,2024-03-14,2024-03-16,2024-03-15,192.21,738.3,Delivered,Inter-City
SHP3291,ORD3291,WH003,VEH020,DRV014,RT016,2025-06-26,2025-06-27,2025-06-25,784.1,2280.69,Delivered,Local
SHP3292,ORD3292,WH008,VEH006,DRV029,RT008,2024-09-06,2024-09-08,2024-09-07,129.75,607.61,Delivered,Local
SHP3293,ORD3293,WH007,VEH015,DRV019,RT014,2025-09-21,2025-09-24,2025-09-22,794.53,5688.45,Delivered,Inter-City
SHP3294,ORD3294,WH010,VEH010,DRV049,RT013,2025-07-04,2025-07-08,2025-07-06,707.85,4611.91,Delivered,Inter-City
SHP3295,ORD3295,WH010,VEH005,DRV037,RT010,2024-10-01,2024-10-06,2024-10-04,197.91,482.41,Delivered,Inter-City
SHP3296,ORD3296,WH007,VEH016,DRV023,RT016,2024-06-09,2024-06-16,2024-06-14,751.51,3321.46,Delivered,Inter-City
SHP3297,ORD3297,WH009,VEH009,DRV046,RT020,2024-01-05,2024-01-11,2024-01-10,233.76,1377.97,Delivered,Local
SHP3298,ORD3298,WH008,VEH017,DRV014,RT006,2024-02-02,2024-02-04,2024-02-04,399.85,2963.55,Delivered,Inter-City
SHP3299,ORD3299,WH004,VEH004,DRV031,RT015,2025-09-03,2025-09-04,2025-09-03,247.11,555.35,Delivered,Local
SHP3300,ORD3300,WH004,VEH018,DRV044,RT018,2024-08-14,2024-08-16,2024-08-16,106.3,415.99,Delivered,Local
SHP3301,ORD3301,WH002,VEH017,DRV002,RT004,2025-02-11,2025-02-15,2025-02-14,542.85,1122.61,Delivered,Inter-City
SHP3302,ORD3302,WH004,VEH014,DRV009,RT018,2024-02-29,2024-03-07,2024-03-07,871.95,2905.76,Delivered,Inter-City
SHP3303,ORD3303,WH009,VEH020,DRV042,RT012,2024-07-17,2024-07-18,2024-07-18,356.84,2372.76,Delivered,Local
SHP3304,ORD3304,WH004,VEH019,DRV031,RT018,2024-04-06,2024-04-09,2024-04-08,249.84,1712.58,Delivered,Local
SHP3305,ORD3305,WH006,VEH019,DRV006,RT001,2025-11-20,2025-11-24,2025-11-23,17.25,77.99,Delivered,Local
SHP3306,ORD3306,WH003,VEH008,DRV046,RT013,2024-12-27,2024-12-28,2024-12-27,400.19,3082.84,Delivered,Inter-City
SHP3307,ORD3307,WH007,VEH006,DRV010,RT010,2025-05-21,2025-05-26,2025-05-24,607.1,1740.95,Delivered,Local
SHP3308,ORD3308,WH006,VEH004,DRV041,RT018,2025-12-14,2025-12-16,2025-12-15,961.86,2496.79,Delivered,Inter-City
SHP3309,ORD3309,WH004,VEH011,DRV003,RT014,2024-05-08,2024-05-09,2024-05-10,531.72,1169.25,Delayed,Inter-City
SHP3310,ORD3310,WH006,VEH016,DRV040,RT019,2025-05-23,2025-05-29,2025-05-29,397.71,2487.51,Delivered,Inter-City
SHP3311,ORD3311,WH009,VEH003,DRV003,RT019,2025-09-18,2025-09-22,2025-09-20,357.05,2572.03,Delivered,Inter-City
SHP3312,ORD3312,WH007,VEH017,DRV026,RT014,2025-01-18,2025-01-19,2025-01-17,218.35,1160.33,Delivered,Inter-City
SHP3313,ORD3313,WH007,VEH018,DRV044,RT006,2024-04-26,2024-04-29,2024-04-29,445.31,1494.56,Delivered,Inter-City
SHP3314,ORD3314,WH004,VEH002,DRV034,RT015,2024-03-25,2024-03-28,2024-03-28,580.67,1840.76,Delivered,Inter-City
SHP3315,ORD3315,WH001,VEH020,DRV010,RT001,2024-02-23,2024-02-26,2024-02-24,666.64,2041.58,Delivered,Local
SHP3316,ORD3316,WH001,VEH016,DRV001,RT006,2025-10-29,2025-11-01,2025-10-31,288.99,2009.04,Delivered,Inter-City
SHP3317,ORD3317,WH008,VEH020,DRV034,RT018,2025-06-26,2025-07-01,2025-07-01,67.8,204.04,Delivered,Inter-City
SHP3318,ORD3318,WH004,VEH018,DRV008,RT011,2024-06-27,2024-06-29,2024-06-27,785.75,2548.41,Delivered,Inter-City
SHP3319,ORD3319,WH003,VEH019,DRV030,RT006,2024-12-01,2024-12-04,2024-12-04,116.57,647.66,Delivered,Inter-City
SHP3320,ORD3320,WH004,VEH018,DRV044,RT010,2025-05-16,2025-05-23,2025-05-22,295.18,1725.42,Delivered,Inter-City
SHP3321,ORD3321,WH009,VEH018,DRV026,RT010,2025-01-04,2025-01-09,2025-01-08,457.25,1057.47,Delivered,Local
SHP3322,ORD3322,WH008,VEH019,DRV012,RT009,2025-03-14,2025-03-16,2025-03-16,402.78,3190.8,In Transit,Inter-City
SHP3323,ORD3323,WH009,VEH008,DRV031,RT012,2025-01-03,2025-01-09,2025-01-07,368.68,775.12,Delivered,Inter-City
SHP3324,ORD3324,WH006,VEH018,DRV016,RT018,2025-05-19,2025-05-22,2025-05-23,18.54,119.58,Delayed,Local
SHP3325,ORD3325,WH008,VEH002,DRV040,RT019,2024-02-25,2024-03-02,2024-03-02,119.99,808.4,Delivered,Inter-City
SHP3326,ORD3326,WH002,VEH003,DRV015,RT012,2025-08-24,2025-08-30,2025-08-28,7.35,23.21,Delivered,Inter-City
SHP3327,ORD3327,WH004,VEH004,DRV049,RT012,2025-11-20,2025-11-24,2025-11-22,423.42,893.55,Delivered,Inter-City
SHP3328,ORD3328,WH001,VEH003,DRV020,RT013,2024-02-01,2024-02-02,2024-01-31,678.79,5385.45,Delivered,Local
SHP3329,ORD3329,WH004,VEH011,DRV012,RT001,2025-03-21,2025-03-23,2025-03-25,810.41,3484.2,Delayed,Inter-City
SHP3330,ORD3330,WH010,VEH007,DRV005,RT013,2024-10-09,2024-10-11,2024-10-10,401.61,3060.78,Delivered,Local
SHP3331,ORD3331,WH004,VEH004,DRV025,RT004,2024-10-26,2024-10-27,2024-10-25,953.67,2996.25,Delivered,Inter-City
SHP3332,ORD3332,WH001,VEH003,DRV031,RT003,2025-12-08,2025-12-12,2025-12-12,125.47,848.64,Returned,Inter-City
SHP3333,ORD3333,WH005,VEH011,DRV030,RT009,2024-02-17,2024-02-20,2024-02-20,605.7,3525.8,Delivered,Inter-City
SHP3334,ORD3334,WH006,VEH001,DRV036,RT003,2025-09-04,2025-09-10,2025-09-10,10.65,74.34,Delivered,Inter-City
SHP3335,ORD3335,WH006,VEH014,DRV050,RT015,2024-08-26,2024-09-01,2024-08-31,161.51,727.31,Delivered,Inter-City
SHP3336,ORD3336,WH004,VEH012,DRV039,RT012,2024-03-30,2024-04-03,2024-04-02,242.44,749.8,Delivered,Local
SHP3337,ORD3337,WH002,VEH008,DRV042,RT001,2024-06-02,2024-06-08,2024-06-08,807.25,6325.49,Delivered,Inter-City
SHP3338,ORD3338,WH007,VEH016,DRV007,RT002,2025-02-10,2025-02-14,2025-02-13,743.78,1584.41,Delivered,Inter-City
SHP3339,ORD3339,WH005,VEH019,DRV011,RT007,2025-01-10,2025-01-14,2025-01-13,446.58,1110.61,Delivered,Local
SHP3340,ORD3340,WH005,VEH019,DRV003,RT012,2025-04-27,2025-04-28,2025-04-27,340.45,989.67,Delivered,Local
SHP3341,ORD3341,WH008,VEH020,DRV040,RT016,2025-12-11,2025-12-18,2025-12-16,769.59,2292.83,Delivered,Inter-City
SHP3342,ORD3342,WH002,VEH011,DRV034,RT015,2025-06-19,2025-06-24,2025-06-22,910.56,6872.12,Delivered,Local
SHP3343,ORD3343,WH010,VEH004,DRV026,RT018,2024-09-12,2024-09-13,2024-09-12,970.95,3790.09,Delivered,Inter-City
SHP3344,ORD3344,WH002,VEH003,DRV005,RT009,2024-06-15,2024-06-21,2024-06-20,120.43,452.4,Delivered,Inter-City
SHP3345,ORD3345,WH009,VEH010,DRV024,RT010,2025-03-02,2025-03-06,2025-03-06,78.99,476.84,Delivered,Inter-City
SHP3346,ORD3346,WH004,VEH015,DRV005,RT016,2024-09-27,2024-09-28,2024-09-26,891.9,1786.72,Delivered,Local
SHP3347,ORD3347,WH007,VEH013,DRV039,RT011,2024-11-13,2024-11-16,2024-11-17,545.03,2645.31,Delayed,Inter-City
SHP3348,ORD3348,WH001,VEH007,DRV017,RT001,2024-05-05,2024-05-11,2024-05-11,933.47,4125.85,Delivered,Local
SHP3349,ORD3349,WH002,VEH015,DRV002,RT013,2024-04-16,2024-04-18,2024-04-16,877.45,2351.68,Delivered,Local
SHP3350,ORD3350,WH003,VEH015,DRV014,RT018,2024-08-14,2024-08-21,2024-08-21,666.34,3421.05,Delivered,Inter-City
SHP3351,ORD3351,WH002,VEH015,DRV011,RT001,2024-09-07,2024-09-10,2024-09-09,589.2,2442.79,Delivered,Inter-City
SHP3352,ORD3352,WH007,VEH009,DRV001,RT001,2024-03-06,2024-03-11,2024-03-11,667.38,4746.75,Delivered,Inter-City
SHP3353,ORD3353,WH006,VEH010,DRV009,RT013,2024-02-28,2024-03-05,2024-03-04,555.19,4305.83,Delivered,Inter-City
SHP3354,ORD3354,WH005,VEH003,DRV008,RT014,2024-10-13,2024-10-15,2024-10-14,763.49,2317.32,Delivered,Inter-City
SHP3355,ORD3355,WH002,VEH004,DRV017,RT016,2024-11-20,2024-11-23,2024-11-21,398.78,1841.96,Delivered,Inter-City
SHP3356,ORD3356,WH005,VEH017,DRV010,RT005,2024-08-22,2024-08-29,2024-08-29,67.13,305.61,Returned,Inter-City
SHP3357,ORD3357,WH005,VEH005,DRV048,RT003,2024-03-22,2024-03-26,2024-03-24,265.4,618.09,Delivered,Local
SHP3358,ORD3358,WH009,VEH020,DRV023,RT004,2025-10-04,2025-10-10,2025-10-09,615.31,2109.53,Delivered,Inter-City
SHP3359,ORD3359,WH007,VEH013,DRV021,RT005,2024-03-07,2024-03-14,2024-03-13,290.19,1028.06,Delivered,Inter-City
SHP3360,ORD3360,WH004,VEH008,DRV007,RT014,2024-10-03,2024-10-08,2024-10-07,14.5,31.93,Delivered,Local
SHP3361,ORD3361,WH006,VEH010,DRV007,RT004,2025-12-08,2025-12-10,2025-12-10,478.43,3825.75,In Transit,Local
SHP3362,ORD3362,WH002,VEH008,DRV042,RT010,2025-10-18,2025-10-22,2025-10-22,744.12,5014.28,In Transit,Inter-City
SHP3363,ORD3363,WH002,VEH001,DRV032,RT018,2025-09-04,2025-09-11,2025-09-09,50.29,246.48,Delivered,Inter-City
SHP3364,ORD3364,WH007,VEH019,DRV044,RT011,2025-04-08,2025-04-14,2025-04-13,58.25,311.32,Delivered,Inter-City
SHP3365,ORD3365,WH009,VEH008,DRV001,RT009,2024-04-19,2024-04-25,2024-04-23,326.1,2332.27,Delivered,Inter-City
SHP3366,ORD3366,WH005,VEH010,DRV032,RT010,2025-05-25,2025-05-27,2025-05-27,271.13,904.86,Delivered,Inter-City
SHP3367,ORD3367,WH010,VEH016,DRV016,RT014,2025-09-09,2025-09-13,2025-09-13,98.31,448.24,Delivered,Inter-City
SHP3368,ORD3368,WH006,VEH005,DRV024,RT008,2024-03-19,2024-03-25,2024-03-23,486.27,3489.27,Delivered,Inter-City
SHP3369,ORD3369,WH001,VEH009,DRV001,RT019,2024-08-07,2024-08-11,2024-08-11,87.19,565.5,Delivered,Local
SHP3370,ORD3370,WH009,VEH011,DRV040,RT013,2025-07-24,2025-07-29,2025-07-27,450.45,2642.15,Delivered,Local
SHP3371,ORD3371,WH010,VEH012,DRV011,RT019,2024-01-22,2024-01-25,2024-01-23,788.9,6018.13,Delivered,Inter-City
SHP3372,ORD3372,WH001,VEH020,DRV023,RT016,2025-08-07,2025-08-09,2025-08-09,504.68,2616.17,Returned,Inter-City
SHP3373,ORD3373,WH008,VEH005,DRV025,RT013,2025-06-01,2025-06-02,2025-06-01,946.59,6101.78,Delivered,Inter-City
SHP3374,ORD3374,WH010,VEH020,DRV041,RT006,2024-10-21,2024-10-22,2024-10-21,940.21,2415.49,Delivered,Inter-City
SHP3375,ORD3375,WH010,VEH012,DRV018,RT002,2025-12-07,2025-12-13,2025-12-11,922.64,5367.5,Delivered,Inter-City
SHP3376,ORD3376,WH007,VEH006,DRV048,RT016,2025-06-09,2025-06-15,2025-06-15,892.48,5059.01,In Transit,Inter-City
SHP3377,ORD3377,WH009,VEH018,DRV048,RT002,2025-02-07,2025-02-12,2025-02-12,93.58,256.08,Delivered,Inter-City
SHP3378,ORD3378,WH002,VEH015,DRV038,RT011,2025-09-09,2025-09-11,2025-09-11,878.81,2540.75,In Transit,Local
SHP3379,ORD3379,WH003,VEH007,DRV016,RT003,2024-07-08,2024-07-11,2024-07-10,488.62,1378.9,Delivered,Inter-City
SHP3380,ORD3380,WH001,VEH007,DRV034,RT012,2025-03-15,2025-03-16,2025-03-15,178.99,852.52,Delivered,Inter-City
SHP3381,ORD3381,WH002,VEH009,DRV006,RT007,2024-10-12,2024-10-19,2024-10-19,499.32,3120.93,Delivered,Inter-City
SHP3382,ORD3382,WH004,VEH005,DRV013,RT011,2025-10-28,2025-11-01,2025-11-01,701.04,5031.72,Delivered,Inter-City
SHP3383,ORD3383,WH003,VEH004,DRV044,RT010,2024-06-03,2024-06-04,2024-06-02,256.37,566.09,Delivered,Local
SHP3384,ORD3384,WH010,VEH008,DRV031,RT009,2024-04-24,2024-04-27,2024-04-25,510.64,1221.98,Delivered,Local
SHP3385,ORD3385,WH010,VEH010,DRV010,RT011,2024-02-21,2024-02-28,2024-02-26,332.64,1796.07,Delivered,Inter-City
SHP3386,ORD3386,WH006,VEH008,DRV042,RT001,2025-08-11,2025-08-14,2025-08-13,690.64,4444.37,Delivered,Inter-City
SHP3387,ORD3387,WH009,VEH016,DRV032,RT020,2025-12-24,2025-12-29,2025-12-29,398.4,2401.73,Delivered,Inter-City
SHP3388,ORD3388,WH003,VEH016,DRV014,RT015,2025-08-22,2025-08-25,2025-08-24,153.22,785.01,Delivered,Inter-City
SHP3389,ORD3389,WH002,VEH014,DRV044,RT003,2024-05-10,2024-05-15,2024-05-15,89.64,351.72,Delivered,Local
SHP3390,ORD3390,WH002,VEH003,DRV016,RT007,2024-02-21,2024-02-22,2024-02-22,34.23,135.86,In Transit,Local
SHP3391,ORD3391,WH006,VEH002,DRV012,RT009,2025-02-18,2025-02-23,2025-02-22,954.91,6678.37,Delivered,Inter-City
SHP3392,ORD3392,WH005,VEH004,DRV011,RT007,2024-05-22,2024-05-29,2024-05-31,185.45,1323.48,Delayed,Inter-City
SHP3393,ORD3393,WH001,VEH018,DRV031,RT008,2025-06-20,2025-06-27,2025-06-26,887.05,6351.84,Delivered,Local
SHP3394,ORD3394,WH008,VEH002,DRV050,RT019,2024-11-07,2024-11-09,2024-11-07,831.81,2186.8,Delivered,Inter-City
SHP3395,ORD3395,WH008,VEH001,DRV034,RT012,2025-07-29,2025-08-02,2025-07-31,209.08,1193.39,Delivered,Local
SHP3396,ORD3396,WH002,VEH008,DRV008,RT014,2025-07-21,2025-07-23,2025-07-23,378.91,880.78,Delivered,Inter-City
SHP3397,ORD3397,WH001,VEH020,DRV039,RT007,2025-04-02,2025-04-03,2025-04-02,111.18,377.05,Delivered,Inter-City
SHP3398,ORD3398,WH008,VEH018,DRV020,RT009,2025-09-04,2025-09-09,2025-09-07,787.81,5376.4,Delivered,Inter-City
SHP3399,ORD3399,WH009,VEH001,DRV013,RT015,2025-10-15,2025-10-18,2025-10-16,440.48,2837.83,Delivered,Inter-City
SHP3400,ORD3400,WH004,VEH018,DRV008,RT004,2024-08-16,2024-08-23,2024-08-23,448.16,2701.0,Delivered,Local
SHP3401,ORD3401,WH010,VEH009,DRV026,RT006,2024-11-09,2024-11-16,2024-11-15,316.59,692.4,Delivered,Inter-City
SHP3402,ORD3402,WH008,VEH001,DRV001,RT011,2024-08-26,2024-08-29,2024-08-28,651.76,3288.93,Delivered,Inter-City
SHP3403,ORD3403,WH003,VEH007,DRV017,RT018,2024-04-13,2024-04-19,2024-04-19,780.16,1688.74,Delivered,Local
SHP3404,ORD3404,WH009,VEH006,DRV037,RT008,2025-06-13,2025-06-16,2025-06-17,806.94,2273.71,Delayed,Inter-City
SHP3405,ORD3405,WH009,VEH009,DRV032,RT016,2025-08-28,2025-09-02,2025-09-02,961.72,4897.72,Delivered,Inter-City
SHP3406,ORD3406,WH006,VEH008,DRV030,RT003,2025-01-15,2025-01-19,2025-01-18,104.81,765.69,Delivered,Inter-City
SHP3407,ORD3407,WH004,VEH007,DRV048,RT002,2025-04-01,2025-04-08,2025-04-08,384.42,1728.57,Delivered,Local
SHP3408,ORD3408,WH008,VEH002,DRV042,RT013,2024-08-06,2024-08-13,2024-08-13,95.16,517.52,Delivered,Local
SHP3409,ORD3409,WH002,VEH014,DRV045,RT003,2024-04-16,2024-04-21,2024-04-24,340.27,1130.14,Delayed,Inter-City
SHP3410,ORD3410,WH010,VEH008,DRV032,RT007,2024-04-26,2024-05-03,2024-05-03,259.36,607.53,Delivered,Inter-City
SHP3411,ORD3411,WH008,VEH016,DRV040,RT003,2025-04-22,2025-04-23,2025-04-23,488.22,2824.91,Delivered,Inter-City
SHP3412,ORD3412,WH004,VEH001,DRV027,RT004,2025-07-05,2025-07-10,2025-07-10,879.72,6489.64,Delivered,Local
SHP3413,ORD3413,WH005,VEH012,DRV034,RT005,2024-02-16,2024-02-20,2024-02-20,148.16,382.1,In Transit,Inter-City
SHP3414,ORD3414,WH003,VEH009,DRV029,RT010,2024-05-10,2024-05-13,2024-05-12,561.09,4258.71,Delivered,Inter-City
SHP3415,ORD3415,WH004,VEH005,DRV024,RT011,2024-03-03,2024-03-10,2024-03-09,945.3,6623.59,Delivered,Inter-City
SHP3416,ORD3416,WH010,VEH020,DRV002,RT011,2024-08-12,2024-08-16,2024-08-15,626.15,1701.8,Delivered,Inter-City
SHP3417,ORD3417,WH001,VEH015,DRV011,RT002,2025-09-28,2025-10-01,2025-09-30,550.99,3288.64,Delivered,Inter-City
SHP3418,ORD3418,WH010,VEH001,DRV015,RT011,2025-12-13,2025-12-19,2025-12-18,16.12,126.88,Delivered,Local
SHP3419,ORD3419,WH002,VEH019,DRV039,RT014,2025-07-06,2025-07-13,2025-07-11,266.74,1048.55,Delivered,Inter-City
SHP3420,ORD3420,WH006,VEH015,DRV048,RT018,2024-03-22,2024-03-29,2024-03-29,730.5,2616.1,Returned,Local
SHP3421,ORD3421,WH003,VEH002,DRV021,RT009,2024-02-26,2024-03-03,2024-03-02,904.66,7094.77,Delivered,Inter-City
SHP3422,ORD3422,WH006,VEH011,DRV027,RT016,2024-10-14,2024-10-15,2024-10-13,788.13,1805.62,Delivered,Inter-City
SHP3423,ORD3423,WH007,VEH016,DRV021,RT020,2025-09-03,2025-09-09,2025-09-11,40.26,317.48,Delayed,Inter-City
SHP3424,ORD3424,WH002,VEH008,DRV017,RT003,2024-11-06,2024-11-13,2024-11-13,352.37,2034.89,Delivered,Local
SHP3425,ORD3425,WH001,VEH013,DRV041,RT016,2024-01-20,2024-01-25,2024-01-25,843.69,5653.2,Delivered,Local
SHP3426,ORD3426,WH005,VEH014,DRV023,RT010,2025-06-15,2025-06-18,2025-06-18,976.39,2032.17,Delivered,Inter-City
SHP3427,ORD3427,WH005,VEH002,DRV002,RT010,2025-12-31,2026-01-04,2026-01-03,850.01,2984.82,Delivered,Local
SHP3428,ORD3428,WH008,VEH013,DRV034,RT007,2024-10-29,2024-11-04,2024-11-04,967.93,6638.42,Returned,Local
SHP3429,ORD3429,WH006,VEH006,DRV024,RT014,2024-01-20,2024-01-23,2024-01-21,583.06,1662.78,Delivered,Local
SHP3430,ORD3430,WH005,VEH013,DRV028,RT005,2024-11-19,2024-11-23,2024-11-23,424.94,1061.9,Returned,Inter-City
SHP3431,ORD3431,WH004,VEH017,DRV003,RT016,2025-09-08,2025-09-11,2025-09-09,83.72,663.6,Delivered,Inter-City
SHP3432,ORD3432,WH002,VEH006,DRV043,RT004,2025-01-28,2025-01-31,2025-01-31,682.86,2893.41,Delivered,Inter-City
SHP3433,ORD3433,WH009,VEH004,DRV024,RT019,2024-12-03,2024-12-08,2024-12-08,311.73,827.05,Delivered,Local
SHP3434,ORD3434,WH001,VEH015,DRV005,RT016,2024-09-19,2024-09-20,2024-09-18,435.67,1588.95,Delivered,Inter-City
SHP3435,ORD3435,WH008,VEH013,DRV013,RT004,2025-10-02,2025-10-03,2025-10-01,962.61,3246.11,Delivered,Inter-City
SHP3436,ORD3436,WH003,VEH008,DRV008,RT019,2025-04-14,2025-04-18,2025-04-18,474.45,1410.52,Returned,Inter-City
SHP3437,ORD3437,WH005,VEH013,DRV007,RT014,2025-06-06,2025-06-09,2025-06-08,281.67,1566.73,Delivered,Inter-City
SHP3438,ORD3438,WH005,VEH012,DRV049,RT017,2025-09-13,2025-09-20,2025-09-20,255.04,981.87,Delivered,Inter-City
SHP3439,ORD3439,WH009,VEH008,DRV012,RT017,2024-03-09,2024-03-16,2024-03-16,856.9,5802.04,Delivered,Inter-City
SHP3440,ORD3440,WH008,VEH005,DRV018,RT009,2025-05-19,2025-05-25,2025-05-23,817.94,2406.96,Delivered,Inter-City
SHP3441,ORD3441,WH010,VEH015,DRV048,RT011,2025-08-11,2025-08-12,2025-08-12,719.0,2586.19,Returned,Local
SHP3442,ORD3442,WH005,VEH017,DRV037,RT010,2024-01-21,2024-01-22,2024-01-27,662.25,2852.27,Delayed,Inter-City
SHP3443,ORD3443,WH009,VEH009,DRV026,RT008,2025-08-16,2025-08-18,2025-08-16,750.03,4021.74,Delivered,Inter-City
SHP3444,ORD3444,WH009,VEH016,DRV036,RT001,2025-10-21,2025-10-25,2025-10-25,481.03,2884.48,Delivered,Inter-City
SHP3445,ORD3445,WH008,VEH014,DRV017,RT019,2025-04-26,2025-04-28,2025-04-27,533.48,2096.46,Delivered,Local
SHP3446,ORD3446,WH005,VEH005,DRV023,RT004,2025-07-30,2025-07-31,2025-08-05,457.31,2076.52,Delayed,Inter-City
SHP3447,ORD3447,WH009,VEH019,DRV029,RT010,2025-03-28,2025-04-01,2025-04-01,807.7,3711.53,In Transit,Local
SHP3448,ORD3448,WH007,VEH002,DRV045,RT020,2024-03-24,2024-03-29,2024-03-29,603.38,4443.75,Delivered,Local
SHP3449,ORD3449,WH003,VEH013,DRV017,RT005,2024-12-16,2024-12-21,2024-12-19,650.4,2122.63,Delivered,Inter-City
SHP3450,ORD3450,WH008,VEH014,DRV038,RT016,2024-01-16,2024-01-21,2024-01-20,423.36,3024.53,Delivered,Inter-City
SHP3451,ORD3451,WH006,VEH019,DRV008,RT001,2025-10-05,2025-10-08,2025-10-12,734.99,2407.34,Delayed,Inter-City
SHP3452,ORD3452,WH010,VEH014,DRV032,RT002,2025-11-08,2025-11-11,2025-11-10,786.17,3824.57,Delivered,Inter-City
SHP3453,ORD3453,WH008,VEH004,DRV018,RT002,2024-12-29,2025-01-05,2025-01-04,846.64,4071.0,Delivered,Local
SHP3454,ORD3454,WH001,VEH005,DRV024,RT001,2025-12-14,2025-12-15,2025-12-14,371.69,1372.5,Delivered,Inter-City
SHP3455,ORD3455,WH010,VEH010,DRV003,RT020,2025-12-09,2025-12-14,2025-12-12,324.11,2227.76,Delivered,Local
SHP3456,ORD3456,WH003,VEH012,DRV025,RT007,2025-05-17,2025-05-20,2025-05-19,934.12,4948.45,Delivered,Inter-City
SHP3457,ORD3457,WH006,VEH011,DRV047,RT011,2025-12-27,2026-01-02,2026-01-02,656.22,2849.48,Returned,Inter-City
SHP3458,ORD3458,WH007,VEH007,DRV016,RT011,2025-12-07,2025-12-10,2025-12-10,8.21,60.98,Delivered,Local
SHP3459,ORD3459,WH006,VEH001,DRV037,RT011,2024-08-08,2024-08-15,2024-08-15,687.4,2036.97,Delivered,Local
SHP3460,ORD3460,WH008,VEH005,DRV034,RT005,2025-05-01,2025-05-05,2025-05-03,330.35,1666.64,Delivered,Inter-City
SHP3461,ORD3461,WH009,VEH016,DRV004,RT018,2025-08-18,2025-08-21,2025-08-21,736.7,4324.93,Delivered,Inter-City
SHP3462,ORD3462,WH007,VEH013,DRV002,RT008,2025-02-23,2025-02-27,2025-02-25,542.6,3650.48,Delivered,Inter-City
SHP3463,ORD3463,WH003,VEH015,DRV028,RT010,2024-09-27,2024-10-02,2024-10-02,643.22,4259.17,Delivered,Inter-City
SHP3464,ORD3464,WH005,VEH007,DRV045,RT012,2024-02-17,2024-02-18,2024-02-17,605.14,2655.73,Delivered,Inter-City
SHP3465,ORD3465,WH002,VEH014,DRV023,RT008,2025-05-04,2025-05-08,2025-05-07,682.36,2413.02,Delivered,Local
SHP3466,ORD3466,WH005,VEH016,DRV007,RT014,2024-10-21,2024-10-26,2024-10-27,588.49,2552.6,Delayed,Inter-City
SHP3467,ORD3467,WH007,VEH019,DRV022,RT001,2025-12-04,2025-12-08,2025-12-08,346.39,1058.43,Delivered,Local
SHP3468,ORD3468,WH001,VEH004,DRV025,RT020,2024-03-16,2024-03-19,2024-03-18,614.98,3186.2,Delivered,Local
SHP3469,ORD3469,WH008,VEH020,DRV033,RT005,2024-08-01,2024-08-02,2024-08-01,671.54,1428.24,Delivered,Local
SHP3470,ORD3470,WH002,VEH007,DRV014,RT010,2025-08-16,2025-08-17,2025-08-17,212.46,1407.49,Delivered,Inter-City
SHP3471,ORD3471,WH005,VEH008,DRV012,RT014,2025-08-10,2025-08-17,2025-08-19,759.1,2787.6,Delayed,Local
SHP3472,ORD3472,WH005,VEH004,DRV036,RT001,2024-04-02,2024-04-08,2024-04-07,674.38,3933.15,Delivered,Local
SHP3473,ORD3473,WH010,VEH020,DRV008,RT004,2025-10-22,2025-10-28,2025-10-28,574.5,2184.92,Delivered,Inter-City
SHP3474,ORD3474,WH005,VEH002,DRV016,RT003,2024-04-19,2024-04-24,2024-04-24,555.53,4422.56,Delivered,Inter-City
SHP3475,ORD3475,WH002,VEH009,DRV028,RT012,2025-08-27,2025-08-30,2025-08-30,977.4,5787.33,Delivered,Inter-City
SHP3476,ORD3476,WH001,VEH007,DRV015,RT019,2024-03-01,2024-03-04,2024-03-09,952.29,7526.12,Delayed,Local
SHP3477,ORD3477,WH007,VEH019,DRV017,RT005,2024-08-10,2024-08-15,2024-08-14,827.96,4426.06,Delivered,Inter-City
SHP3478,ORD3478,WH004,VEH016,DRV023,RT010,2024-06-11,2024-06-16,2024-06-14,303.41,1047.98,Delivered,Inter-City
SHP3479,ORD3479,WH008,VEH008,DRV020,RT018,2025-10-07,2025-10-14,2025-10-13,58.44,202.31,Delivered,Inter-City
SHP3480,ORD3480,WH003,VEH015,DRV031,RT005,2025-12-01,2025-12-08,2025-12-08,995.47,5428.03,Delivered,Inter-City
SHP3481,ORD3481,WH002,VEH013,DRV011,RT012,2024-02-17,2024-02-24,2024-02-23,355.74,1048.59,Delivered,Inter-City
SHP3482,ORD3482,WH008,VEH020,DRV039,RT005,2024-10-11,2024-10-18,2024-10-16,635.52,3847.08,Delivered,Inter-City
SHP3483,ORD3483,WH009,VEH008,DRV045,RT015,2024-05-27,2024-05-31,2024-05-29,720.1,4733.78,Delivered,Inter-City
SHP3484,ORD3484,WH008,VEH019,DRV016,RT017,2025-11-12,2025-11-17,2025-11-15,832.95,5966.99,Delivered,Inter-City
SHP3485,ORD3485,WH002,VEH006,DRV034,RT014,2025-03-29,2025-03-31,2025-03-29,490.15,1736.44,Delivered,Inter-City
SHP3486,ORD3486,WH009,VEH013,DRV040,RT003,2024-02-23,2024-02-26,2024-02-26,445.9,2777.85,Delivered,Inter-City
SHP3487,ORD3487,WH003,VEH020,DRV025,RT020,2025-01-25,2025-01-28,2025-01-28,835.68,3083.82,Delivered,Inter-City
SHP3488,ORD3488,WH006,VEH016,DRV015,RT003,2025-11-12,2025-11-17,2025-11-17,145.02,538.6,Delivered,Inter-City
SHP3489,ORD3489,WH005,VEH003,DRV046,RT001,2025-04-16,2025-04-23,2025-04-23,568.94,1597.53,Delivered,Local
SHP3490,ORD3490,WH005,VEH008,DRV045,RT008,2025-04-12,2025-04-13,2025-04-13,425.22,1967.41,Delivered,Local
SHP3491,ORD3491,WH002,VEH010,DRV040,RT013,2024-08-15,2024-08-22,2024-08-21,321.26,794.7,Delivered,Inter-City
SHP3492,ORD3492,WH004,VEH012,DRV014,RT003,2025-11-08,2025-11-09,2025-11-09,882.85,5575.78,Delivered,Inter-City
SHP3493,ORD3493,WH009,VEH010,DRV024,RT013,2025-03-29,2025-04-05,2025-04-05,954.62,2434.06,Delivered,Inter-City
SHP3494,ORD3494,WH004,VEH016,DRV004,RT002,2025-12-15,2025-12-21,2025-12-21,987.17,6079.32,Delivered,Inter-City
SHP3495,ORD3495,WH005,VEH019,DRV013,RT003,2025-04-06,2025-04-09,2025-04-08,951.82,6483.28,Delivered,Local
SHP3496,ORD3496,WH004,VEH001,DRV012,RT004,2025-12-23,2025-12-29,2025-12-28,217.04,711.55,Delivered,Inter-City
SHP3497,ORD3497,WH010,VEH016,DRV041,RT002,2024-03-26,2024-04-02,2024-04-02,886.22,1802.71,In Transit,Local
SHP3498,ORD3498,WH005,VEH019,DRV011,RT014,2024-06-09,2024-06-10,2024-06-08,618.5,1823.57,Delivered,Local
SHP3499,ORD3499,WH003,VEH009,DRV001,RT001,2025-03-01,2025-03-02,2025-03-02,526.6,2110.53,Delivered,Inter-City
SHP3500,ORD3500,WH010,VEH014,DRV026,RT002,2024-06-24,2024-06-30,2024-06-29,855.9,6723.18,Delivered,Inter-City
SHP3501,ORD3501,WH005,VEH008,DRV022,RT018,2024-02-12,2024-02-19,2024-02-18,829.53,2074.46,Delivered,Local
SHP3502,ORD3502,WH009,VEH001,DRV003,RT010,2024-12-13,2024-12-14,2024-12-14,894.71,5796.07,Delivered,Inter-City
SHP3503,ORD3503,WH002,VEH004,DRV037,RT011,2025-09-17,2025-09-24,2025-09-22,409.41,2858.98,Delivered,Inter-City
SHP3504,ORD3504,WH003,VEH016,DRV026,RT020,2024-07-14,2024-07-21,2024-07-19,863.1,5851.94,Delivered,Inter-City
SHP3505,ORD3505,WH008,VEH016,DRV039,RT014,2025-03-03,2025-03-04,2025-03-07,260.39,1305.74,Delayed,Inter-City
SHP3506,ORD3506,WH006,VEH013,DRV010,RT011,2025-04-28,2025-05-01,2025-05-01,838.21,2527.07,Delivered,Local
SHP3507,ORD3507,WH005,VEH013,DRV017,RT002,2025-01-31,2025-02-05,2025-02-04,664.61,4089.67,Delivered,Inter-City
SHP3508,ORD3508,WH007,VEH004,DRV050,RT016,2024-12-11,2024-12-18,2024-12-17,880.41,5663.13,Delivered,Inter-City
SHP3509,ORD3509,WH003,VEH016,DRV050,RT016,2024-04-21,2024-04-28,2024-04-28,303.61,1623.84,Delivered,Local
SHP3510,ORD3510,WH002,VEH013,DRV004,RT012,2025-07-23,2025-07-24,2025-07-24,569.68,3433.45,Delivered,Local
SHP3511,ORD3511,WH006,VEH012,DRV032,RT002,2025-07-24,2025-07-26,2025-07-26,404.49,2600.1,Returned,Inter-City
SHP3512,ORD3512,WH007,VEH011,DRV003,RT009,2024-10-04,2024-10-10,2024-10-09,95.95,364.03,Delivered,Local
SHP3513,ORD3513,WH005,VEH005,DRV040,RT009,2024-05-28,2024-06-03,2024-06-02,496.22,2865.64,Delivered,Inter-City
SHP3514,ORD3514,WH009,VEH018,DRV004,RT012,2024-02-14,2024-02-15,2024-02-14,820.04,2758.6,Delivered,Inter-City
SHP3515,ORD3515,WH009,VEH014,DRV050,RT006,2025-02-24,2025-03-01,2025-02-28,878.38,6749.64,Delivered,Local
SHP3516,ORD3516,WH008,VEH002,DRV019,RT005,2024-09-17,2024-09-18,2024-09-22,726.99,4355.91,Delayed,Inter-City
SHP3517,ORD3517,WH002,VEH010,DRV010,RT001,2025-03-31,2025-04-04,2025-04-02,541.28,2508.74,Delivered,Inter-City
SHP3518,ORD3518,WH001,VEH002,DRV028,RT018,2024-03-20,2024-03-23,2024-03-23,428.81,2341.6,Delivered,Local
SHP3519,ORD3519,WH003,VEH008,DRV039,RT015,2025-02-04,2025-02-08,2025-02-06,109.25,249.55,Delivered,Inter-City
SHP3520,ORD3520,WH005,VEH004,DRV030,RT003,2024-11-26,2024-11-27,2024-11-27,34.15,169.58,In Transit,Inter-City
SHP3521,ORD3521,WH001,VEH003,DRV045,RT015,2024-12-22,2024-12-29,2024-12-30,711.81,3716.58,Delayed,Inter-City
SHP3522,ORD3522,WH001,VEH001,DRV029,RT016,2025-07-20,2025-07-23,2025-07-23,509.37,3995.25,Delivered,Inter-City
SHP3523,ORD3523,WH006,VEH015,DRV028,RT004,2025-06-26,2025-07-02,2025-07-01,921.37,4508.55,Delivered,Local
SHP3524,ORD3524,WH001,VEH014,DRV028,RT016,2024-05-14,2024-05-20,2024-05-20,606.09,1791.56,Delivered,Inter-City
SHP3525,ORD3525,WH003,VEH018,DRV049,RT008,2024-11-02,2024-11-07,2024-11-07,262.65,542.12,Delivered,Inter-City
SHP3526,ORD3526,WH010,VEH005,DRV008,RT012,2024-06-11,2024-06-15,2024-06-15,746.6,4280.23,Delivered,Inter-City
SHP3527,ORD3527,WH009,VEH008,DRV013,RT014,2025-04-19,2025-04-22,2025-04-20,59.11,304.02,Delivered,Inter-City
SHP3528,ORD3528,WH010,VEH004,DRV011,RT002,2024-12-19,2024-12-24,2024-12-29,809.37,5543.21,Delayed,Inter-City
SHP3529,ORD3529,WH008,VEH013,DRV038,RT018,2025-07-06,2025-07-07,2025-07-07,180.48,1199.33,Delivered,Inter-City
SHP3530,ORD3530,WH006,VEH013,DRV009,RT002,2025-06-28,2025-06-30,2025-07-04,100.56,209.9,Delayed,Inter-City
SHP3531,ORD3531,WH009,VEH018,DRV003,RT005,2025-01-01,2025-01-05,2025-01-03,43.29,104.73,Delivered,Local
SHP3532,ORD3532,WH007,VEH006,DRV046,RT002,2025-10-31,2025-11-04,2025-11-02,244.75,580.94,Delivered,Local
SHP3533,ORD3533,WH006,VEH011,DRV040,RT012,2025-09-29,2025-09-30,2025-09-30,321.45,1397.84,In Transit,Inter-City
SHP3534,ORD3534,WH007,VEH003,DRV028,RT014,2024-06-04,2024-06-09,2024-06-08,876.58,6845.78,Delivered,Local
SHP3535,ORD3535,WH009,VEH013,DRV048,RT007,2025-01-30,2025-02-06,2025-02-06,137.09,570.08,Delivered,Inter-City
SHP3536,ORD3536,WH007,VEH017,DRV032,RT007,2024-05-27,2024-06-03,2024-06-03,620.74,1903.64,Delivered,Inter-City
SHP3537,ORD3537,WH005,VEH012,DRV003,RT018,2024-01-21,2024-01-25,2024-01-25,616.37,1300.57,In Transit,Local
SHP3538,ORD3538,WH008,VEH018,DRV030,RT007,2025-10-27,2025-11-03,2025-11-01,500.53,1292.07,Delivered,Local
SHP3539,ORD3539,WH009,VEH007,DRV041,RT010,2024-04-30,2024-05-07,2024-05-07,982.33,5735.17,Delivered,Inter-City
SHP3540,ORD3540,WH007,VEH013,DRV021,RT018,2024-10-26,2024-10-31,2024-10-30,992.34,7746.16,Delivered,Inter-City
SHP3541,ORD3541,WH004,VEH019,DRV015,RT001,2024-01-06,2024-01-09,2024-01-08,66.67,413.98,Delivered,Local
SHP3542,ORD3542,WH006,VEH014,DRV001,RT018,2025-09-15,2025-09-21,2025-09-19,499.02,1112.27,Delivered,Inter-City
SHP3543,ORD3543,WH005,VEH019,DRV044,RT008,2025-04-26,2025-04-29,2025-04-27,797.82,2958.13,Delivered,Local
SHP3544,ORD3544,WH008,VEH020,DRV004,RT011,2025-07-21,2025-07-28,2025-07-28,62.4,300.73,Delivered,Inter-City
SHP3545,ORD3545,WH003,VEH016,DRV042,RT017,2025-08-13,2025-08-14,2025-08-14,849.52,3867.62,Delivered,Inter-City
SHP3546,ORD3546,WH006,VEH004,DRV013,RT001,2025-12-03,2025-12-10,2025-12-10,324.04,1874.07,Delivered,Inter-City
SHP3547,ORD3547,WH001,VEH004,DRV040,RT018,2024-12-01,2024-12-05,2024-12-04,302.29,985.01,Delivered,Inter-City
SHP3548,ORD3548,WH009,VEH017,DRV050,RT001,2025-07-08,2025-07-11,2025-07-11,487.29,1045.81,Delivered,Inter-City
SHP3549,ORD3549,WH003,VEH017,DRV011,RT017,2024-11-29,2024-12-06,2024-12-06,447.19,1818.65,Delivered,Local
SHP3550,ORD3550,WH004,VEH006,DRV001,RT012,2025-12-11,2025-12-13,2025-12-11,363.92,1425.7,Delivered,Inter-City
SHP3551,ORD3551,WH006,VEH002,DRV008,RT007,2024-12-03,2024-12-05,2024-12-04,470.77,1201.04,Delivered,Local
SHP3552,ORD3552,WH008,VEH018,DRV033,RT016,2025-11-19,2025-11-26,2025-11-25,18.39,76.66,Delivered,Inter-City
SHP3553,ORD3553,WH004,VEH020,DRV048,RT004,2025-06-27,2025-07-03,2025-07-02,92.35,198.28,Delivered,Local
SHP3554,ORD3554,WH002,VEH010,DRV007,RT005,2024-01-23,2024-01-29,2024-01-29,495.15,2867.76,Delivered,Local
SHP3555,ORD3555,WH001,VEH009,DRV048,RT012,2024-03-10,2024-03-13,2024-03-12,582.57,4360.65,Delivered,Inter-City
SHP3556,ORD3556,WH004,VEH007,DRV050,RT005,2025-04-29,2025-05-03,2025-05-01,626.84,4204.57,Delivered,Inter-City
SHP3557,ORD3557,WH007,VEH018,DRV037,RT019,2024-09-28,2024-10-02,2024-10-02,513.37,3606.01,Delivered,Inter-City
SHP3558,ORD3558,WH004,VEH002,DRV037,RT005,2025-11-21,2025-11-24,2025-11-24,851.52,4782.46,Delivered,Inter-City
SHP3559,ORD3559,WH007,VEH002,DRV024,RT014,2024-07-22,2024-07-26,2024-07-27,441.74,1277.63,Delayed,Inter-City
SHP3560,ORD3560,WH002,VEH007,DRV031,RT007,2025-09-16,2025-09-23,2025-09-22,617.57,1742.43,Delivered,Local
SHP3561,ORD3561,WH006,VEH018,DRV005,RT019,2024-08-15,2024-08-19,2024-08-18,580.71,4191.45,Delivered,Local
SHP3562,ORD3562,WH007,VEH010,DRV014,RT014,2024-12-24,2024-12-30,2024-12-28,198.98,1183.28,Delivered,Local
SHP3563,ORD3563,WH006,VEH020,DRV018,RT012,2025-03-06,2025-03-11,2025-03-11,371.32,2422.82,Delivered,Inter-City
SHP3564,ORD3564,WH010,VEH011,DRV007,RT010,2025-01-25,2025-01-31,2025-01-31,790.82,5990.08,Delivered,Inter-City
SHP3565,ORD3565,WH002,VEH018,DRV029,RT020,2025-07-17,2025-07-22,2025-07-21,878.02,5870.74,Delivered,Local
SHP3566,ORD3566,WH004,VEH002,DRV009,RT007,2024-01-09,2024-01-12,2024-01-12,811.4,2646.09,Delivered,Inter-City
SHP3567,ORD3567,WH004,VEH017,DRV034,RT008,2024-04-16,2024-04-22,2024-04-20,389.65,2576.01,Delivered,Local
SHP3568,ORD3568,WH006,VEH001,DRV040,RT005,2025-05-22,2025-05-23,2025-05-22,10.74,71.63,Delivered,Inter-City
SHP3569,ORD3569,WH004,VEH018,DRV028,RT013,2025-03-15,2025-03-20,2025-03-19,469.97,3229.02,Delivered,Local
SHP3570,ORD3570,WH003,VEH013,DRV003,RT006,2025-04-20,2025-04-23,2025-04-22,735.02,4142.46,Delivered,Inter-City
SHP3571,ORD3571,WH007,VEH007,DRV027,RT017,2024-01-30,2024-02-02,2024-02-02,971.12,4771.3,Delivered,Inter-City
SHP3572,ORD3572,WH009,VEH002,DRV036,RT017,2024-05-30,2024-06-01,2024-06-01,883.51,1995.82,Delivered,Inter-City
SHP3573,ORD3573,WH008,VEH001,DRV006,RT020,2025-08-17,2025-08-22,2025-08-22,298.13,1490.62,Delivered,Inter-City
SHP3574,ORD3574,WH008,VEH012,DRV007,RT017,2025-12-10,2025-12-14,2025-12-14,108.79,585.36,Delivered,Inter-City
SHP3575,ORD3575,WH007,VEH007,DRV026,RT015,2025-06-24,2025-06-30,2025-06-30,178.0,1049.04,In Transit,Local
SHP3576,ORD3576,WH002,VEH014,DRV035,RT019,2025-01-31,2025-02-01,2025-02-01,381.51,2787.04,Delivered,Local
SHP3577,ORD3577,WH007,VEH017,DRV044,RT017,2024-03-05,2024-03-07,2024-03-06,590.05,2283.18,Delivered,Inter-City
SHP3578,ORD3578,WH003,VEH012,DRV011,RT018,2025-11-19,2025-11-22,2025-11-21,325.91,2468.24,Delivered,Inter-City
SHP3579,ORD3579,WH007,VEH018,DRV050,RT003,2025-11-24,2025-11-28,2025-11-26,138.49,801.55,Delivered,Inter-City
SHP3580,ORD3580,WH002,VEH020,DRV040,RT015,2025-09-11,2025-09-15,2025-09-15,220.86,496.43,Delivered,Inter-City
SHP3581,ORD3581,WH001,VEH017,DRV014,RT009,2025-07-26,2025-08-01,2025-08-01,619.71,4638.35,Delivered,Local
SHP3582,ORD3582,WH006,VEH009,DRV017,RT017,2025-04-11,2025-04-16,2025-04-14,49.3,341.13,Delivered,Inter-City
SHP3583,ORD3583,WH005,VEH018,DRV016,RT007,2024-09-18,2024-09-22,2024-09-21,541.49,4065.3,Delivered,Local
SHP3584,ORD3584,WH008,VEH005,DRV025,RT002,2024-07-06,2024-07-07,2024-07-07,74.89,597.24,Delivered,Inter-City
SHP3585,ORD3585,WH001,VEH014,DRV046,RT014,2025-02-28,2025-03-03,2025-03-03,323.58,1889.65,Delivered,Local
SHP3586,ORD3586,WH010,VEH016,DRV041,RT010,2024-08-15,2024-08-21,2024-08-21,533.55,3387.4,Delivered,Local
SHP3587,ORD3587,WH001,VEH007,DRV029,RT017,2024-06-26,2024-07-02,2024-07-02,777.06,4845.93,In Transit,Inter-City
SHP3588,ORD3588,WH004,VEH015,DRV007,RT005,2025-03-04,2025-03-10,2025-03-08,529.87,1133.26,Delivered,Inter-City
SHP3589,ORD3589,WH002,VEH011,DRV021,RT016,2025-07-07,2025-07-13,2025-07-14,238.76,1529.02,Delayed,Inter-City
SHP3590,ORD3590,WH004,VEH003,DRV019,RT006,2024-05-02,2024-05-09,2024-05-08,670.31,2899.89,Delivered,Inter-City
SHP3591,ORD3591,WH003,VEH009,DRV031,RT020,2025-09-08,2025-09-11,2025-09-09,255.77,812.93,Delivered,Inter-City
SHP3592,ORD3592,WH002,VEH016,DRV035,RT006,2025-04-05,2025-04-07,2025-04-05,808.16,3322.46,Delivered,Local
SHP3593,ORD3593,WH010,VEH016,DRV027,RT014,2024-05-18,2024-05-19,2024-05-17,312.36,651.02,Delivered,Inter-City
SHP3594,ORD3594,WH008,VEH017,DRV018,RT013,2024-09-16,2024-09-17,2024-09-17,335.39,1574.36,Delivered,Inter-City
SHP3595,ORD3595,WH007,VEH013,DRV009,RT004,2025-09-06,2025-09-11,2025-09-11,699.48,3543.56,In Transit,Inter-City
SHP3596,ORD3596,WH006,VEH014,DRV022,RT005,2024-11-19,2024-11-22,2024-11-20,854.77,2477.24,Delivered,Inter-City
SHP3597,ORD3597,WH006,VEH018,DRV028,RT013,2025-04-10,2025-04-12,2025-04-10,182.76,1031.24,Delivered,Local
SHP3598,ORD3598,WH008,VEH006,DRV009,RT014,2025-04-28,2025-05-03,2025-05-06,48.45,290.57,Delayed,Local
SHP3599,ORD3599,WH002,VEH011,DRV050,RT009,2024-04-16,2024-04-18,2024-04-16,167.82,1057.87,Delivered,Inter-City
SHP3600,ORD3600,WH004,VEH018,DRV027,RT018,2025-06-22,2025-06-24,2025-06-24,618.07,4215.8,Delivered,Inter-City
SHP3601,ORD3601,WH009,VEH020,DRV034,RT013,2024-05-21,2024-05-23,2024-05-22,648.66,2281.54,Delivered,Local
SHP3602,ORD3602,WH009,VEH014,DRV012,RT019,2025-02-26,2025-03-02,2025-03-02,65.09,270.93,Delivered,Local
SHP3603,ORD3603,WH006,VEH016,DRV018,RT018,2024-02-23,2024-02-28,2024-02-27,204.77,1210.38,Delivered,Inter-City
SHP3604,ORD3604,WH002,VEH010,DRV050,RT019,2024-06-13,2024-06-17,2024-06-17,483.63,2786.38,Delivered,Inter-City
SHP3605,ORD3605,WH001,VEH013,DRV003,RT002,2024-03-20,2024-03-22,2024-03-21,415.53,1542.54,Delivered,Inter-City
SHP3606,ORD3606,WH007,VEH002,DRV038,RT014,2024-03-18,2024-03-21,2024-03-19,784.27,4234.59,Delivered,Inter-City
SHP3607,ORD3607,WH002,VEH001,DRV004,RT020,2024-04-18,2024-04-22,2024-04-21,358.84,2151.62,Delivered,Inter-City
SHP3608,ORD3608,WH006,VEH010,DRV022,RT010,2024-09-11,2024-09-12,2024-09-12,100.61,735.51,Delivered,Inter-City
SHP3609,ORD3609,WH005,VEH013,DRV009,RT016,2024-11-01,2024-11-08,2024-11-06,692.43,4726.78,Delivered,Inter-City
SHP3610,ORD3610,WH001,VEH011,DRV012,RT005,2024-12-14,2024-12-20,2024-12-18,552.17,2782.21,Delivered,Inter-City
SHP3611,ORD3611,WH008,VEH007,DRV004,RT016,2024-07-22,2024-07-24,2024-07-24,414.61,1816.42,Delivered,Inter-City
SHP3612,ORD3612,WH007,VEH019,DRV007,RT002,2025-04-03,2025-04-04,2025-04-02,534.55,3211.05,Delivered,Inter-City
SHP3613,ORD3613,WH002,VEH004,DRV032,RT003,2024-08-06,2024-08-12,2024-08-11,5.92,17.06,Delivered,Inter-City
SHP3614,ORD3614,WH001,VEH001,DRV027,RT009,2024-06-29,2024-07-01,2024-06-30,993.98,7404.09,Delivered,Inter-City
SHP3615,ORD3615,WH005,VEH008,DRV020,RT019,2025-10-23,2025-10-26,2025-10-24,416.83,1184.17,Delivered,Inter-City
SHP3616,ORD3616,WH007,VEH012,DRV004,RT011,2024-07-16,2024-07-19,2024-07-18,889.32,5363.9,Delivered,Inter-City
SHP3617,ORD3617,WH005,VEH003,DRV006,RT014,2024-01-16,2024-01-18,2024-01-16,377.14,2050.92,Delivered,Local
SHP3618,ORD3618,WH006,VEH007,DRV046,RT018,2025-07-04,2025-07-10,2025-07-09,346.64,1940.16,Delivered,Inter-City
SHP3619,ORD3619,WH009,VEH016,DRV021,RT019,2024-07-10,2024-07-11,2024-07-10,725.02,4378.13,Delivered,Inter-City
SHP3620,ORD3620,WH006,VEH006,DRV034,RT006,2024-08-21,2024-08-22,2024-08-22,402.37,3077.54,Delivered,Inter-City
SHP3621,ORD3621,WH004,VEH001,DRV043,RT008,2025-10-04,2025-10-06,2025-10-04,959.75,4556.8,Delivered,Local
SHP3622,ORD3622,WH005,VEH010,DRV042,RT010,2024-08-20,2024-08-22,2024-08-20,975.39,5422.06,Delivered,Inter-City
SHP3623,ORD3623,WH005,VEH012,DRV044,RT015,2025-06-21,2025-06-25,2025-06-24,694.76,4438.66,Delivered,Inter-City
SHP3624,ORD3624,WH001,VEH010,DRV031,RT015,2024-05-12,2024-05-15,2024-05-19,720.77,5392.13,Delayed,Inter-City
SHP3625,ORD3625,WH008,VEH005,DRV048,RT017,2024-08-04,2024-08-10,2024-08-09,107.26,726.21,Delivered,Inter-City
SHP3626,ORD3626,WH007,VEH015,DRV041,RT003,2024-01-23,2024-01-24,2024-01-22,574.44,3075.68,Delivered,Local
SHP3627,ORD3627,WH005,VEH006,DRV040,RT017,2024-06-18,2024-06-23,2024-06-21,251.39,1074.85,Delivered,Local
SHP3628,ORD3628,WH005,VEH005,DRV008,RT005,2025-05-29,2025-05-31,2025-06-04,358.72,1467.85,Delayed,Inter-City
SHP3629,ORD3629,WH010,VEH016,DRV050,RT002,2024-07-03,2024-07-06,2024-07-04,594.18,1194.65,Delivered,Inter-City
SHP3630,ORD3630,WH006,VEH016,DRV037,RT019,2025-08-04,2025-08-05,2025-08-04,768.18,5357.5,Delivered,Inter-City
SHP3631,ORD3631,WH005,VEH008,DRV017,RT012,2025-01-22,2025-01-25,2025-01-25,652.4,5195.32,Delivered,Inter-City
SHP3632,ORD3632,WH004,VEH010,DRV014,RT009,2024-10-08,2024-10-09,2024-10-07,869.82,5349.97,Delivered,Local
SHP3633,ORD3633,WH009,VEH001,DRV027,RT007,2024-03-13,2024-03-19,2024-03-19,592.97,3357.46,Delivered,Local
SHP3634,ORD3634,WH005,VEH008,DRV021,RT015,2025-07-06,2025-07-12,2025-07-10,916.8,6547.14,Delivered,Inter-City
SHP3635,ORD3635,WH010,VEH001,DRV048,RT016,2024-08-02,2024-08-08,2024-08-06,833.58,2447.62,Delivered,Inter-City
SHP3636,ORD3636,WH003,VEH003,DRV041,RT004,2024-03-14,2024-03-16,2024-03-15,312.02,908.96,Delivered,Inter-City
SHP3637,ORD3637,WH009,VEH003,DRV021,RT009,2024-09-25,2024-10-02,2024-10-01,974.8,4904.53,Delivered,Inter-City
SHP3638,ORD3638,WH004,VEH015,DRV041,RT015,2024-02-23,2024-02-27,2024-02-27,62.95,449.11,In Transit,Local
SHP3639,ORD3639,WH008,VEH001,DRV040,RT012,2025-10-22,2025-10-28,2025-10-28,640.27,4863.4,Delivered,Local
SHP3640,ORD3640,WH007,VEH007,DRV012,RT015,2025-02-18,2025-02-20,2025-02-19,715.23,5179.08,Delivered,Local
SHP3641,ORD3641,WH004,VEH005,DRV028,RT011,2025-04-08,2025-04-10,2025-04-10,957.99,4767.14,Delivered,Local
SHP3642,ORD3642,WH009,VEH002,DRV017,RT016,2024-02-11,2024-02-15,2024-02-13,623.4,4206.0,Delivered,Inter-City
SHP3643,ORD3643,WH004,VEH015,DRV039,RT017,2025-05-25,2025-05-29,2025-05-27,332.17,2060.19,Delivered,Inter-City
SHP3644,ORD3644,WH004,VEH020,DRV038,RT020,2025-03-21,2025-03-28,2025-03-28,835.16,3618.6,In Transit,Inter-City
SHP3645,ORD3645,WH002,VEH017,DRV020,RT012,2024-10-10,2024-10-13,2024-10-13,867.03,5929.61,Delivered,Local
SHP3646,ORD3646,WH009,VEH008,DRV033,RT012,2025-04-08,2025-04-14,2025-04-19,157.84,472.49,Delayed,Inter-City
SHP3647,ORD3647,WH003,VEH020,DRV002,RT004,2025-03-05,2025-03-12,2025-03-11,109.14,613.33,Delivered,Local
SHP3648,ORD3648,WH010,VEH011,DRV011,RT016,2024-10-17,2024-10-21,2024-10-19,832.02,6625.7,Delivered,Local
SHP3649,ORD3649,WH002,VEH012,DRV042,RT011,2024-08-17,2024-08-19,2024-08-19,961.38,2330.44,In Transit,Inter-City
SHP3650,ORD3650,WH008,VEH019,DRV050,RT008,2024-03-13,2024-03-20,2024-03-18,217.1,823.36,Delivered,Inter-City
SHP3651,ORD3651,WH008,VEH011,DRV025,RT003,2025-09-23,2025-09-30,2025-09-29,750.69,5372.1,Delivered,Inter-City
SHP3652,ORD3652,WH007,VEH012,DRV041,RT002,2024-05-25,2024-05-26,2024-05-27,802.76,5390.83,Delayed,Inter-City
SHP3653,ORD3653,WH003,VEH016,DRV034,RT014,2024-11-11,2024-11-17,2024-11-15,772.26,3197.66,Delivered,Local
SHP3654,ORD3654,WH009,VEH015,DRV004,RT001,2024-12-25,2024-12-26,2024-12-28,942.59,3170.71,Delayed,Inter-City
SHP3655,ORD3655,WH001,VEH014,DRV013,RT004,2025-09-20,2025-09-26,2025-09-26,334.25,1101.22,Delivered,Local
SHP3656,ORD3656,WH008,VEH013,DRV039,RT007,2024-06-23,2024-06-29,2024-06-27,470.33,2564.84,Delivered,Inter-City
SHP3657,ORD3657,WH003,VEH016,DRV019,RT013,2024-07-10,2024-07-12,2024-07-11,911.27,5520.42,Delivered,Inter-City
SHP3658,ORD3658,WH008,VEH011,DRV013,RT003,2024-03-19,2024-03-25,2024-03-24,167.7,597.16,Delivered,Inter-City
SHP3659,ORD3659,WH004,VEH018,DRV032,RT005,2025-11-03,2025-11-04,2025-11-03,328.55,1844.99,Delivered,Local
SHP3660,ORD3660,WH002,VEH010,DRV042,RT010,2024-09-14,2024-09-20,2024-09-18,271.32,1817.3,Delivered,Inter-City
SHP3661,ORD3661,WH002,VEH019,DRV046,RT019,2025-01-19,2025-01-25,2025-01-24,319.0,1936.71,Delivered,Inter-City
SHP3662,ORD3662,WH007,VEH006,DRV041,RT009,2025-11-16,2025-11-18,2025-11-16,281.56,2194.8,Delivered,Local
SHP3663,ORD3663,WH003,VEH016,DRV029,RT003,2024-12-29,2025-01-02,2025-01-02,854.45,2880.45,Returned,Inter-City
SHP3664,ORD3664,WH007,VEH017,DRV022,RT001,2025-10-24,2025-10-28,2025-10-28,323.89,861.17,Delivered,Inter-City
SHP3665,ORD3665,WH009,VEH005,DRV023,RT003,2025-10-23,2025-10-24,2025-10-24,938.01,2380.56,Delivered,Local
SHP3666,ORD3666,WH009,VEH014,DRV029,RT005,2024-01-20,2024-01-24,2024-01-23,581.16,2117.36,Delivered,Inter-City
SHP3667,ORD3667,WH006,VEH014,DRV028,RT003,2025-09-26,2025-09-30,2025-09-29,729.56,4463.29,Delivered,Inter-City
SHP3668,ORD3668,WH001,VEH003,DRV047,RT011,2024-02-25,2024-03-02,2024-03-01,238.42,1899.93,Delivered,Local
SHP3669,ORD3669,WH002,VEH001,DRV012,RT013,2025-10-31,2025-11-03,2025-11-02,456.33,2813.87,Delivered,Inter-City
SHP3670,ORD3670,WH008,VEH012,DRV027,RT013,2025-01-06,2025-01-12,2025-01-12,460.69,1453.7,Returned,Inter-City
SHP3671,ORD3671,WH003,VEH019,DRV042,RT016,2025-05-06,2025-05-09,2025-05-09,765.69,3082.19,Delivered,Inter-City
SHP3672,ORD3672,WH007,VEH017,DRV021,RT020,2024-01-22,2024-01-29,2024-01-27,156.13,540.52,Delivered,Inter-City
SHP3673,ORD3673,WH010,VEH010,DRV028,RT006,2024-04-30,2024-05-03,2024-05-01,487.8,1044.16,Delivered,Local
SHP3674,ORD3674,WH007,VEH004,DRV025,RT011,2024-08-13,2024-08-20,2024-08-19,223.63,1568.1,Delivered,Inter-City
SHP3675,ORD3675,WH001,VEH011,DRV014,RT010,2024-06-17,2024-06-22,2024-06-27,5.07,25.07,Delayed,Local
SHP3676,ORD3676,WH009,VEH003,DRV041,RT014,2024-06-01,2024-06-06,2024-06-08,67.1,365.9,Delayed,Local
SHP3677,ORD3677,WH007,VEH004,DRV023,RT002,2025-05-05,2025-05-06,2025-05-06,434.67,1186.89,Delivered,Inter-City
SHP3678,ORD3678,WH010,VEH002,DRV015,RT014,2025-04-15,2025-04-16,2025-04-19,578.3,2090.65,Delayed,Inter-City
SHP3679,ORD3679,WH002,VEH015,DRV043,RT019,2025-10-17,2025-10-24,2025-10-22,471.93,2667.67,Delivered,Inter-City
SHP3680,ORD3680,WH004,VEH004,DRV039,RT019,2024-10-18,2024-10-22,2024-10-21,37.12,281.39,Delivered,Inter-City
SHP3681,ORD3681,WH007,VEH002,DRV036,RT015,2024-10-04,2024-10-09,2024-10-08,828.26,5945.24,Delivered,Inter-City
SHP3682,ORD3682,WH003,VEH020,DRV033,RT008,2024-01-19,2024-01-24,2024-01-24,671.18,3315.98,Returned,Local
SHP3683,ORD3683,WH009,VEH010,DRV046,RT016,2025-04-08,2025-04-15,2025-04-20,541.46,4027.35,Delayed,Inter-City
SHP3684,ORD3684,WH003,VEH009,DRV050,RT007,2025-04-11,2025-04-14,2025-04-12,406.25,2106.88,Delivered,Inter-City
SHP3685,ORD3685,WH007,VEH018,DRV044,RT014,2024-06-30,2024-07-04,2024-07-03,920.99,2877.52,Delivered,Inter-City
SHP3686,ORD3686,WH004,VEH001,DRV050,RT002,2025-08-06,2025-08-12,2025-08-16,69.48,274.22,Delayed,Local
SHP3687,ORD3687,WH008,VEH011,DRV038,RT012,2024-01-17,2024-01-18,2024-01-18,852.77,5808.36,Delivered,Inter-City
SHP3688,ORD3688,WH004,VEH013,DRV029,RT005,2025-11-04,2025-11-05,2025-11-05,836.11,3587.87,Delivered,Inter-City
SHP3689,ORD3689,WH009,VEH003,DRV018,RT001,2025-07-02,2025-07-04,2025-07-02,186.6,702.11,Delivered,Inter-City
SHP3690,ORD3690,WH007,VEH010,DRV039,RT004,2025-10-18,2025-10-20,2025-10-19,84.33,569.46,Delivered,Inter-City
SHP3691,ORD3691,WH001,VEH019,DRV018,RT006,2025-11-10,2025-11-17,2025-11-17,662.36,2809.86,Delivered,Inter-City
SHP3692,ORD3692,WH010,VEH014,DRV041,RT008,2025-04-25,2025-04-30,2025-04-30,797.33,2159.95,Delivered,Inter-City
SHP3693,ORD3693,WH010,VEH003,DRV024,RT004,2025-06-08,2025-06-14,2025-06-14,710.62,3046.6,Delivered,Inter-City
SHP3694,ORD3694,WH010,VEH001,DRV002,RT009,2025-03-26,2025-03-31,2025-03-31,307.34,1967.58,Delivered,Local
SHP3695,ORD3695,WH005,VEH020,DRV017,RT002,2024-12-21,2024-12-27,2024-12-25,69.59,180.2,Delivered,Local
SHP3696,ORD3696,WH004,VEH020,DRV017,RT005,2025-05-21,2025-05-26,2025-05-24,887.2,7095.78,Delivered,Inter-City
SHP3697,ORD3697,WH002,VEH020,DRV044,RT006,2025-03-20,2025-03-27,2025-03-25,598.54,1272.89,Delivered,Inter-City
SHP3698,ORD3698,WH009,VEH014,DRV044,RT002,2025-10-17,2025-10-21,2025-10-19,77.25,600.09,Delivered,Inter-City
SHP3699,ORD3699,WH005,VEH010,DRV006,RT014,2025-10-16,2025-10-20,2025-10-18,391.8,1025.32,Delivered,Local
SHP3700,ORD3700,WH008,VEH005,DRV039,RT009,2024-06-16,2024-06-17,2024-06-21,889.13,4279.15,Delayed,Local
SHP3701,ORD3701,WH009,VEH001,DRV022,RT017,2024-12-18,2024-12-23,2024-12-23,283.73,1722.26,Delivered,Inter-City
SHP3702,ORD3702,WH005,VEH020,DRV042,RT016,2025-05-11,2025-05-17,2025-05-15,591.46,3674.97,Delivered,Local
SHP3703,ORD3703,WH008,VEH006,DRV019,RT001,2024-02-04,2024-02-06,2024-02-06,201.31,844.09,Delivered,Inter-City
SHP3704,ORD3704,WH009,VEH014,DRV006,RT015,2024-12-21,2024-12-26,2024-12-26,560.59,2585.01,Returned,Inter-City
SHP3705,ORD3705,WH003,VEH010,DRV040,RT010,2025-10-10,2025-10-14,2025-10-13,267.65,2076.48,Delivered,Inter-City
SHP3706,ORD3706,WH010,VEH009,DRV038,RT012,2025-06-02,2025-06-04,2025-06-04,995.43,2440.5,Delivered,Local
SHP3707,ORD3707,WH010,VEH002,DRV006,RT001,2024-05-19,2024-05-26,2024-05-30,236.24,844.36,Delayed,Local
SHP3708,ORD3708,WH010,VEH005,DRV010,RT015,2025-05-12,2025-05-18,2025-05-17,59.59,236.23,Delivered,Local
SHP3709,ORD3709,WH005,VEH006,DRV028,RT017,2024-06-25,2024-06-27,2024-06-25,660.43,2749.01,Delivered,Inter-City
SHP3710,ORD3710,WH006,VEH009,DRV013,RT009,2024-09-19,2024-09-24,2024-09-24,95.95,492.75,Delivered,Local
SHP3711,ORD3711,WH001,VEH004,DRV008,RT011,2025-10-25,2025-11-01,2025-10-31,479.9,2693.26,Delivered,Inter-City
SHP3712,ORD3712,WH002,VEH012,DRV007,RT007,2025-09-29,2025-10-04,2025-10-07,982.76,6718.06,Delayed,Inter-City
SHP3713,ORD3713,WH004,VEH006,DRV014,RT016,2025-01-05,2025-01-06,2025-01-06,506.72,1669.26,Returned,Inter-City
SHP3714,ORD3714,WH008,VEH008,DRV008,RT015,2024-11-23,2024-11-25,2024-11-24,153.91,1213.41,Delivered,Local
SHP3715,ORD3715,WH004,VEH005,DRV018,RT008,2024-09-14,2024-09-20,2024-09-20,100.52,324.39,Delivered,Inter-City
SHP3716,ORD3716,WH006,VEH016,DRV037,RT014,2024-11-29,2024-12-03,2024-12-03,553.95,2739.28,Delivered,Inter-City
SHP3717,ORD3717,WH004,VEH012,DRV002,RT001,2025-03-06,2025-03-12,2025-03-11,857.4,3390.31,Delivered,Inter-City
SHP3718,ORD3718,WH006,VEH017,DRV003,RT010,2025-06-14,2025-06-16,2025-06-14,892.85,2008.92,Delivered,Inter-City
SHP3719,ORD3719,WH009,VEH006,DRV034,RT013,2024-07-10,2024-07-13,2024-07-13,736.0,3775.24,In Transit,Local
SHP3720,ORD3720,WH003,VEH019,DRV013,RT015,2024-01-24,2024-01-31,2024-01-30,877.27,2582.12,Delivered,Local
SHP3721,ORD3721,WH006,VEH017,DRV030,RT007,2025-01-24,2025-01-25,2025-01-25,525.96,2210.68,In Transit,Inter-City
SHP3722,ORD3722,WH009,VEH005,DRV044,RT005,2025-03-04,2025-03-06,2025-03-06,937.39,5611.55,Delivered,Local
SHP3723,ORD3723,WH007,VEH015,DRV024,RT001,2024-03-06,2024-03-07,2024-03-06,201.98,568.39,Delivered,Inter-City
SHP3724,ORD3724,WH008,VEH001,DRV050,RT007,2024-11-03,2024-11-10,2024-11-10,830.28,6016.6,Delivered,Inter-City
SHP3725,ORD3725,WH008,VEH016,DRV022,RT013,2025-12-15,2025-12-20,2025-12-18,698.11,3161.45,Delivered,Local
SHP3726,ORD3726,WH008,VEH003,DRV016,RT015,2025-08-27,2025-09-01,2025-09-01,539.44,1104.45,Returned,Local
SHP3727,ORD3727,WH001,VEH011,DRV016,RT017,2024-07-07,2024-07-12,2024-07-12,935.36,4961.65,In Transit,Inter-City
SHP3728,ORD3728,WH002,VEH006,DRV046,RT005,2025-11-01,2025-11-08,2025-11-08,984.53,7101.71,Delivered,Inter-City
SHP3729,ORD3729,WH007,VEH011,DRV029,RT012,2024-07-18,2024-07-25,2024-07-25,646.93,4368.46,Returned,Inter-City
SHP3730,ORD3730,WH007,VEH009,DRV019,RT011,2024-04-26,2024-04-28,2024-04-26,331.05,1423.75,Delivered,Local
SHP3731,ORD3731,WH003,VEH005,DRV001,RT018,2025-11-03,2025-11-05,2025-11-04,772.75,5398.99,Delivered,Inter-City
SHP3732,ORD3732,WH005,VEH005,DRV038,RT019,2025-12-04,2025-12-10,2025-12-09,126.41,645.56,Delivered,Local
SHP3733,ORD3733,WH008,VEH003,DRV036,RT013,2024-02-15,2024-02-21,2024-02-21,435.36,2418.74,Returned,Inter-City
SHP3734,ORD3734,WH004,VEH020,DRV039,RT009,2024-12-14,2024-12-15,2024-12-16,951.41,5659.12,Delayed,Inter-City
SHP3735,ORD3735,WH009,VEH007,DRV034,RT005,2025-09-23,2025-09-25,2025-09-25,384.23,3014.72,Delivered,Inter-City
SHP3736,ORD3736,WH009,VEH013,DRV001,RT010,2025-12-11,2025-12-13,2025-12-12,509.31,3161.08,Delivered,Inter-City
SHP3737,ORD3737,WH002,VEH002,DRV016,RT014,2025-10-28,2025-10-30,2025-10-30,635.81,2646.09,Returned,Inter-City
SHP3738,ORD3738,WH010,VEH011,DRV042,RT014,2024-06-29,2024-07-02,2024-06-30,39.39,216.16,Delivered,Local
SHP3739,ORD3739,WH010,VEH010,DRV005,RT005,2024-08-07,2024-08-10,2024-08-10,549.38,2899.51,Delivered,Local
SHP3740,ORD3740,WH010,VEH001,DRV044,RT018,2025-06-10,2025-06-17,2025-06-15,936.3,6156.32,Delivered,Local
SHP3741,ORD3741,WH009,VEH003,DRV006,RT001,2025-04-16,2025-04-17,2025-04-16,597.86,1821.39,Delivered,Inter-City
SHP3742,ORD3742,WH004,VEH013,DRV002,RT008,2025-02-27,2025-03-04,2025-03-04,510.06,2041.34,Delivered,Local
SHP3743,ORD3743,WH009,VEH017,DRV019,RT009,2024-10-05,2024-10-07,2024-10-06,138.66,371.27,Delivered,Inter-City
SHP3744,ORD3744,WH004,VEH006,DRV028,RT016,2025-05-22,2025-05-29,2025-05-28,216.35,1158.43,Delivered,Inter-City
SHP3745,ORD3745,WH004,VEH003,DRV046,RT019,2024-03-18,2024-03-24,2024-03-22,59.55,227.87,Delivered,Inter-City
SHP3746,ORD3746,WH009,VEH010,DRV045,RT008,2024-02-17,2024-02-24,2024-02-22,983.46,5330.32,Delivered,Inter-City
SHP3747,ORD3747,WH008,VEH011,DRV050,RT013,2025-06-08,2025-06-14,2025-06-14,788.17,2411.37,Returned,Inter-City
SHP3748,ORD3748,WH009,VEH004,DRV036,RT002,2024-03-08,2024-03-15,2024-03-13,848.99,4104.99,Delivered,Inter-City
SHP3749,ORD3749,WH008,VEH006,DRV039,RT003,2025-12-31,2026-01-06,2026-01-06,109.27,323.1,Delivered,Inter-City
SHP3750,ORD3750,WH007,VEH012,DRV040,RT015,2024-11-12,2024-11-16,2024-11-16,12.33,28.9,Returned,Inter-City
SHP3751,ORD3751,WH004,VEH004,DRV009,RT003,2025-05-16,2025-05-21,2025-05-21,117.76,791.27,In Transit,Inter-City
SHP3752,ORD3752,WH001,VEH010,DRV012,RT008,2024-05-23,2024-05-27,2024-05-27,856.74,4416.75,Returned,Inter-City
SHP3753,ORD3753,WH009,VEH003,DRV006,RT018,2024-11-21,2024-11-26,2024-11-26,29.06,96.24,Delivered,Inter-City
SHP3754,ORD3754,WH005,VEH004,DRV025,RT012,2024-05-13,2024-05-20,2024-05-19,171.63,751.3,Delivered,Local
SHP3755,ORD3755,WH009,VEH019,DRV007,RT001,2025-08-11,2025-08-14,2025-08-16,101.38,228.63,Delayed,Local
SHP3756,ORD3756,WH002,VEH015,DRV039,RT006,2024-11-27,2024-11-28,2024-11-28,399.97,2329.18,Delivered,Local
SHP3757,ORD3757,WH003,VEH007,DRV035,RT001,2024-03-17,2024-03-19,2024-03-17,451.54,989.75,Delivered,Inter-City
SHP3758,ORD3758,WH001,VEH019,DRV042,RT018,2024-04-03,2024-04-10,2024-04-08,315.18,771.72,Delivered,Inter-City
SHP3759,ORD3759,WH005,VEH013,DRV040,RT013,2024-03-25,2024-04-01,2024-03-30,240.04,1060.47,Delivered,Inter-City
SHP3760,ORD3760,WH008,VEH016,DRV010,RT016,2024-06-09,2024-06-10,2024-06-10,634.6,2344.23,In Transit,Inter-City
SHP3761,ORD3761,WH001,VEH019,DRV036,RT001,2025-03-20,2025-03-26,2025-03-26,691.44,5064.46,Delivered,Inter-City
SHP3762,ORD3762,WH006,VEH008,DRV016,RT007,2025-01-06,2025-01-07,2025-01-07,954.94,5979.4,Delivered,Inter-City
SHP3763,ORD3763,WH007,VEH005,DRV021,RT003,2024-02-06,2024-02-09,2024-02-09,843.87,4605.13,Returned,Inter-City
SHP3764,ORD3764,WH007,VEH004,DRV032,RT008,2024-02-06,2024-02-09,2024-02-10,811.09,6233.76,Delayed,Inter-City
SHP3765,ORD3765,WH002,VEH007,DRV015,RT005,2024-01-31,2024-02-05,2024-02-09,445.91,1039.27,Delayed,Inter-City
SHP3766,ORD3766,WH010,VEH005,DRV019,RT001,2025-05-04,2025-05-07,2025-05-07,639.54,2052.42,Delivered,Local
SHP3767,ORD3767,WH010,VEH014,DRV027,RT011,2024-09-01,2024-09-03,2024-09-01,54.64,370.03,Delivered,Inter-City
SHP3768,ORD3768,WH004,VEH017,DRV024,RT016,2024-10-11,2024-10-13,2024-10-13,606.99,3355.6,Delivered,Local
SHP3769,ORD3769,WH009,VEH001,DRV045,RT001,2024-01-29,2024-02-05,2024-02-03,301.95,1313.81,Delivered,Inter-City
SHP3770,ORD3770,WH007,VEH016,DRV024,RT002,2024-04-04,2024-04-10,2024-04-09,433.37,1493.83,Delivered,Inter-City
SHP3771,ORD3771,WH002,VEH009,DRV026,RT012,2024-01-06,2024-01-13,2024-01-13,229.02,809.37,Delivered,Inter-City
SHP3772,ORD3772,WH006,VEH012,DRV033,RT010,2025-02-01,2025-02-08,2025-02-06,291.14,864.11,Delivered,Local
SHP3773,ORD3773,WH002,VEH017,DRV007,RT020,2024-01-22,2024-01-24,2024-01-24,217.54,437.94,In Transit,Inter-City
SHP3774,ORD3774,WH007,VEH012,DRV007,RT020,2025-06-18,2025-06-23,2025-06-21,11.93,77.12,Delivered,Local
SHP3775,ORD3775,WH010,VEH004,DRV032,RT012,2024-02-03,2024-02-07,2024-02-06,124.38,982.45,Delivered,Inter-City
SHP3776,ORD3776,WH010,VEH006,DRV025,RT015,2025-04-29,2025-05-05,2025-05-04,803.4,2959.23,Delivered,Inter-City
SHP3777,ORD3777,WH002,VEH013,DRV042,RT006,2025-11-08,2025-11-10,2025-11-08,639.19,3254.25,Delivered,Inter-City
SHP3778,ORD3778,WH005,VEH007,DRV047,RT020,2025-11-21,2025-11-25,2025-11-24,427.85,3114.13,Delivered,Inter-City
SHP3779,ORD3779,WH009,VEH016,DRV011,RT001,2024-05-25,2024-05-26,2024-05-25,846.09,6493.07,Delivered,Inter-City
SHP3780,ORD3780,WH008,VEH003,DRV002,RT008,2025-01-27,2025-02-03,2025-02-03,675.26,2272.18,Returned,Local
SHP3781,ORD3781,WH008,VEH013,DRV049,RT010,2024-03-31,2024-04-03,2024-04-02,786.27,4981.41,Delivered,Inter-City
SHP3782,ORD3782,WH008,VEH004,DRV044,RT019,2025-03-24,2025-03-27,2025-03-26,221.79,1592.84,Delivered,Inter-City
SHP3783,ORD3783,WH006,VEH019,DRV024,RT012,2024-01-16,2024-01-21,2024-01-21,54.49,314.34,Delivered,Inter-City
SHP3784,ORD3784,WH001,VEH014,DRV047,RT019,2024-12-24,2024-12-27,2024-12-26,199.82,777.46,Delivered,Inter-City
SHP3785,ORD3785,WH005,VEH005,DRV029,RT005,2025-08-30,2025-09-02,2025-09-02,207.11,1196.09,Returned,Local
SHP3786,ORD3786,WH001,VEH020,DRV002,RT019,2025-06-17,2025-06-19,2025-06-18,326.78,1918.15,Delivered,Local
SHP3787,ORD3787,WH002,VEH009,DRV046,RT014,2025-11-11,2025-11-14,2025-11-13,46.0,322.75,Delivered,Inter-City
SHP3788,ORD3788,WH007,VEH001,DRV029,RT010,2024-04-25,2024-04-29,2024-04-29,785.43,1630.96,Delivered,Local
SHP3789,ORD3789,WH003,VEH012,DRV011,RT011,2024-11-26,2024-11-28,2024-11-26,660.13,2065.71,Delivered,Inter-City
SHP3790,ORD3790,WH002,VEH015,DRV027,RT006,2024-07-10,2024-07-15,2024-07-15,907.94,3703.1,Delivered,Local
SHP3791,ORD3791,WH002,VEH016,DRV024,RT009,2025-11-26,2025-11-27,2025-11-27,391.43,3078.52,Delivered,Local
SHP3792,ORD3792,WH008,VEH020,DRV003,RT012,2025-07-16,2025-07-19,2025-07-17,168.9,452.93,Delivered,Inter-City
SHP3793,ORD3793,WH004,VEH020,DRV014,RT007,2025-09-17,2025-09-23,2025-09-22,620.34,4604.68,Delivered,Inter-City
SHP3794,ORD3794,WH001,VEH018,DRV011,RT019,2025-03-09,2025-03-15,2025-03-15,662.65,2732.57,In Transit,Local
SHP3795,ORD3795,WH002,VEH005,DRV004,RT013,2024-10-18,2024-10-22,2024-10-25,722.25,5070.42,Delayed,Local
SHP3796,ORD3796,WH008,VEH013,DRV017,RT015,2025-07-22,2025-07-29,2025-07-29,358.82,1082.72,Returned,Local
SHP3797,ORD3797,WH001,VEH018,DRV017,RT012,2024-02-29,2024-03-06,2024-03-04,82.37,593.19,Delivered,Local
SHP3798,ORD3798,WH005,VEH008,DRV037,RT019,2025-08-01,2025-08-03,2025-08-02,471.16,986.46,Delivered,Inter-City
SHP3799,ORD3799,WH010,VEH019,DRV011,RT017,2025-03-18,2025-03-19,2025-03-19,13.24,67.87,In Transit,Inter-City
SHP3800,ORD3800,WH006,VEH004,DRV017,RT008,2025-06-25,2025-07-01,2025-07-01,325.72,1303.33,Delivered,Inter-City
SHP3801,ORD3801,WH001,VEH008,DRV012,RT018,2025-02-23,2025-02-26,2025-02-24,122.23,803.7,Delivered,Local
SHP3802,ORD3802,WH002,VEH019,DRV034,RT002,2024-12-23,2024-12-25,2024-12-23,856.97,5875.33,Delivered,Inter-City
SHP3803,ORD3803,WH001,VEH011,DRV013,RT001,2025-03-19,2025-03-23,2025-03-23,890.11,5700.01,Delivered,Local
SHP3804,ORD3804,WH009,VEH008,DRV004,RT008,2025-07-29,2025-08-03,2025-08-02,23.47,150.81,Delivered,Local
SHP3805,ORD3805,WH008,VEH015,DRV026,RT019,2024-05-25,2024-05-31,2024-05-31,690.19,1650.25,In Transit,Local
SHP3806,ORD3806,WH002,VEH001,DRV022,RT001,2025-05-16,2025-05-17,2025-05-15,460.91,2586.29,Delivered,Inter-City
SHP3807,ORD3807,WH008,VEH010,DRV049,RT010,2024-12-22,2024-12-28,2024-12-27,29.38,135.71,Delivered,Local
SHP3808,ORD3808,WH002,VEH010,DRV016,RT017,2025-04-10,2025-04-17,2025-04-16,473.47,2515.94,Delivered,Local
SHP3809,ORD3809,WH005,VEH008,DRV008,RT011,2025-01-16,2025-01-20,2025-01-19,427.49,1661.56,Delivered,Local
SHP3810,ORD3810,WH008,VEH020,DRV011,RT019,2025-01-21,2025-01-23,2025-01-21,411.89,1229.24,Delivered,Inter-City
SHP3811,ORD3811,WH008,VEH007,DRV011,RT009,2024-08-21,2024-08-25,2024-08-25,194.7,1396.06,Delivered,Inter-City
SHP3812,ORD3812,WH010,VEH003,DRV037,RT002,2024-11-30,2024-12-04,2024-12-03,765.97,4671.97,Delivered,Inter-City
SHP3813,ORD3813,WH002,VEH009,DRV005,RT008,2024-11-11,2024-11-13,2024-11-13,893.32,3915.47,Delivered,Inter-City
SHP3814,ORD3814,WH004,VEH005,DRV037,RT017,2025-03-30,2025-04-03,2025-04-01,549.57,3212.59,Delivered,Inter-City
SHP3815,ORD3815,WH007,VEH002,DRV023,RT003,2025-08-20,2025-08-21,2025-08-20,793.48,2349.38,Delivered,Inter-City
SHP3816,ORD3816,WH005,VEH006,DRV016,RT014,2024-09-03,2024-09-07,2024-09-06,730.24,2402.58,Delivered,Local
SHP3817,ORD3817,WH004,VEH018,DRV003,RT003,2024-08-11,2024-08-12,2024-08-10,995.32,3141.9,Delivered,Local
SHP3818,ORD3818,WH002,VEH007,DRV023,RT016,2024-05-02,2024-05-09,2024-05-08,750.86,2145.46,Delivered,Inter-City
SHP3819,ORD3819,WH002,VEH003,DRV007,RT010,2025-04-17,2025-04-21,2025-04-21,30.05,97.06,Delivered,Inter-City
SHP3820,ORD3820,WH008,VEH018,DRV031,RT008,2024-12-18,2024-12-21,2024-12-21,125.44,871.67,Returned,Inter-City
SHP3821,ORD3821,WH006,VEH012,DRV027,RT010,2025-04-07,2025-04-09,2025-04-10,653.65,4360.26,Delayed,Inter-City
SHP3822,ORD3822,WH009,VEH018,DRV021,RT019,2024-06-29,2024-07-03,2024-07-02,235.24,1369.69,Delivered,Inter-City
SHP3823,ORD3823,WH001,VEH001,DRV035,RT017,2025-09-10,2025-09-13,2025-09-13,551.07,1252.08,Delivered,Inter-City
SHP3824,ORD3824,WH005,VEH018,DRV043,RT012,2025-04-30,2025-05-05,2025-05-05,737.12,5410.79,Returned,Inter-City
SHP3825,ORD3825,WH007,VEH012,DRV028,RT001,2025-06-15,2025-06-20,2025-06-20,890.59,6014.35,Delivered,Local
SHP3826,ORD3826,WH005,VEH003,DRV033,RT020,2024-02-08,2024-02-15,2024-02-13,134.21,497.38,Delivered,Inter-City
SHP3827,ORD3827,WH007,VEH006,DRV036,RT017,2024-06-23,2024-06-27,2024-06-27,469.95,1679.52,Delivered,Inter-City
SHP3828,ORD3828,WH007,VEH002,DRV035,RT015,2024-08-10,2024-08-17,2024-08-16,835.33,2062.56,Delivered,Inter-City
SHP3829,ORD3829,WH010,VEH007,DRV045,RT003,2025-06-12,2025-06-13,2025-06-13,454.17,1272.67,Delivered,Inter-City
SHP3830,ORD3830,WH003,VEH019,DRV048,RT007,2025-06-16,2025-06-22,2025-06-22,309.0,630.52,Delivered,Inter-City
SHP3831,ORD3831,WH004,VEH001,DRV050,RT017,2024-08-23,2024-08-26,2024-08-24,116.39,289.28,Delivered,Local
SHP3832,ORD3832,WH005,VEH016,DRV027,RT009,2025-08-17,2025-08-19,2025-08-17,479.89,2574.7,Delivered,Inter-City
SHP3833,ORD3833,WH007,VEH018,DRV007,RT007,2024-08-27,2024-09-02,2024-09-01,650.73,4768.75,Delivered,Inter-City
SHP3834,ORD3834,WH003,VEH016,DRV045,RT018,2024-04-15,2024-04-20,2024-04-20,366.96,2711.26,Delivered,Inter-City
SHP3835,ORD3835,WH010,VEH006,DRV024,RT017,2025-07-01,2025-07-03,2025-07-04,932.86,2360.36,Delayed,Inter-City
SHP3836,ORD3836,WH007,VEH016,DRV005,RT014,2024-02-22,2024-02-28,2024-02-28,248.13,959.13,Delivered,Inter-City
SHP3837,ORD3837,WH008,VEH017,DRV030,RT013,2024-01-14,2024-01-16,2024-01-14,495.65,2769.24,Delivered,Inter-City
SHP3838,ORD3838,WH001,VEH016,DRV011,RT014,2025-12-08,2025-12-14,2025-12-13,533.1,1293.16,Delivered,Local
SHP3839,ORD3839,WH006,VEH001,DRV016,RT019,2024-03-31,2024-04-04,2024-04-03,539.34,1640.57,Delivered,Inter-City
SHP3840,ORD3840,WH009,VEH008,DRV029,RT020,2025-10-10,2025-10-12,2025-10-10,649.88,2582.37,Delivered,Local
SHP3841,ORD3841,WH010,VEH008,DRV049,RT002,2025-07-23,2025-07-25,2025-07-25,788.21,4632.69,Delivered,Inter-City
SHP3842,ORD3842,WH009,VEH004,DRV018,RT014,2025-08-08,2025-08-11,2025-08-13,595.6,2067.04,Delayed,Local
SHP3843,ORD3843,WH007,VEH019,DRV034,RT005,2024-09-05,2024-09-12,2024-09-12,47.52,142.77,Delivered,Inter-City
SHP3844,ORD3844,WH005,VEH017,DRV027,RT004,2025-11-26,2025-11-27,2025-11-26,434.66,3188.81,Delivered,Inter-City
SHP3845,ORD3845,WH003,VEH008,DRV004,RT013,2025-05-25,2025-05-30,2025-05-30,34.21,207.83,Returned,Inter-City
SHP3846,ORD3846,WH005,VEH013,DRV032,RT002,2024-03-27,2024-03-30,2024-03-28,983.71,6977.03,Delivered,Local
SHP3847,ORD3847,WH009,VEH001,DRV017,RT010,2025-03-24,2025-03-25,2025-03-25,41.96,225.37,Delivered,Inter-City
SHP3848,ORD3848,WH007,VEH005,DRV019,RT018,2025-04-02,2025-04-05,2025-04-03,333.08,1037.52,Delivered,Inter-City
SHP3849,ORD3849,WH008,VEH018,DRV042,RT018,2025-03-11,2025-03-17,2025-03-17,482.25,1605.02,Delivered,Local
SHP3850,ORD3850,WH003,VEH015,DRV030,RT014,2024-01-26,2024-02-01,2024-01-31,974.36,3049.17,Delivered,Inter-City
SHP3851,ORD3851,WH006,VEH003,DRV046,RT008,2025-02-21,2025-02-26,2025-02-24,860.51,1975.23,Delivered,Inter-City
SHP3852,ORD3852,WH006,VEH016,DRV019,RT003,2025-12-15,2025-12-19,2025-12-17,551.04,3232.67,Delivered,Local
SHP3853,ORD3853,WH007,VEH013,DRV046,RT008,2025-11-22,2025-11-24,2025-11-23,742.63,5196.0,Delivered,Local
SHP3854,ORD3854,WH007,VEH003,DRV033,RT009,2024-12-28,2024-12-30,2024-12-29,484.44,2368.89,Delivered,Inter-City
SHP3855,ORD3855,WH008,VEH017,DRV024,RT019,2024-05-21,2024-05-27,2024-05-25,280.19,1130.62,Delivered,Local
SHP3856,ORD3856,WH004,VEH014,DRV005,RT018,2025-11-28,2025-12-05,2025-12-03,912.43,2875.17,Delivered,Inter-City
SHP3857,ORD3857,WH005,VEH010,DRV035,RT019,2024-06-19,2024-06-21,2024-06-19,887.25,3783.21,Delivered,Inter-City
SHP3858,ORD3858,WH005,VEH005,DRV018,RT009,2024-11-28,2024-11-29,2024-11-29,354.65,2512.13,Delivered,Inter-City
SHP3859,ORD3859,WH008,VEH002,DRV010,RT004,2025-05-05,2025-05-12,2025-05-10,177.19,708.26,Delivered,Inter-City
SHP3860,ORD3860,WH010,VEH018,DRV035,RT003,2025-02-11,2025-02-18,2025-02-18,112.88,228.04,Returned,Inter-City
SHP3861,ORD3861,WH004,VEH015,DRV047,RT014,2024-08-01,2024-08-08,2024-08-08,591.15,1191.36,Delivered,Inter-City
SHP3862,ORD3862,WH009,VEH001,DRV020,RT007,2025-05-17,2025-05-20,2025-05-20,627.01,2898.2,Delivered,Inter-City
SHP3863,ORD3863,WH009,VEH001,DRV033,RT013,2024-11-22,2024-11-25,2024-11-25,20.1,90.03,Delivered,Inter-City
SHP3864,ORD3864,WH002,VEH020,DRV038,RT015,2024-01-04,2024-01-11,2024-01-10,848.72,5497.8,Delivered,Inter-City
SHP3865,ORD3865,WH004,VEH020,DRV014,RT003,2024-08-28,2024-08-30,2024-08-28,307.47,922.04,Delivered,Inter-City
SHP3866,ORD3866,WH008,VEH012,DRV038,RT010,2024-07-04,2024-07-07,2024-07-07,70.63,539.81,Delivered,Local
SHP3867,ORD3867,WH006,VEH015,DRV024,RT012,2024-11-23,2024-11-27,2024-11-26,523.82,1714.53,Delivered,Local
SHP3868,ORD3868,WH003,VEH018,DRV005,RT001,2025-12-02,2025-12-08,2025-12-07,671.29,4381.41,Delivered,Inter-City
SHP3869,ORD3869,WH006,VEH013,DRV004,RT011,2024-11-18,2024-11-22,2024-11-24,525.75,3024.8,Delayed,Inter-City
SHP3870,ORD3870,WH005,VEH004,DRV004,RT019,2025-02-18,2025-02-19,2025-02-19,747.64,5658.62,Delivered,Local
SHP3871,ORD3871,WH002,VEH014,DRV044,RT003,2025-11-06,2025-11-09,2025-11-09,983.51,4566.47,Delivered,Local
SHP3872,ORD3872,WH007,VEH001,DRV045,RT006,2024-10-27,2024-10-30,2024-10-28,377.65,2116.71,Delivered,Local
SHP3873,ORD3873,WH010,VEH003,DRV033,RT003,2024-10-27,2024-10-29,2024-10-29,760.35,5608.74,Delivered,Local
SHP3874,ORD3874,WH007,VEH020,DRV029,RT011,2025-04-14,2025-04-17,2025-04-17,847.72,3536.38,Returned,Inter-City
SHP3875,ORD3875,WH007,VEH001,DRV025,RT018,2024-07-14,2024-07-17,2024-07-17,420.83,1782.78,Delivered,Local
SHP3876,ORD3876,WH004,VEH017,DRV035,RT006,2025-10-06,2025-10-09,2025-10-07,705.91,5446.52,Delivered,Local
SHP3877,ORD3877,WH010,VEH013,DRV025,RT002,2025-07-13,2025-07-19,2025-07-17,813.79,2190.63,Delivered,Inter-City
SHP3878,ORD3878,WH008,VEH011,DRV034,RT018,2024-02-07,2024-02-10,2024-02-10,292.68,619.87,Delivered,Inter-City
SHP3879,ORD3879,WH007,VEH008,DRV020,RT017,2025-03-31,2025-04-03,2025-04-02,109.77,747.75,Delivered,Inter-City
SHP3880,ORD3880,WH007,VEH004,DRV037,RT008,2025-04-05,2025-04-10,2025-04-10,61.24,183.0,In Transit,Inter-City
SHP3881,ORD3881,WH010,VEH007,DRV002,RT020,2025-10-24,2025-10-30,2025-10-29,297.83,2282.13,Delivered,Inter-City
SHP3882,ORD3882,WH002,VEH006,DRV006,RT007,2024-10-08,2024-10-15,2024-10-13,326.92,2284.65,Delivered,Inter-City
SHP3883,ORD3883,WH010,VEH020,DRV039,RT001,2024-02-11,2024-02-15,2024-02-15,345.93,1495.86,Delivered,Local
SHP3884,ORD3884,WH009,VEH016,DRV009,RT008,2024-02-28,2024-03-03,2024-03-01,213.69,964.72,Delivered,Inter-City
SHP3885,ORD3885,WH008,VEH017,DRV013,RT015,2025-12-15,2025-12-16,2025-12-19,113.61,764.03,Delayed,Inter-City
SHP3886,ORD3886,WH005,VEH004,DRV016,RT013,2025-05-12,2025-05-16,2025-05-15,954.62,7618.46,Delivered,Inter-City
SHP3887,ORD3887,WH010,VEH012,DRV038,RT007,2024-05-11,2024-05-17,2024-05-17,274.95,1542.16,Delivered,Inter-City
SHP3888,ORD3888,WH008,VEH007,DRV030,RT003,2025-08-26,2025-08-30,2025-08-29,317.04,2116.81,Delivered,Local
SHP3889,ORD3889,WH010,VEH004,DRV009,RT001,2025-09-11,2025-09-14,2025-09-13,267.65,573.7,Delivered,Local
SHP3890,ORD3890,WH003,VEH018,DRV046,RT020,2025-12-05,2025-12-08,2025-12-07,207.36,1566.52,Delivered,Inter-City
SHP3891,ORD3891,WH009,VEH005,DRV025,RT019,2025-04-02,2025-04-06,2025-04-04,282.44,770.07,Delivered,Inter-City
SHP3892,ORD3892,WH007,VEH013,DRV032,RT009,2025-07-13,2025-07-18,2025-07-17,841.97,4736.93,Delivered,Inter-City
SHP3893,ORD3893,WH010,VEH013,DRV039,RT001,2025-06-15,2025-06-22,2025-06-21,520.63,1765.81,Delivered,Inter-City
SHP3894,ORD3894,WH002,VEH010,DRV008,RT018,2025-12-10,2025-12-12,2025-12-15,586.17,3795.63,Delayed,Inter-City
SHP3895,ORD3895,WH010,VEH010,DRV040,RT002,2025-12-04,2025-12-07,2025-12-06,264.11,970.08,Delivered,Inter-City
SHP3896,ORD3896,WH008,VEH002,DRV029,RT005,2025-01-05,2025-01-08,2025-01-11,346.87,1007.09,Delayed,Local
SHP3897,ORD3897,WH009,VEH014,DRV005,RT002,2025-09-08,2025-09-11,2025-09-10,462.77,2728.2,Delivered,Inter-City
SHP3898,ORD3898,WH009,VEH016,DRV018,RT002,2025-04-12,2025-04-15,2025-04-15,872.72,3031.94,Delivered,Inter-City
SHP3899,ORD3899,WH002,VEH009,DRV025,RT001,2024-09-01,2024-09-05,2024-09-03,172.5,923.41,Delivered,Local
SHP3900,ORD3900,WH001,VEH008,DRV021,RT014,2025-06-19,2025-06-24,2025-06-22,690.79,4183.28,Delivered,Inter-City
SHP3901,ORD3901,WH001,VEH018,DRV042,RT012,2025-07-01,2025-07-05,2025-07-05,482.91,967.05,In Transit,Local
SHP3902,ORD3902,WH008,VEH012,DRV002,RT004,2024-07-14,2024-07-19,2024-07-24,219.42,1495.56,Delayed,Inter-City
SHP3903,ORD3903,WH003,VEH011,DRV026,RT015,2025-09-18,2025-09-22,2025-09-20,772.71,5130.17,Delivered,Inter-City
SHP3904,ORD3904,WH007,VEH008,DRV006,RT016,2025-05-08,2025-05-09,2025-05-07,406.24,1802.89,Delivered,Inter-City
SHP3905,ORD3905,WH008,VEH017,DRV027,RT003,2025-02-17,2025-02-19,2025-02-21,766.78,3338.54,Delayed,Local
SHP3906,ORD3906,WH009,VEH004,DRV016,RT001,2024-07-21,2024-07-23,2024-07-21,800.38,2224.22,Delivered,Inter-City
SHP3907,ORD3907,WH010,VEH017,DRV027,RT010,2024-01-28,2024-02-02,2024-02-01,405.39,1701.67,Delivered,Inter-City
SHP3908,ORD3908,WH005,VEH019,DRV032,RT015,2024-02-01,2024-02-08,2024-02-07,228.87,865.51,Delivered,Inter-City
SHP3909,ORD3909,WH004,VEH009,DRV037,RT011,2024-10-21,2024-10-22,2024-10-22,113.39,543.19,Delivered,Inter-City
SHP3910,ORD3910,WH003,VEH002,DRV035,RT002,2024-03-19,2024-03-25,2024-03-27,864.72,4924.11,Delayed,Inter-City
SHP3911,ORD3911,WH005,VEH017,DRV011,RT018,2024-01-10,2024-01-11,2024-01-16,167.09,353.01,Delayed,Local
SHP3912,ORD3912,WH004,VEH013,DRV021,RT001,2024-10-22,2024-10-28,2024-10-27,402.39,1834.05,Delivered,Inter-City
SHP3913,ORD3913,WH007,VEH020,DRV003,RT002,2024-03-22,2024-03-27,2024-03-27,877.17,2744.54,Delivered,Inter-City
SHP3914,ORD3914,WH006,VEH005,DRV020,RT001,2024-10-05,2024-10-06,2024-10-09,639.08,2532.24,Delayed,Inter-City
SHP3915,ORD3915,WH005,VEH005,DRV030,RT014,2025-06-13,2025-06-17,2025-06-17,653.4,1991.12,Delivered,Inter-City
SHP3916,ORD3916,WH008,VEH019,DRV048,RT007,2024-09-04,2024-09-06,2024-09-06,829.82,3829.9,Delivered,Local
SHP3917,ORD3917,WH010,VEH010,DRV010,RT001,2024-04-05,2024-04-10,2024-04-09,260.22,1020.82,Delivered,Inter-City
SHP3918,ORD3918,WH007,VEH013,DRV006,RT014,2025-11-15,2025-11-17,2025-11-15,842.03,6301.42,Delivered,Inter-City
SHP3919,ORD3919,WH006,VEH002,DRV047,RT014,2024-10-15,2024-10-16,2024-10-16,217.74,1133.95,Delivered,Local
SHP3920,ORD3920,WH002,VEH016,DRV016,RT006,2025-10-15,2025-10-19,2025-10-18,827.25,2706.52,Delivered,Local
SHP3921,ORD3921,WH007,VEH012,DRV045,RT012,2024-10-15,2024-10-19,2024-10-17,68.23,471.42,Delivered,Inter-City
SHP3922,ORD3922,WH001,VEH008,DRV049,RT018,2024-10-14,2024-10-20,2024-10-19,457.69,1391.9,Delivered,Inter-City
SHP3923,ORD3923,WH005,VEH010,DRV044,RT002,2024-03-18,2024-03-25,2024-03-23,943.73,6155.05,Delivered,Local
SHP3924,ORD3924,WH010,VEH006,DRV046,RT017,2025-09-08,2025-09-09,2025-09-08,681.25,4744.31,Delivered,Inter-City
SHP3925,ORD3925,WH004,VEH011,DRV041,RT009,2024-07-03,2024-07-06,2024-07-04,716.51,4951.78,Delivered,Local
SHP3926,ORD3926,WH003,VEH018,DRV043,RT014,2025-10-24,2025-10-25,2025-10-25,499.02,3961.44,Returned,Inter-City
SHP3927,ORD3927,WH002,VEH008,DRV033,RT010,2025-12-29,2026-01-02,2026-01-01,847.58,2940.41,Delivered,Inter-City
SHP3928,ORD3928,WH005,VEH002,DRV030,RT009,2025-09-25,2025-09-26,2025-09-24,870.1,3396.65,Delivered,Inter-City
SHP3929,ORD3929,WH006,VEH018,DRV009,RT009,2024-02-23,2024-03-01,2024-02-29,673.26,2620.06,Delivered,Inter-City
SHP3930,ORD3930,WH005,VEH014,DRV046,RT012,2024-03-20,2024-03-22,2024-03-22,404.51,865.05,Delivered,Inter-City
SHP3931,ORD3931,WH007,VEH004,DRV007,RT020,2024-12-23,2024-12-30,2024-12-28,457.06,2666.97,Delivered,Local
SHP3932,ORD3932,WH003,VEH011,DRV016,RT001,2024-08-25,2024-08-26,2024-08-25,537.47,2295.81,Delivered,Local
SHP3933,ORD3933,WH004,VEH020,DRV017,RT009,2024-05-10,2024-05-15,2024-05-15,21.34,83.71,In Transit,Inter-City
SHP3934,ORD3934,WH001,VEH002,DRV038,RT006,2024-08-03,2024-08-04,2024-08-02,358.15,2703.75,Delivered,Inter-City
SHP3935,ORD3935,WH008,VEH018,DRV032,RT008,2024-01-16,2024-01-23,2024-01-26,686.12,3767.47,Delayed,Inter-City
SHP3936,ORD3936,WH001,VEH008,DRV049,RT009,2025-10-11,2025-10-17,2025-10-17,764.75,2489.27,In Transit,Local
SHP3937,ORD3937,WH003,VEH020,DRV011,RT013,2024-05-25,2024-05-26,2024-05-29,682.95,4516.92,Delayed,Inter-City
SHP3938,ORD3938,WH006,VEH012,DRV047,RT013,2024-05-31,2024-06-05,2024-06-08,608.96,2575.17,Delayed,Inter-City
SHP3939,ORD3939,WH006,VEH015,DRV035,RT008,2024-08-22,2024-08-27,2024-08-27,604.35,4011.24,Delivered,Inter-City
SHP3940,ORD3940,WH004,VEH003,DRV002,RT019,2025-11-29,2025-12-02,2025-12-02,971.24,4882.91,Delivered,Inter-City
SHP3941,ORD3941,WH006,VEH015,DRV036,RT015,2025-06-27,2025-06-29,2025-06-27,940.54,1966.44,Delivered,Inter-City
SHP3942,ORD3942,WH010,VEH011,DRV031,RT006,2025-06-05,2025-06-07,2025-06-05,448.47,1431.27,Delivered,Inter-City
SHP3943,ORD3943,WH002,VEH018,DRV039,RT018,2025-03-18,2025-03-25,2025-03-24,633.01,3501.23,Delivered,Inter-City
SHP3944,ORD3944,WH009,VEH010,DRV026,RT001,2025-04-06,2025-04-13,2025-04-12,344.77,1557.44,Delivered,Inter-City
SHP3945,ORD3945,WH006,VEH013,DRV041,RT015,2024-01-04,2024-01-06,2024-01-08,450.27,3438.15,Delayed,Inter-City
SHP3946,ORD3946,WH009,VEH015,DRV023,RT017,2025-04-07,2025-04-14,2025-04-13,58.19,318.8,Delivered,Inter-City
SHP3947,ORD3947,WH001,VEH005,DRV003,RT016,2024-12-15,2024-12-21,2024-12-21,906.73,2061.79,In Transit,Inter-City
SHP3948,ORD3948,WH007,VEH019,DRV004,RT015,2024-10-21,2024-10-23,2024-10-21,25.77,113.22,Delivered,Inter-City
SHP3949,ORD3949,WH005,VEH018,DRV017,RT016,2025-05-21,2025-05-23,2025-05-21,171.91,497.55,Delivered,Inter-City
SHP3950,ORD3950,WH005,VEH009,DRV001,RT016,2024-08-29,2024-09-04,2024-09-05,576.29,1431.64,Delayed,Local
SHP3951,ORD3951,WH009,VEH020,DRV048,RT001,2024-05-03,2024-05-04,2024-05-04,62.63,198.86,Delivered,Inter-City
SHP3952,ORD3952,WH007,VEH016,DRV012,RT020,2025-11-28,2025-12-04,2025-12-05,736.3,4204.5,Delayed,Local
SHP3953,ORD3953,WH005,VEH005,DRV028,RT003,2025-10-15,2025-10-22,2025-10-21,418.03,1890.24,Delivered,Inter-City
SHP3954,ORD3954,WH008,VEH003,DRV002,RT016,2025-12-12,2025-12-17,2025-12-17,349.83,1629.44,Delivered,Local
SHP3955,ORD3955,WH007,VEH012,DRV009,RT001,2025-07-10,2025-07-12,2025-07-12,110.86,677.15,Returned,Local
SHP3956,ORD3956,WH004,VEH001,DRV042,RT001,2024-03-18,2024-03-24,2024-03-24,389.32,2263.21,Returned,Local
SHP3957,ORD3957,WH009,VEH008,DRV012,RT003,2024-12-04,2024-12-06,2024-12-04,935.22,2203.84,Delivered,Inter-City
SHP3958,ORD3958,WH008,VEH010,DRV005,RT013,2025-01-21,2025-01-27,2025-01-25,271.45,2089.19,Delivered,Inter-City
SHP3959,ORD3959,WH009,VEH013,DRV002,RT010,2024-05-31,2024-06-05,2024-06-03,238.97,1048.34,Delivered,Inter-City
SHP3960,ORD3960,WH003,VEH007,DRV009,RT010,2025-01-26,2025-02-02,2025-01-31,255.87,942.79,Delivered,Inter-City
SHP3961,ORD3961,WH002,VEH002,DRV025,RT002,2025-02-06,2025-02-07,2025-02-06,456.95,2679.27,Delivered,Inter-City
SHP3962,ORD3962,WH008,VEH015,DRV034,RT018,2025-09-25,2025-09-27,2025-09-27,259.36,1364.31,Delivered,Inter-City
SHP3963,ORD3963,WH001,VEH002,DRV030,RT006,2025-09-14,2025-09-15,2025-09-13,662.4,3196.44,Delivered,Local
SHP3964,ORD3964,WH009,VEH002,DRV047,RT004,2025-11-02,2025-11-03,2025-11-02,65.65,267.13,Delivered,Inter-City
SHP3965,ORD3965,WH007,VEH009,DRV030,RT014,2024-12-04,2024-12-09,2024-12-07,373.51,2442.04,Delivered,Inter-City
SHP3966,ORD3966,WH008,VEH019,DRV002,RT008,2024-08-18,2024-08-22,2024-08-20,463.86,2954.5,Delivered,Local
SHP3967,ORD3967,WH010,VEH009,DRV050,RT016,2025-09-09,2025-09-10,2025-09-10,819.25,5378.96,Delivered,Local
SHP3968,ORD3968,WH010,VEH019,DRV041,RT007,2025-05-09,2025-05-14,2025-05-13,542.23,3859.94,Delivered,Inter-City
SHP3969,ORD3969,WH006,VEH006,DRV014,RT002,2025-07-04,2025-07-05,2025-07-04,319.24,1048.4,Delivered,Inter-City
SHP3970,ORD3970,WH005,VEH007,DRV002,RT009,2025-09-18,2025-09-25,2025-09-23,178.23,1198.63,Delivered,Inter-City
SHP3971,ORD3971,WH001,VEH001,DRV002,RT005,2025-02-06,2025-02-13,2025-02-17,352.77,1259.86,Delayed,Local
SHP3972,ORD3972,WH006,VEH007,DRV046,RT020,2025-03-20,2025-03-27,2025-03-26,790.95,2005.98,Delivered,Inter-City
SHP3973,ORD3973,WH007,VEH007,DRV034,RT005,2024-12-15,2024-12-16,2024-12-16,473.75,3274.36,Delivered,Inter-City
SHP3974,ORD3974,WH004,VEH002,DRV013,RT012,2025-06-03,2025-06-05,2025-06-05,94.28,641.96,In Transit,Local
SHP3975,ORD3975,WH003,VEH013,DRV015,RT008,2024-01-30,2024-02-04,2024-02-04,783.86,5088.89,Delivered,Inter-City
SHP3976,ORD3976,WH005,VEH018,DRV041,RT001,2025-07-02,2025-07-08,2025-07-06,714.91,5206.87,Delivered,Inter-City
SHP3977,ORD3977,WH002,VEH004,DRV011,RT012,2025-05-29,2025-05-30,2025-05-29,308.03,2241.98,Delivered,Local
SHP3978,ORD3978,WH001,VEH013,DRV021,RT015,2025-05-10,2025-05-12,2025-05-12,104.42,487.78,Delivered,Inter-City
SHP3979,ORD3979,WH007,VEH017,DRV007,RT001,2025-08-01,2025-08-06,2025-08-06,964.73,6855.57,Delivered,Inter-City
SHP3980,ORD3980,WH008,VEH014,DRV028,RT008,2025-01-11,2025-01-13,2025-01-13,337.16,2559.94,Delivered,Inter-City
SHP3981,ORD3981,WH008,VEH007,DRV042,RT015,2024-04-27,2024-04-28,2024-04-28,454.74,927.41,Delivered,Inter-City
SHP3982,ORD3982,WH007,VEH018,DRV027,RT017,2025-10-22,2025-10-26,2025-10-25,422.09,2713.64,Delivered,Inter-City
SHP3983,ORD3983,WH005,VEH004,DRV019,RT016,2024-08-28,2024-08-31,2024-08-29,840.71,3839.01,Delivered,Inter-City
SHP3984,ORD3984,WH010,VEH011,DRV013,RT015,2024-10-25,2024-10-27,2024-10-26,176.53,839.61,Delivered,Inter-City
SHP3985,ORD3985,WH007,VEH018,DRV038,RT019,2025-10-17,2025-10-23,2025-10-22,718.86,4936.74,Delivered,Local
SHP3986,ORD3986,WH004,VEH019,DRV024,RT003,2025-02-01,2025-02-07,2025-02-06,38.84,246.67,Delivered,Local
SHP3987,ORD3987,WH004,VEH016,DRV048,RT001,2024-04-12,2024-04-15,2024-04-13,725.88,5292.44,Delivered,Inter-City
SHP3988,ORD3988,WH006,VEH002,DRV044,RT015,2025-10-23,2025-10-30,2025-10-30,354.39,2825.75,Delivered,Inter-City
SHP3989,ORD3989,WH002,VEH020,DRV040,RT013,2025-11-14,2025-11-20,2025-11-22,145.13,340.73,Delayed,Local
SHP3990,ORD3990,WH005,VEH016,DRV032,RT005,2024-12-10,2024-12-16,2024-12-14,421.47,2618.22,Delivered,Local
SHP3991,ORD3991,WH006,VEH020,DRV046,RT012,2025-12-04,2025-12-10,2025-12-10,630.8,2131.87,In Transit,Inter-City
SHP3992,ORD3992,WH009,VEH010,DRV006,RT013,2024-05-08,2024-05-15,2024-05-13,817.24,4985.91,Delivered,Inter-City
SHP3993,ORD3993,WH001,VEH014,DRV012,RT018,2025-06-05,2025-06-06,2025-06-05,721.04,4596.71,Delivered,Local
SHP3994,ORD3994,WH007,VEH002,DRV043,RT007,2024-01-28,2024-02-02,2024-01-31,62.7,479.65,Delivered,Inter-City
SHP3995,ORD3995,WH009,VEH007,DRV017,RT007,2024-10-07,2024-10-14,2024-10-19,208.81,730.43,Delayed,Inter-City
SHP3996,ORD3996,WH007,VEH017,DRV004,RT017,2025-05-25,2025-05-29,2025-05-27,630.85,4127.83,Delivered,Inter-City
SHP3997,ORD3997,WH004,VEH010,DRV032,RT005,2024-10-28,2024-11-03,2024-11-02,98.63,448.41,Delivered,Inter-City
SHP3998,ORD3998,WH007,VEH005,DRV007,RT018,2025-05-17,2025-05-23,2025-05-22,245.21,1398.53,Delivered,Inter-City
SHP3999,ORD3999,WH005,VEH016,DRV020,RT005,2025-09-09,2025-09-15,2025-09-15,144.36,746.28,Delivered,Inter-City
SHP4000,ORD4000,WH005,VEH017,DRV031,RT001,2025-09-10,2025-09-16,2025-09-18,585.78,2351.08,Delayed,Local
SHP4001,ORD4001,WH007,VEH006,DRV036,RT019,2024-02-11,2024-02-16,2024-02-15,351.71,1813.87,Delivered,Inter-City
SHP4002,ORD4002,WH003,VEH013,DRV009,RT015,2025-05-03,2025-05-05,2025-05-07,106.57,804.39,Delayed,Local
SHP4003,ORD4003,WH006,VEH017,DRV007,RT005,2025-11-17,2025-11-24,2025-11-29,911.98,3976.32,Delayed,Inter-City
SHP4004,ORD4004,WH007,VEH008,DRV018,RT001,2024-09-19,2024-09-26,2024-09-26,624.76,4903.35,Delivered,Inter-City
SHP4005,ORD4005,WH005,VEH009,DRV030,RT014,2024-12-15,2024-12-21,2024-12-21,850.53,2359.66,Delivered,Inter-City
SHP4006,ORD4006,WH007,VEH020,DRV026,RT017,2024-12-05,2024-12-12,2024-12-12,415.16,1273.66,Delivered,Inter-City
SHP4007,ORD4007,WH008,VEH012,DRV005,RT015,2024-04-16,2024-04-18,2024-04-17,689.24,1972.26,Delivered,Inter-City
SHP4008,ORD4008,WH009,VEH010,DRV021,RT009,2025-10-19,2025-10-23,2025-10-23,713.13,4994.81,Delivered,Inter-City
SHP4009,ORD4009,WH001,VEH001,DRV023,RT015,2024-09-23,2024-09-29,2024-09-28,710.68,5493.54,Delivered,Inter-City
SHP4010,ORD4010,WH008,VEH014,DRV027,RT010,2025-07-01,2025-07-05,2025-07-05,520.07,1399.09,Returned,Inter-City
SHP4011,ORD4011,WH009,VEH008,DRV008,RT006,2025-04-12,2025-04-16,2025-04-16,497.92,3305.27,Delivered,Local
SHP4012,ORD4012,WH004,VEH012,DRV039,RT010,2025-07-07,2025-07-09,2025-07-09,639.02,4627.87,In Transit,Inter-City
SHP4013,ORD4013,WH003,VEH009,DRV024,RT005,2024-10-20,2024-10-27,2024-10-25,539.07,2329.54,Delivered,Inter-City
SHP4014,ORD4014,WH001,VEH007,DRV024,RT008,2024-11-12,2024-11-13,2024-11-12,426.8,2978.35,Delivered,Inter-City
SHP4015,ORD4015,WH005,VEH014,DRV007,RT009,2024-04-11,2024-04-12,2024-04-12,646.51,3537.83,Returned,Inter-City
SHP4016,ORD4016,WH002,VEH002,DRV042,RT004,2024-10-26,2024-11-01,2024-10-31,865.05,4679.09,Delivered,Local
SHP4017,ORD4017,WH002,VEH006,DRV037,RT017,2025-10-29,2025-10-31,2025-10-30,522.18,1927.05,Delivered,Inter-City
SHP4018,ORD4018,WH001,VEH004,DRV009,RT015,2025-05-01,2025-05-02,2025-05-02,887.21,6989.33,Delivered,Local
SHP4019,ORD4019,WH002,VEH011,DRV025,RT017,2024-12-12,2024-12-14,2024-12-14,828.45,4647.15,In Transit,Local
SHP4020,ORD4020,WH010,VEH004,DRV044,RT015,2024-10-15,2024-10-18,2024-10-17,572.07,4383.75,Delivered,Local
SHP4021,ORD4021,WH001,VEH017,DRV001,RT007,2024-01-30,2024-02-06,2024-02-04,597.13,1767.41,Delivered,Inter-City
SHP4022,ORD4022,WH010,VEH002,DRV026,RT009,2024-04-09,2024-04-14,2024-04-14,619.63,2685.7,In Transit,Inter-City
SHP4023,ORD4023,WH009,VEH010,DRV003,RT005,2025-12-12,2025-12-17,2025-12-17,467.26,1640.54,Delivered,Inter-City
SHP4024,ORD4024,WH003,VEH014,DRV041,RT011,2025-07-22,2025-07-26,2025-07-26,527.06,3991.31,Delivered,Local
SHP4025,ORD4025,WH004,VEH018,DRV025,RT011,2025-03-05,2025-03-07,2025-03-06,48.53,100.96,Delivered,Inter-City
SHP4026,ORD4026,WH001,VEH012,DRV038,RT018,2024-01-27,2024-02-02,2024-02-02,863.69,5709.36,Delivered,Local
SHP4027,ORD4027,WH009,VEH001,DRV001,RT008,2024-01-01,2024-01-02,2024-01-01,928.1,4395.84,Delivered,Inter-City
SHP4028,ORD4028,WH003,VEH018,DRV026,RT017,2025-05-05,2025-05-11,2025-05-11,787.05,4670.26,Delivered,Local
SHP4029,ORD4029,WH003,VEH002,DRV049,RT007,2024-01-11,2024-01-15,2024-01-15,66.11,472.83,Delivered,Inter-City
SHP4030,ORD4030,WH002,VEH014,DRV037,RT006,2024-06-19,2024-06-21,2024-06-19,592.37,2529.88,Delivered,Inter-City
SHP4031,ORD4031,WH007,VEH006,DRV008,RT012,2024-10-02,2024-10-03,2024-10-02,851.96,5265.9,Delivered,Inter-City
SHP4032,ORD4032,WH010,VEH018,DRV004,RT015,2024-01-03,2024-01-10,2024-01-08,895.29,4231.19,Delivered,Local
SHP4033,ORD4033,WH003,VEH020,DRV043,RT006,2025-12-12,2025-12-17,2025-12-16,849.64,6451.31,Delivered,Inter-City
SHP4034,ORD4034,WH009,VEH014,DRV014,RT011,2025-07-04,2025-07-11,2025-07-11,309.82,931.0,Delivered,Inter-City
SHP4035,ORD4035,WH007,VEH007,DRV036,RT019,2025-10-14,2025-10-21,2025-10-19,489.89,2905.07,Delivered,Local
SHP4036,ORD4036,WH010,VEH011,DRV023,RT020,2024-03-31,2024-04-01,2024-03-30,145.09,963.86,Delivered,Local
SHP4037,ORD4037,WH004,VEH008,DRV024,RT012,2025-06-21,2025-06-26,2025-06-29,458.26,3573.59,Delayed,Inter-City
SHP4038,ORD4038,WH009,VEH008,DRV017,RT013,2025-11-01,2025-11-03,2025-11-01,518.06,2929.05,Delivered,Inter-City
SHP4039,ORD4039,WH007,VEH003,DRV043,RT020,2024-01-28,2024-01-31,2024-01-30,960.23,5118.53,Delivered,Local
SHP4040,ORD4040,WH006,VEH007,DRV002,RT005,2025-08-24,2025-08-28,2025-08-29,275.51,1518.37,Delayed,Inter-City
SHP4041,ORD4041,WH001,VEH020,DRV020,RT003,2025-03-14,2025-03-18,2025-03-16,331.11,1970.72,Delivered,Local
SHP4042,ORD4042,WH001,VEH006,DRV030,RT020,2025-06-04,2025-06-09,2025-06-07,731.94,1884.94,Delivered,Inter-City
SHP4043,ORD4043,WH006,VEH009,DRV035,RT003,2024-03-13,2024-03-18,2024-03-16,958.61,4638.94,Delivered,Inter-City
SHP4044,ORD4044,WH003,VEH017,DRV018,RT011,2025-06-12,2025-06-15,2025-06-13,739.98,2680.72,Delivered,Inter-City
SHP4045,ORD4045,WH005,VEH002,DRV003,RT019,2024-06-27,2024-07-01,2024-07-01,554.86,3706.0,Delivered,Inter-City
SHP4046,ORD4046,WH007,VEH012,DRV048,RT018,2024-01-23,2024-01-27,2024-01-25,189.47,403.28,Delivered,Inter-City
SHP4047,ORD4047,WH001,VEH018,DRV041,RT001,2024-12-30,2025-01-03,2025-01-03,84.93,630.24,Delivered,Inter-City
SHP4048,ORD4048,WH005,VEH007,DRV049,RT011,2025-04-02,2025-04-05,2025-04-03,151.13,1125.28,Delivered,Inter-City
SHP4049,ORD4049,WH003,VEH011,DRV023,RT012,2025-10-13,2025-10-17,2025-10-15,29.37,179.9,Delivered,Inter-City
SHP4050,ORD4050,WH005,VEH014,DRV039,RT001,2024-01-02,2024-01-03,2024-01-02,696.09,3739.92,Delivered,Inter-City
SHP4051,ORD4051,WH003,VEH007,DRV025,RT005,2024-10-06,2024-10-12,2024-10-12,296.93,1743.91,Delivered,Local
SHP4052,ORD4052,WH005,VEH016,DRV044,RT002,2024-01-05,2024-01-07,2024-01-06,120.51,741.83,Delivered,Inter-City
SHP4053,ORD4053,WH007,VEH015,DRV009,RT010,2025-12-12,2025-12-15,2025-12-14,55.36,422.54,Delivered,Inter-City
SHP4054,ORD4054,WH008,VEH016,DRV011,RT010,2025-06-29,2025-07-03,2025-07-02,292.4,1262.59,Delivered,Inter-City
SHP4055,ORD4055,WH001,VEH018,DRV014,RT011,2025-03-26,2025-03-28,2025-03-26,538.91,1173.58,Delivered,Local
SHP4056,ORD4056,WH010,VEH004,DRV044,RT002,2024-02-07,2024-02-13,2024-02-11,830.38,2905.56,Delivered,Local
SHP4057,ORD4057,WH008,VEH010,DRV041,RT003,2025-06-01,2025-06-02,2025-06-01,889.93,2498.65,Delivered,Inter-City
SHP4058,ORD4058,WH003,VEH006,DRV013,RT001,2024-11-19,2024-11-26,2024-11-24,479.35,1948.78,Delivered,Inter-City
SHP4059,ORD4059,WH004,VEH007,DRV050,RT014,2025-07-22,2025-07-29,2025-07-27,752.15,5704.73,Delivered,Local
SHP4060,ORD4060,WH008,VEH013,DRV023,RT015,2025-01-03,2025-01-09,2025-01-12,350.31,1398.15,Delayed,Inter-City
SHP4061,ORD4061,WH007,VEH018,DRV021,RT013,2025-07-07,2025-07-10,2025-07-10,726.09,3308.93,Delivered,Local
SHP4062,ORD4062,WH007,VEH009,DRV033,RT016,2025-06-21,2025-06-23,2025-06-21,403.85,2927.41,Delivered,Local
SHP4063,ORD4063,WH009,VEH016,DRV008,RT008,2024-02-16,2024-02-17,2024-02-17,58.48,237.45,Returned,Inter-City
SHP4064,ORD4064,WH005,VEH013,DRV042,RT009,2024-12-14,2024-12-21,2024-12-21,242.48,1131.98,Delivered,Inter-City
SHP4065,ORD4065,WH009,VEH012,DRV009,RT019,2024-09-28,2024-10-04,2024-10-02,975.9,3627.36,Delivered,Inter-City
SHP4066,ORD4066,WH008,VEH001,DRV019,RT004,2025-12-06,2025-12-12,2025-12-12,314.81,696.16,In Transit,Inter-City
SHP4067,ORD4067,WH007,VEH007,DRV049,RT007,2025-05-08,2025-05-09,2025-05-13,605.34,2426.92,Delayed,Inter-City
SHP4068,ORD4068,WH002,VEH003,DRV034,RT004,2025-08-27,2025-08-31,2025-08-29,125.02,651.22,Delivered,Local
SHP4069,ORD4069,WH008,VEH012,DRV042,RT020,2024-12-22,2024-12-25,2024-12-23,283.01,868.55,Delivered,Inter-City
SHP4070,ORD4070,WH009,VEH004,DRV043,RT007,2024-09-09,2024-09-15,2024-09-15,292.37,1665.34,Delivered,Inter-City
SHP4071,ORD4071,WH010,VEH015,DRV030,RT003,2024-03-23,2024-03-28,2024-03-28,861.45,5412.46,Delivered,Local
SHP4072,ORD4072,WH007,VEH015,DRV045,RT015,2024-10-28,2024-11-04,2024-11-04,382.12,2666.79,Delivered,Local
SHP4073,ORD4073,WH009,VEH020,DRV001,RT019,2025-06-16,2025-06-19,2025-06-17,159.47,414.01,Delivered,Local
SHP4074,ORD4074,WH005,VEH008,DRV044,RT014,2025-08-10,2025-08-17,2025-08-17,274.95,967.1,In Transit,Local
SHP4075,ORD4075,WH010,VEH007,DRV041,RT010,2025-05-06,2025-05-10,2025-05-08,948.75,4932.82,Delivered,Local
SHP4076,ORD4076,WH004,VEH017,DRV027,RT003,2025-02-04,2025-02-10,2025-02-10,738.62,4582.15,In Transit,Inter-City
SHP4077,ORD4077,WH009,VEH016,DRV030,RT013,2024-11-10,2024-11-16,2024-11-15,525.89,1227.73,Delivered,Inter-City
SHP4078,ORD4078,WH005,VEH007,DRV006,RT020,2025-02-28,2025-03-06,2025-03-05,166.75,400.88,Delivered,Local
SHP4079,ORD4079,WH008,VEH019,DRV048,RT002,2025-10-17,2025-10-24,2025-10-24,860.24,2720.33,Delivered,Local
SHP4080,ORD4080,WH002,VEH005,DRV027,RT001,2025-01-14,2025-01-17,2025-01-17,698.43,3450.63,Returned,Inter-City
SHP4081,ORD4081,WH001,VEH005,DRV041,RT018,2024-11-05,2024-11-08,2024-11-06,370.52,2436.21,Delivered,Local
SHP4082,ORD4082,WH008,VEH014,DRV037,RT011,2025-01-18,2025-01-23,2025-01-23,642.18,2886.32,Delivered,Local
SHP4083,ORD4083,WH002,VEH008,DRV003,RT016,2025-06-14,2025-06-16,2025-06-15,867.49,2303.34,Delivered,Local
SHP4084,ORD4084,WH009,VEH008,DRV023,RT019,2024-11-10,2024-11-11,2024-11-11,737.89,4862.36,Delivered,Inter-City
SHP4085,ORD4085,WH005,VEH011,DRV038,RT006,2024-07-25,2024-07-27,2024-07-26,694.57,1621.66,Delivered,Local
SHP4086,ORD4086,WH003,VEH010,DRV023,RT011,2025-05-26,2025-05-27,2025-05-27,767.03,6107.78,Delivered,Inter-City
SHP4087,ORD4087,WH008,VEH009,DRV050,RT007,2024-12-06,2024-12-07,2024-12-06,598.94,3046.18,Delivered,Local
SHP4088,ORD4088,WH007,VEH007,DRV009,RT016,2025-12-18,2025-12-19,2025-12-19,158.09,410.69,In Transit,Inter-City
SHP4089,ORD4089,WH005,VEH002,DRV009,RT017,2024-03-17,2024-03-18,2024-03-18,962.48,1941.58,Returned,Inter-City
SHP4090,ORD4090,WH008,VEH013,DRV015,RT010,2024-10-07,2024-10-09,2024-10-09,283.44,1272.85,Delivered,Local
SHP4091,ORD4091,WH003,VEH013,DRV014,RT008,2025-01-10,2025-01-14,2025-01-13,78.47,346.9,Delivered,Inter-City
SHP4092,ORD4092,WH003,VEH019,DRV036,RT016,2024-02-08,2024-02-15,2024-02-15,175.2,508.87,Returned,Inter-City
SHP4093,ORD4093,WH006,VEH003,DRV018,RT008,2024-12-25,2025-01-01,2025-01-01,477.47,2815.99,Delivered,Local
SHP4094,ORD4094,WH007,VEH017,DRV024,RT002,2024-09-26,2024-10-02,2024-10-02,745.72,4440.5,In Transit,Inter-City
SHP4095,ORD4095,WH009,VEH012,DRV011,RT013,2024-02-22,2024-02-28,2024-02-28,822.84,6541.7,Delivered,Inter-City
SHP4096,ORD4096,WH006,VEH010,DRV042,RT016,2024-06-06,2024-06-08,2024-06-07,40.35,158.06,Delivered,Local
SHP4097,ORD4097,WH006,VEH008,DRV003,RT013,2024-03-19,2024-03-20,2024-03-20,614.74,1245.22,Delivered,Inter-City
SHP4098,ORD4098,WH006,VEH017,DRV039,RT005,2025-04-29,2025-05-02,2025-04-30,169.3,610.79,Delivered,Inter-City
SHP4099,ORD4099,WH009,VEH016,DRV003,RT012,2025-03-04,2025-03-09,2025-03-09,795.74,6271.43,Returned,Inter-City
SHP4100,ORD4100,WH004,VEH008,DRV022,RT012,2025-01-01,2025-01-05,2025-01-05,511.57,2834.3,Delivered,Local
SHP4101,ORD4101,WH002,VEH017,DRV050,RT005,2025-07-23,2025-07-26,2025-07-26,614.46,4096.89,Delivered,Local
SHP4102,ORD4102,WH005,VEH017,DRV025,RT019,2025-07-27,2025-07-28,2025-07-28,874.86,5511.11,Delivered,Local
SHP4103,ORD4103,WH008,VEH007,DRV013,RT017,2024-01-04,2024-01-08,2024-01-06,973.73,7611.37,Delivered,Inter-City
SHP4104,ORD4104,WH007,VEH013,DRV001,RT019,2025-11-20,2025-11-23,2025-11-23,307.46,1456.04,Delivered,Inter-City
SHP4105,ORD4105,WH006,VEH001,DRV007,RT015,2024-11-18,2024-11-19,2024-11-18,415.31,2920.73,Delivered,Inter-City
SHP4106,ORD4106,WH006,VEH011,DRV034,RT020,2025-09-18,2025-09-24,2025-09-22,43.72,191.77,Delivered,Inter-City
SHP4107,ORD4107,WH009,VEH013,DRV038,RT016,2025-12-29,2026-01-04,2026-01-04,167.99,506.56,Delivered,Inter-City
SHP4108,ORD4108,WH003,VEH002,DRV017,RT008,2024-01-19,2024-01-20,2024-01-19,242.88,579.13,Delivered,Inter-City
SHP4109,ORD4109,WH002,VEH002,DRV028,RT019,2025-04-25,2025-05-02,2025-05-02,740.29,2574.35,Delivered,Inter-City
SHP4110,ORD4110,WH004,VEH011,DRV038,RT003,2025-11-18,2025-11-25,2025-11-25,845.91,6676.15,Delivered,Local
SHP4111,ORD4111,WH003,VEH002,DRV010,RT018,2025-02-11,2025-02-12,2025-02-12,816.65,2693.14,Delivered,Inter-City
SHP4112,ORD4112,WH009,VEH014,DRV044,RT004,2024-10-03,2024-10-04,2024-10-02,772.61,4493.57,Delivered,Inter-City
SHP4113,ORD4113,WH006,VEH010,DRV009,RT005,2024-09-24,2024-09-30,2024-10-05,160.42,597.32,Delayed,Inter-City
SHP4114,ORD4114,WH001,VEH005,DRV015,RT005,2025-12-20,2025-12-21,2025-12-21,32.09,100.89,Delivered,Inter-City
SHP4115,ORD4115,WH008,VEH017,DRV039,RT006,2025-07-11,2025-07-17,2025-07-15,165.31,987.52,Delivered,Inter-City
SHP4116,ORD4116,WH006,VEH002,DRV042,RT019,2025-05-15,2025-05-20,2025-05-20,100.4,762.25,Returned,Local
SHP4117,ORD4117,WH006,VEH008,DRV049,RT006,2025-09-10,2025-09-13,2025-09-12,120.99,925.08,Delivered,Local
SHP4118,ORD4118,WH007,VEH006,DRV038,RT009,2025-12-14,2025-12-19,2025-12-18,410.86,2025.19,Delivered,Local
SHP4119,ORD4119,WH007,VEH010,DRV004,RT018,2025-09-02,2025-09-09,2025-09-08,461.08,3505.89,Delivered,Local
SHP4120,ORD4120,WH004,VEH013,DRV005,RT009,2024-01-04,2024-01-09,2024-01-09,5.27,25.24,Delivered,Inter-City
SHP4121,ORD4121,WH010,VEH002,DRV026,RT008,2024-08-31,2024-09-04,2024-09-04,133.22,1024.53,Delivered,Local
SHP4122,ORD4122,WH002,VEH011,DRV028,RT016,2024-06-16,2024-06-20,2024-06-20,492.43,3740.07,Delivered,Inter-City
SHP4123,ORD4123,WH004,VEH014,DRV012,RT019,2024-05-29,2024-06-01,2024-06-04,812.59,4884.53,Delayed,Inter-City
SHP4124,ORD4124,WH010,VEH016,DRV046,RT015,2025-04-10,2025-04-12,2025-04-12,546.17,3521.41,Returned,Inter-City
SHP4125,ORD4125,WH005,VEH007,DRV033,RT005,2024-03-06,2024-03-09,2024-03-09,435.02,2420.47,In Transit,Inter-City
SHP4126,ORD4126,WH003,VEH006,DRV011,RT017,2024-08-16,2024-08-18,2024-08-23,722.12,1802.62,Delayed,Local
SHP4127,ORD4127,WH009,VEH011,DRV012,RT006,2024-08-10,2024-08-13,2024-08-13,603.38,1307.94,Returned,Inter-City
SHP4128,ORD4128,WH003,VEH016,DRV044,RT001,2025-08-17,2025-08-24,2025-08-22,294.81,2335.1,Delivered,Local
SHP4129,ORD4129,WH001,VEH004,DRV018,RT010,2024-03-17,2024-03-19,2024-03-18,341.7,1012.26,Delivered,Local
SHP4130,ORD4130,WH010,VEH005,DRV017,RT012,2025-02-01,2025-02-05,2025-02-03,31.15,186.65,Delivered,Local
SHP4131,ORD4131,WH010,VEH008,DRV037,RT008,2025-12-15,2025-12-21,2025-12-24,39.43,177.04,Delayed,Local
SHP4132,ORD4132,WH003,VEH020,DRV045,RT007,2024-07-20,2024-07-26,2024-07-25,281.94,1160.04,Delivered,Local
SHP4133,ORD4133,WH004,VEH011,DRV036,RT008,2024-07-31,2024-08-06,2024-08-04,449.55,2635.98,Delivered,Local
SHP4134,ORD4134,WH010,VEH012,DRV040,RT003,2025-09-16,2025-09-17,2025-09-16,246.1,539.85,Delivered,Inter-City
SHP4135,ORD4135,WH005,VEH011,DRV036,RT016,2025-01-05,2025-01-10,2025-01-09,63.9,395.92,Delivered,Local
SHP4136,ORD4136,WH003,VEH012,DRV031,RT005,2024-08-18,2024-08-20,2024-08-18,699.65,2201.47,Delivered,Local
SHP4137,ORD4137,WH001,VEH016,DRV001,RT018,2025-03-07,2025-03-14,2025-03-14,889.04,4752.2,Returned,Inter-City
SHP4138,ORD4138,WH010,VEH010,DRV033,RT010,2025-02-07,2025-02-13,2025-02-12,288.7,1823.02,Delivered,Local
SHP4139,ORD4139,WH006,VEH006,DRV048,RT020,2024-04-10,2024-04-13,2024-04-11,253.36,1064.21,Delivered,Local
SHP4140,ORD4140,WH007,VEH012,DRV003,RT018,2025-10-15,2025-10-22,2025-10-21,573.52,3433.91,Delivered,Inter-City
SHP4141,ORD4141,WH003,VEH015,DRV043,RT001,2024-06-25,2024-06-28,2024-06-28,679.1,2861.66,Delivered,Local
SHP4142,ORD4142,WH005,VEH004,DRV008,RT002,2025-01-11,2025-01-14,2025-01-12,413.43,2447.53,Delivered,Inter-City
SHP4143,ORD4143,WH002,VEH005,DRV028,RT014,2025-04-01,2025-04-05,2025-04-03,509.86,3424.07,Delivered,Inter-City
SHP4144,ORD4144,WH010,VEH009,DRV004,RT011,2025-08-05,2025-08-09,2025-08-09,305.71,676.36,Returned,Inter-City
SHP4145,ORD4145,WH004,VEH014,DRV018,RT006,2024-10-22,2024-10-29,2024-10-28,760.93,5988.88,Delivered,Inter-City
SHP4146,ORD4146,WH003,VEH001,DRV028,RT011,2024-10-04,2024-10-11,2024-10-09,733.84,2085.13,Delivered,Inter-City
SHP4147,ORD4147,WH007,VEH003,DRV019,RT008,2024-11-01,2024-11-08,2024-11-08,697.01,5181.64,Delivered,Local
SHP4148,ORD4148,WH004,VEH016,DRV005,RT012,2024-06-01,2024-06-08,2024-06-06,270.16,1828.79,Delivered,Local
SHP4149,ORD4149,WH001,VEH020,DRV005,RT011,2025-11-23,2025-11-30,2025-11-29,535.83,3163.15,Delivered,Inter-City
SHP4150,ORD4150,WH001,VEH020,DRV048,RT012,2024-09-03,2024-09-09,2024-09-09,748.7,2334.45,Delivered,Local
SHP4151,ORD4151,WH006,VEH006,DRV048,RT013,2024-10-09,2024-10-14,2024-10-13,285.32,1510.52,Delivered,Inter-City
SHP4152,ORD4152,WH001,VEH014,DRV029,RT013,2024-10-24,2024-10-27,2024-10-27,167.51,750.69,Returned,Local
SHP4153,ORD4153,WH004,VEH002,DRV030,RT001,2025-04-16,2025-04-21,2025-04-21,735.87,4702.52,Delivered,Inter-City
SHP4154,ORD4154,WH001,VEH004,DRV009,RT010,2024-10-23,2024-10-28,2024-10-28,375.06,2113.84,Delivered,Inter-City
SHP4155,ORD4155,WH005,VEH005,DRV007,RT004,2025-06-05,2025-06-09,2025-06-08,717.88,4248.03,Delivered,Inter-City
SHP4156,ORD4156,WH001,VEH009,DRV017,RT019,2024-03-12,2024-03-19,2024-03-19,659.6,4403.25,Delivered,Local
SHP4157,ORD4157,WH001,VEH015,DRV011,RT007,2025-12-05,2025-12-06,2025-12-04,840.75,3161.75,Delivered,Inter-City
SHP4158,ORD4158,WH010,VEH006,DRV002,RT010,2025-08-05,2025-08-10,2025-08-10,21.19,164.13,Delivered,Inter-City
SHP4159,ORD4159,WH005,VEH002,DRV017,RT003,2024-05-13,2024-05-14,2024-05-14,461.13,2779.45,Delivered,Local
SHP4160,ORD4160,WH005,VEH007,DRV005,RT001,2024-12-22,2024-12-25,2024-12-25,220.94,924.99,Delivered,Inter-City
SHP4161,ORD4161,WH009,VEH017,DRV030,RT018,2024-11-20,2024-11-21,2024-11-20,418.18,2770.27,Delivered,Inter-City
SHP4162,ORD4162,WH008,VEH012,DRV042,RT004,2024-09-30,2024-10-01,2024-09-30,524.77,2137.59,Delivered,Inter-City
SHP4163,ORD4163,WH002,VEH011,DRV026,RT001,2025-08-03,2025-08-06,2025-08-06,269.51,751.81,Delivered,Local
SHP4164,ORD4164,WH008,VEH016,DRV004,RT005,2024-03-07,2024-03-10,2024-03-10,542.18,1458.0,Delivered,Inter-City
SHP4165,ORD4165,WH006,VEH004,DRV008,RT003,2025-12-27,2025-12-31,2025-12-31,865.69,4177.21,Delivered,Inter-City
SHP4166,ORD4166,WH002,VEH009,DRV014,RT012,2025-09-23,2025-09-25,2025-09-24,116.3,506.76,Delivered,Inter-City
SHP4167,ORD4167,WH007,VEH011,DRV001,RT009,2025-12-15,2025-12-22,2025-12-21,190.84,745.34,Delivered,Local
SHP4168,ORD4168,WH004,VEH004,DRV045,RT002,2025-05-23,2025-05-25,2025-05-24,897.21,2800.51,Delivered,Inter-City
SHP4169,ORD4169,WH001,VEH015,DRV010,RT011,2024-02-02,2024-02-07,2024-02-05,988.51,3880.18,Delivered,Local
SHP4170,ORD4170,WH003,VEH010,DRV002,RT018,2025-06-13,2025-06-17,2025-06-15,792.21,5100.36,Delivered,Inter-City
SHP4171,ORD4171,WH007,VEH019,DRV009,RT011,2024-08-23,2024-08-30,2024-08-30,410.47,1065.09,Delivered,Inter-City
SHP4172,ORD4172,WH001,VEH019,DRV048,RT020,2025-08-11,2025-08-13,2025-08-13,833.98,4624.16,Delivered,Inter-City
SHP4173,ORD4173,WH002,VEH009,DRV050,RT002,2024-01-27,2024-02-03,2024-02-01,613.1,3084.15,Delivered,Inter-City
SHP4174,ORD4174,WH003,VEH020,DRV029,RT004,2025-08-24,2025-08-26,2025-08-24,702.3,4743.84,Delivered,Local
SHP4175,ORD4175,WH003,VEH017,DRV034,RT015,2024-11-09,2024-11-15,2024-11-15,81.49,510.12,Returned,Local
SHP4176,ORD4176,WH005,VEH020,DRV010,RT012,2024-09-28,2024-10-04,2024-10-04,301.36,1200.82,Delivered,Inter-City
SHP4177,ORD4177,WH001,VEH005,DRV026,RT014,2024-09-23,2024-09-29,2024-09-29,481.81,2503.14,Delivered,Inter-City
SHP4178,ORD4178,WH007,VEH020,DRV026,RT014,2024-10-12,2024-10-17,2024-10-17,879.33,1956.64,Delivered,Inter-City
SHP4179,ORD4179,WH002,VEH006,DRV037,RT005,2025-12-16,2025-12-20,2025-12-20,152.67,553.66,In Transit,Local
SHP4180,ORD4180,WH001,VEH014,DRV032,RT016,2025-05-24,2025-05-29,2025-06-03,237.41,1023.83,Delayed,Local
SHP4181,ORD4181,WH008,VEH017,DRV005,RT001,2025-05-20,2025-05-21,2025-05-26,692.71,1945.49,Delayed,Local
SHP4182,ORD4182,WH001,VEH017,DRV040,RT008,2025-10-10,2025-10-13,2025-10-13,717.28,5141.05,Delivered,Inter-City
SHP4183,ORD4183,WH004,VEH007,DRV048,RT004,2024-12-29,2025-01-02,2024-12-31,182.52,980.42,Delivered,Inter-City
SHP4184,ORD4184,WH004,VEH014,DRV025,RT003,2025-12-28,2026-01-01,2026-01-03,21.07,98.55,Delayed,Inter-City
SHP4185,ORD4185,WH003,VEH019,DRV021,RT004,2025-11-26,2025-11-28,2025-11-28,384.45,2712.65,In Transit,Inter-City
SHP4186,ORD4186,WH007,VEH002,DRV044,RT018,2025-03-04,2025-03-09,2025-03-08,777.01,6111.43,Delivered,Local
SHP4187,ORD4187,WH001,VEH018,DRV018,RT001,2025-11-20,2025-11-22,2025-11-20,31.83,172.13,Delivered,Local
SHP4188,ORD4188,WH008,VEH013,DRV031,RT007,2025-02-25,2025-02-26,2025-02-24,420.33,3080.14,Delivered,Local
SHP4189,ORD4189,WH004,VEH007,DRV038,RT020,2025-10-25,2025-10-28,2025-10-28,394.17,2449.08,Delivered,Local
SHP4190,ORD4190,WH008,VEH014,DRV001,RT011,2024-12-28,2024-12-29,2025-01-03,647.36,3814.01,Delayed,Inter-City
SHP4191,ORD4191,WH006,VEH002,DRV044,RT020,2024-02-24,2024-02-29,2024-02-29,47.84,275.29,Delivered,Inter-City
SHP4192,ORD4192,WH003,VEH012,DRV004,RT019,2025-06-01,2025-06-08,2025-06-08,354.73,2786.96,Delivered,Inter-City
SHP4193,ORD4193,WH006,VEH014,DRV019,RT010,2024-03-20,2024-03-25,2024-03-23,750.06,4987.16,Delivered,Local
SHP4194,ORD4194,WH003,VEH009,DRV014,RT014,2024-03-08,2024-03-12,2024-03-12,374.94,2322.75,Delivered,Inter-City
SHP4195,ORD4195,WH010,VEH019,DRV040,RT002,2025-03-26,2025-03-30,2025-03-30,583.35,3834.9,Delivered,Inter-City
SHP4196,ORD4196,WH009,VEH004,DRV048,RT010,2025-09-17,2025-09-22,2025-09-22,415.99,2134.55,Delivered,Local
SHP4197,ORD4197,WH010,VEH001,DRV016,RT005,2024-04-05,2024-04-09,2024-04-08,282.69,1979.15,Delivered,Local
SHP4198,ORD4198,WH002,VEH004,DRV050,RT016,2025-03-21,2025-03-25,2025-03-24,374.49,2926.37,Delivered,Inter-City
SHP4199,ORD4199,WH001,VEH009,DRV013,RT016,2024-12-13,2024-12-19,2024-12-19,739.12,1944.84,Delivered,Inter-City
SHP4200,ORD4200,WH008,VEH012,DRV042,RT005,2024-06-30,2024-07-05,2024-07-04,57.18,299.07,Delivered,Inter-City
SHP4201,ORD4201,WH009,VEH013,DRV003,RT007,2025-08-20,2025-08-21,2025-08-21,216.84,1078.61,Returned,Inter-City
SHP4202,ORD4202,WH009,VEH014,DRV029,RT012,2025-02-09,2025-02-13,2025-02-13,951.76,6777.06,Returned,Inter-City
SHP4203,ORD4203,WH006,VEH003,DRV021,RT008,2024-09-21,2024-09-27,2024-09-27,700.23,5512.18,Returned,Inter-City
SHP4204,ORD4204,WH005,VEH007,DRV039,RT005,2025-05-23,2025-05-24,2025-05-22,109.13,255.4,Delivered,Inter-City
SHP4205,ORD4205,WH009,VEH002,DRV049,RT001,2024-07-31,2024-08-04,2024-08-02,93.55,188.3,Delivered,Inter-City
SHP4206,ORD4206,WH001,VEH008,DRV041,RT005,2024-01-06,2024-01-11,2024-01-11,847.84,3003.47,Delivered,Inter-City
SHP4207,ORD4207,WH002,VEH013,DRV001,RT020,2025-12-02,2025-12-07,2025-12-07,29.46,140.94,In Transit,Local
SHP4208,ORD4208,WH008,VEH017,DRV035,RT012,2024-04-26,2024-04-30,2024-04-29,88.95,187.76,Delivered,Inter-City
SHP4209,ORD4209,WH007,VEH009,DRV020,RT009,2025-09-05,2025-09-06,2025-09-06,284.29,1906.01,Returned,Inter-City
SHP4210,ORD4210,WH005,VEH013,DRV046,RT003,2025-03-20,2025-03-26,2025-03-26,129.51,390.27,Delivered,Inter-City
SHP4211,ORD4211,WH008,VEH015,DRV009,RT014,2024-04-17,2024-04-18,2024-04-17,272.22,1603.13,Delivered,Inter-City
SHP4212,ORD4212,WH001,VEH006,DRV047,RT013,2024-01-20,2024-01-26,2024-01-26,525.61,2004.49,Delivered,Inter-City
SHP4213,ORD4213,WH007,VEH012,DRV047,RT011,2025-08-21,2025-08-23,2025-08-23,708.75,3916.91,Delivered,Local
SHP4214,ORD4214,WH007,VEH018,DRV033,RT013,2024-09-13,2024-09-20,2024-09-18,578.25,1910.14,Delivered,Inter-City
SHP4215,ORD4215,WH004,VEH019,DRV029,RT009,2024-12-26,2024-12-28,2024-12-26,963.57,5004.25,Delivered,Local
SHP4216,ORD4216,WH003,VEH008,DRV035,RT010,2025-07-23,2025-07-27,2025-07-26,88.84,518.29,Delivered,Inter-City
SHP4217,ORD4217,WH005,VEH009,DRV015,RT008,2025-11-16,2025-11-22,2025-11-21,904.48,3858.92,Delivered,Local
SHP4218,ORD4218,WH001,VEH020,DRV004,RT017,2024-12-03,2024-12-07,2024-12-07,342.75,2285.28,Returned,Inter-City
SHP4219,ORD4219,WH008,VEH020,DRV020,RT015,2025-02-05,2025-02-12,2025-02-12,109.16,686.83,Delivered,Local
SHP4220,ORD4220,WH005,VEH006,DRV046,RT019,2024-01-17,2024-01-18,2024-01-18,289.08,1607.81,Delivered,Local
SHP4221,ORD4221,WH008,VEH018,DRV022,RT006,2024-07-26,2024-07-29,2024-07-28,725.82,4319.28,Delivered,Inter-City
SHP4222,ORD4222,WH006,VEH003,DRV011,RT004,2025-03-12,2025-03-16,2025-03-15,736.47,5099.05,Delivered,Inter-City
SHP4223,ORD4223,WH010,VEH014,DRV003,RT003,2024-01-21,2024-01-25,2024-01-29,874.34,4401.47,Delayed,Inter-City
SHP4224,ORD4224,WH010,VEH015,DRV033,RT006,2025-12-23,2025-12-26,2025-12-26,133.79,564.21,In Transit,Inter-City
SHP4225,ORD4225,WH007,VEH012,DRV036,RT005,2025-08-13,2025-08-15,2025-08-13,818.9,2868.82,Delivered,Inter-City
SHP4226,ORD4226,WH001,VEH010,DRV047,RT010,2025-10-03,2025-10-06,2025-10-06,690.97,5035.54,Delivered,Local
SHP4227,ORD4227,WH009,VEH013,DRV013,RT017,2024-07-22,2024-07-28,2024-07-27,380.13,2923.52,Delivered,Inter-City
SHP4228,ORD4228,WH007,VEH020,DRV049,RT001,2025-06-19,2025-06-20,2025-06-19,297.74,1544.18,Delivered,Inter-City
SHP4229,ORD4229,WH001,VEH005,DRV039,RT013,2024-12-04,2024-12-06,2024-12-06,688.89,4311.11,Delivered,Inter-City
SHP4230,ORD4230,WH004,VEH003,DRV023,RT007,2024-01-23,2024-01-27,2024-01-27,468.96,2628.78,Delivered,Inter-City
SHP4231,ORD4231,WH002,VEH020,DRV003,RT010,2025-12-23,2025-12-28,2026-01-01,518.8,3975.5,Delayed,Inter-City
SHP4232,ORD4232,WH002,VEH012,DRV004,RT017,2025-12-28,2026-01-04,2026-01-02,802.71,5997.98,Delivered,Inter-City
SHP4233,ORD4233,WH004,VEH009,DRV021,RT003,2024-07-02,2024-07-07,2024-07-05,153.22,1218.21,Delivered,Local
SHP4234,ORD4234,WH005,VEH012,DRV018,RT003,2025-06-04,2025-06-06,2025-06-06,203.31,1011.88,In Transit,Local
SHP4235,ORD4235,WH009,VEH004,DRV020,RT016,2025-12-26,2025-12-29,2025-12-29,148.98,610.87,Returned,Local
SHP4236,ORD4236,WH008,VEH010,DRV015,RT017,2024-05-16,2024-05-17,2024-05-19,596.86,4152.01,Delayed,Local
SHP4237,ORD4237,WH001,VEH002,DRV029,RT017,2025-03-14,2025-03-18,2025-03-17,867.83,3475.05,Delivered,Local
SHP4238,ORD4238,WH001,VEH011,DRV013,RT011,2025-05-10,2025-05-17,2025-05-15,634.13,4382.18,Delivered,Inter-City
SHP4239,ORD4239,WH001,VEH008,DRV026,RT015,2024-08-01,2024-08-03,2024-08-02,72.62,224.0,Delivered,Local
SHP4240,ORD4240,WH005,VEH016,DRV018,RT003,2024-12-30,2025-01-06,2025-01-06,831.82,5329.89,Delivered,Local
SHP4241,ORD4241,WH003,VEH020,DRV021,RT014,2025-03-01,2025-03-07,2025-03-07,643.06,3247.34,Delivered,Inter-City
SHP4242,ORD4242,WH003,VEH009,DRV042,RT008,2025-03-02,2025-03-05,2025-03-10,345.31,1609.73,Delayed,Local
SHP4243,ORD4243,WH003,VEH015,DRV044,RT012,2025-05-22,2025-05-26,2025-05-26,64.87,280.3,Delivered,Inter-City
SHP4244,ORD4244,WH005,VEH013,DRV002,RT003,2025-05-19,2025-05-25,2025-05-24,767.06,4274.67,Delivered,Inter-City
SHP4245,ORD4245,WH005,VEH001,DRV047,RT002,2024-03-03,2024-03-10,2024-03-08,590.23,2339.92,Delivered,Local
SHP4246,ORD4246,WH009,VEH007,DRV044,RT011,2025-09-06,2025-09-12,2025-09-11,829.84,3880.88,Delivered,Local
SHP4247,ORD4247,WH004,VEH018,DRV031,RT016,2025-05-05,2025-05-09,2025-05-08,264.4,741.48,Delivered,Local
SHP4248,ORD4248,WH005,VEH016,DRV049,RT004,2024-10-16,2024-10-19,2024-10-19,886.52,4175.71,Delivered,Inter-City
SHP4249,ORD4249,WH001,VEH005,DRV035,RT006,2025-03-04,2025-03-11,2025-03-10,798.65,4687.45,Delivered,Local
SHP4250,ORD4250,WH007,VEH011,DRV012,RT019,2024-08-16,2024-08-22,2024-08-22,379.54,1583.32,In Transit,Local
SHP4251,ORD4251,WH003,VEH015,DRV024,RT009,2024-12-15,2024-12-21,2024-12-20,18.81,125.55,Delivered,Inter-City
SHP4252,ORD4252,WH010,VEH017,DRV049,RT019,2024-09-09,2024-09-14,2024-09-13,364.44,1511.76,Delivered,Inter-City
SHP4253,ORD4253,WH004,VEH013,DRV043,RT010,2025-10-05,2025-10-07,2025-10-07,687.41,4905.51,Delivered,Inter-City
SHP4254,ORD4254,WH005,VEH015,DRV003,RT011,2024-09-20,2024-09-23,2024-09-22,866.28,3593.59,Delivered,Inter-City
SHP4255,ORD4255,WH004,VEH020,DRV043,RT001,2024-03-10,2024-03-15,2024-03-13,656.78,2831.08,Delivered,Inter-City
SHP4256,ORD4256,WH010,VEH006,DRV029,RT002,2024-10-06,2024-10-13,2024-10-13,513.89,2048.86,Delivered,Inter-City
SHP4257,ORD4257,WH003,VEH017,DRV029,RT003,2024-12-27,2025-01-03,2025-01-01,520.12,1887.26,Delivered,Inter-City
SHP4258,ORD4258,WH005,VEH008,DRV002,RT005,2025-08-19,2025-08-24,2025-08-22,663.94,4907.53,Delivered,Inter-City
SHP4259,ORD4259,WH004,VEH018,DRV021,RT010,2024-10-03,2024-10-10,2024-10-10,848.01,5782.37,Returned,Inter-City
SHP4260,ORD4260,WH001,VEH005,DRV040,RT009,2025-07-02,2025-07-09,2025-07-09,305.04,1386.67,Delivered,Local
SHP4261,ORD4261,WH009,VEH013,DRV045,RT020,2025-12-29,2026-01-03,2026-01-01,623.7,3265.43,Delivered,Local
SHP4262,ORD4262,WH008,VEH013,DRV013,RT009,2025-11-03,2025-11-05,2025-11-04,169.73,786.73,Delivered,Inter-City
SHP4263,ORD4263,WH008,VEH004,DRV008,RT012,2025-04-01,2025-04-06,2025-04-05,197.56,1322.13,Delivered,Inter-City
SHP4264,ORD4264,WH009,VEH003,DRV022,RT014,2024-05-05,2024-05-12,2024-05-11,161.08,1037.89,Delivered,Local
SHP4265,ORD4265,WH004,VEH013,DRV031,RT003,2024-08-28,2024-09-03,2024-09-01,723.88,2305.51,Delivered,Inter-City
SHP4266,ORD4266,WH005,VEH001,DRV045,RT007,2024-03-18,2024-03-23,2024-03-21,844.26,3703.61,Delivered,Inter-City
SHP4267,ORD4267,WH007,VEH004,DRV028,RT006,2024-11-14,2024-11-20,2024-11-20,675.96,2962.52,Returned,Local
SHP4268,ORD4268,WH009,VEH017,DRV047,RT019,2025-10-20,2025-10-26,2025-10-25,482.12,3632.87,Delivered,Inter-City
SHP4269,ORD4269,WH003,VEH003,DRV033,RT005,2024-07-03,2024-07-06,2024-07-05,571.65,3301.29,Delivered,Local
SHP4270,ORD4270,WH003,VEH005,DRV017,RT016,2025-02-18,2025-02-24,2025-02-22,426.49,961.52,Delivered,Inter-City
SHP4271,ORD4271,WH008,VEH004,DRV026,RT015,2024-04-04,2024-04-10,2024-04-10,271.33,1626.23,Returned,Inter-City
SHP4272,ORD4272,WH006,VEH015,DRV040,RT005,2024-12-07,2024-12-11,2024-12-09,373.75,1134.41,Delivered,Inter-City
SHP4273,ORD4273,WH006,VEH005,DRV039,RT017,2024-02-26,2024-02-27,2024-02-25,193.16,1265.35,Delivered,Inter-City
SHP4274,ORD4274,WH004,VEH015,DRV016,RT009,2024-12-15,2024-12-18,2024-12-18,995.65,4848.81,Delivered,Inter-City
SHP4275,ORD4275,WH002,VEH003,DRV023,RT011,2025-06-14,2025-06-16,2025-06-16,948.89,5071.09,Delivered,Inter-City
SHP4276,ORD4276,WH010,VEH011,DRV006,RT015,2024-04-04,2024-04-11,2024-04-09,968.11,4555.62,Delivered,Inter-City
SHP4277,ORD4277,WH001,VEH014,DRV030,RT016,2025-10-30,2025-11-03,2025-11-01,607.69,4229.67,Delivered,Inter-City
SHP4278,ORD4278,WH002,VEH007,DRV007,RT013,2024-10-31,2024-11-03,2024-11-03,555.77,1755.67,Delivered,Local
SHP4279,ORD4279,WH005,VEH006,DRV023,RT011,2024-01-09,2024-01-16,2024-01-16,961.19,3334.33,Delivered,Local
SHP4280,ORD4280,WH003,VEH003,DRV003,RT004,2024-06-13,2024-06-16,2024-06-19,699.62,3293.06,Delayed,Local
SHP4281,ORD4281,WH010,VEH003,DRV019,RT019,2025-08-25,2025-08-31,2025-09-05,361.37,1960.45,Delayed,Inter-City
SHP4282,ORD4282,WH008,VEH016,DRV003,RT008,2024-04-07,2024-04-13,2024-04-12,6.85,31.32,Delivered,Inter-City
SHP4283,ORD4283,WH003,VEH012,DRV036,RT007,2024-07-10,2024-07-11,2024-07-11,899.48,6125.16,Delivered,Inter-City
SHP4284,ORD4284,WH004,VEH011,DRV020,RT012,2025-02-01,2025-02-08,2025-02-08,786.67,5702.37,Delivered,Local
SHP4285,ORD4285,WH010,VEH017,DRV033,RT008,2025-03-23,2025-03-28,2025-03-28,436.41,1970.89,Returned,Local
SHP4286,ORD4286,WH005,VEH010,DRV047,RT010,2025-08-16,2025-08-21,2025-08-21,35.21,155.73,Delivered,Inter-City
SHP4287,ORD4287,WH004,VEH005,DRV027,RT015,2024-07-16,2024-07-21,2024-07-21,635.59,2708.91,Delivered,Inter-City
SHP4288,ORD4288,WH001,VEH009,DRV009,RT019,2024-10-28,2024-10-30,2024-10-28,611.78,1737.96,Delivered,Inter-City
SHP4289,ORD4289,WH002,VEH003,DRV040,RT006,2024-09-29,2024-10-03,2024-10-02,957.22,5603.35,Delivered,Local
SHP4290,ORD4290,WH006,VEH002,DRV028,RT020,2025-11-10,2025-11-14,2025-11-12,900.16,2123.05,Delivered,Local
SHP4291,ORD4291,WH010,VEH007,DRV033,RT016,2024-05-17,2024-05-24,2024-05-24,98.93,750.51,Delivered,Inter-City
SHP4292,ORD4292,WH004,VEH017,DRV010,RT019,2025-09-21,2025-09-26,2025-09-26,589.59,4082.24,Delivered,Inter-City
SHP4293,ORD4293,WH010,VEH002,DRV007,RT012,2024-01-03,2024-01-10,2024-01-08,950.88,5767.47,Delivered,Inter-City
SHP4294,ORD4294,WH006,VEH020,DRV023,RT010,2025-05-16,2025-05-20,2025-05-20,437.4,3466.7,Delivered,Local
SHP4295,ORD4295,WH001,VEH013,DRV033,RT002,2024-08-31,2024-09-01,2024-08-31,728.76,5195.73,Delivered,Inter-City
SHP4296,ORD4296,WH001,VEH011,DRV044,RT009,2025-03-06,2025-03-11,2025-03-11,83.85,520.24,Delivered,Inter-City
SHP4297,ORD4297,WH004,VEH004,DRV018,RT007,2024-09-03,2024-09-07,2024-09-07,916.14,4545.52,Delivered,Inter-City
SHP4298,ORD4298,WH004,VEH006,DRV007,RT004,2024-05-02,2024-05-05,2024-05-04,576.45,3295.39,Delivered,Inter-City
SHP4299,ORD4299,WH010,VEH005,DRV037,RT003,2025-11-30,2025-12-04,2025-12-02,736.73,1949.81,Delivered,Local
SHP4300,ORD4300,WH007,VEH020,DRV043,RT002,2025-09-08,2025-09-15,2025-09-15,238.77,897.0,Delivered,Local
SHP4301,ORD4301,WH008,VEH014,DRV021,RT019,2024-05-11,2024-05-12,2024-05-11,978.38,3733.28,Delivered,Inter-City
SHP4302,ORD4302,WH004,VEH013,DRV002,RT019,2024-01-28,2024-01-29,2024-01-28,825.38,1718.07,Delivered,Local
SHP4303,ORD4303,WH002,VEH011,DRV043,RT007,2025-03-02,2025-03-03,2025-03-01,388.08,1265.63,Delivered,Inter-City
SHP4304,ORD4304,WH005,VEH012,DRV041,RT007,2025-11-01,2025-11-04,2025-11-09,495.44,1365.73,Delayed,Inter-City
SHP4305,ORD4305,WH001,VEH019,DRV027,RT002,2024-04-29,2024-05-02,2024-05-04,338.1,2307.39,Delayed,Local
SHP4306,ORD4306,WH001,VEH012,DRV015,RT006,2024-12-18,2024-12-22,2024-12-20,176.93,681.11,Delivered,Local
SHP4307,ORD4307,WH009,VEH018,DRV048,RT018,2025-10-24,2025-10-30,2025-10-28,22.35,151.91,Delivered,Local
SHP4308,ORD4308,WH010,VEH016,DRV003,RT009,2025-02-25,2025-02-28,2025-02-26,884.05,3520.97,Delivered,Inter-City
SHP4309,ORD4309,WH006,VEH004,DRV044,RT013,2025-08-06,2025-08-12,2025-08-12,167.17,618.01,Delivered,Inter-City
SHP4310,ORD4310,WH006,VEH015,DRV049,RT010,2024-04-12,2024-04-13,2024-04-11,567.92,2395.28,Delivered,Inter-City
SHP4311,ORD4311,WH010,VEH004,DRV041,RT001,2024-08-28,2024-09-02,2024-08-31,777.22,1897.63,Delivered,Local
SHP4312,ORD4312,WH007,VEH013,DRV032,RT015,2025-12-04,2025-12-05,2025-12-03,868.04,6860.85,Delivered,Inter-City
SHP4313,ORD4313,WH003,VEH003,DRV033,RT011,2025-11-23,2025-11-28,2025-11-28,851.24,3636.83,In Transit,Inter-City
SHP4314,ORD4314,WH001,VEH009,DRV045,RT007,2025-09-12,2025-09-15,2025-09-15,591.97,1300.12,Delivered,Inter-City
SHP4315,ORD4315,WH009,VEH017,DRV038,RT005,2024-11-30,2024-12-07,2024-12-05,829.3,3273.04,Delivered,Local
SHP4316,ORD4316,WH009,VEH007,DRV039,RT018,2024-02-16,2024-02-18,2024-02-17,28.59,134.75,Delivered,Inter-City
SHP4317,ORD4317,WH004,VEH003,DRV010,RT002,2025-01-12,2025-01-17,2025-01-22,412.47,2414.91,Delayed,Inter-City
SHP4318,ORD4318,WH005,VEH017,DRV023,RT007,2025-12-09,2025-12-10,2025-12-09,255.75,1215.46,Delivered,Inter-City
SHP4319,ORD4319,WH009,VEH003,DRV013,RT009,2024-01-23,2024-01-29,2024-01-27,352.33,2086.84,Delivered,Inter-City
SHP4320,ORD4320,WH005,VEH001,DRV021,RT002,2024-03-14,2024-03-19,2024-03-19,246.54,1742.3,Delivered,Inter-City
SHP4321,ORD4321,WH007,VEH003,DRV032,RT002,2024-01-03,2024-01-04,2024-01-03,517.13,2144.48,Delivered,Local
SHP4322,ORD4322,WH002,VEH005,DRV044,RT007,2025-11-12,2025-11-15,2025-11-13,925.62,1897.85,Delivered,Inter-City
SHP4323,ORD4323,WH010,VEH010,DRV044,RT011,2024-06-18,2024-06-21,2024-06-20,884.67,5483.46,Delivered,Local
SHP4324,ORD4324,WH007,VEH005,DRV021,RT012,2025-03-17,2025-03-18,2025-03-17,272.59,2077.3,Delivered,Inter-City
SHP4325,ORD4325,WH010,VEH018,DRV029,RT002,2024-03-05,2024-03-12,2024-03-12,614.09,3664.91,Delivered,Inter-City
SHP4326,ORD4326,WH002,VEH011,DRV010,RT019,2024-09-18,2024-09-19,2024-09-18,807.28,2145.38,Delivered,Inter-City
SHP4327,ORD4327,WH002,VEH010,DRV033,RT008,2024-06-10,2024-06-13,2024-06-11,42.6,189.03,Delivered,Inter-City
SHP4328,ORD4328,WH006,VEH005,DRV044,RT014,2024-03-19,2024-03-21,2024-03-22,391.07,2630.85,Delayed,Inter-City
SHP4329,ORD4329,WH010,VEH010,DRV034,RT003,2025-12-20,2025-12-27,2025-12-25,65.05,160.16,Delivered,Inter-City
SHP4330,ORD4330,WH003,VEH007,DRV015,RT001,2024-05-05,2024-05-09,2024-05-09,457.48,3181.11,In Transit,Local
SHP4331,ORD4331,WH006,VEH012,DRV041,RT013,2025-10-28,2025-11-01,2025-11-01,190.83,1009.51,Delivered,Inter-City
SHP4332,ORD4332,WH004,VEH013,DRV033,RT010,2024-04-11,2024-04-14,2024-04-14,310.75,1354.4,Delivered,Inter-City
SHP4333,ORD4333,WH003,VEH006,DRV033,RT001,2025-05-13,2025-05-16,2025-05-14,604.74,1411.88,Delivered,Local
SHP4334,ORD4334,WH004,VEH017,DRV044,RT019,2025-10-18,2025-10-19,2025-10-18,731.47,3074.58,Delivered,Local
SHP4335,ORD4335,WH010,VEH009,DRV011,RT017,2025-10-18,2025-10-19,2025-10-18,545.68,2392.0,Delivered,Inter-City
SHP4336,ORD4336,WH006,VEH015,DRV032,RT006,2024-03-28,2024-03-29,2024-03-27,504.42,1568.82,Delivered,Inter-City
SHP4337,ORD4337,WH005,VEH004,DRV004,RT012,2025-08-19,2025-08-20,2025-08-19,742.45,5517.17,Delivered,Inter-City
SHP4338,ORD4338,WH010,VEH017,DRV048,RT003,2025-01-17,2025-01-20,2025-01-19,95.62,370.23,Delivered,Inter-City
SHP4339,ORD4339,WH006,VEH012,DRV011,RT020,2025-03-10,2025-03-13,2025-03-13,628.78,1787.85,Delivered,Local
SHP4340,ORD4340,WH002,VEH016,DRV013,RT005,2025-07-18,2025-07-21,2025-07-21,268.17,1380.26,Delivered,Local
SHP4341,ORD4341,WH003,VEH019,DRV035,RT002,2025-11-10,2025-11-12,2025-11-12,891.67,5085.47,Delivered,Inter-City
SHP4342,ORD4342,WH008,VEH006,DRV025,RT011,2024-04-18,2024-04-24,2024-04-22,247.75,886.0,Delivered,Inter-City
SHP4343,ORD4343,WH001,VEH010,DRV041,RT011,2025-05-17,2025-05-22,2025-05-22,754.74,5981.49,In Transit,Inter-City
SHP4344,ORD4344,WH004,VEH004,DRV019,RT012,2025-01-23,2025-01-25,2025-01-25,723.06,2431.51,In Transit,Local
SHP4345,ORD4345,WH004,VEH002,DRV009,RT009,2024-03-07,2024-03-09,2024-03-09,20.13,53.92,Delivered,Local
SHP4346,ORD4346,WH002,VEH010,DRV028,RT010,2024-11-10,2024-11-12,2024-11-13,285.59,1367.93,Delayed,Inter-City
SHP4347,ORD4347,WH008,VEH017,DRV044,RT001,2025-01-15,2025-01-18,2025-01-23,142.4,398.55,Delayed,Inter-City
SHP4348,ORD4348,WH008,VEH016,DRV002,RT005,2025-03-13,2025-03-14,2025-03-12,309.25,1483.87,Delivered,Local
SHP4349,ORD4349,WH010,VEH016,DRV040,RT019,2025-06-14,2025-06-18,2025-06-16,187.91,830.01,Delivered,Inter-City
SHP4350,ORD4350,WH010,VEH014,DRV042,RT010,2024-03-20,2024-03-21,2024-03-21,350.92,2500.06,Delivered,Inter-City
SHP4351,ORD4351,WH007,VEH010,DRV040,RT020,2025-01-24,2025-01-28,2025-01-28,702.08,4380.47,Delivered,Inter-City
SHP4352,ORD4352,WH004,VEH007,DRV037,RT014,2025-06-02,2025-06-03,2025-06-03,445.68,3326.74,Delivered,Inter-City
SHP4353,ORD4353,WH010,VEH010,DRV032,RT011,2024-02-18,2024-02-24,2024-02-27,636.82,1763.24,Delayed,Inter-City
SHP4354,ORD4354,WH002,VEH003,DRV010,RT016,2024-01-09,2024-01-15,2024-01-14,146.68,1134.91,Delivered,Inter-City
SHP4355,ORD4355,WH006,VEH019,DRV047,RT008,2024-08-29,2024-09-04,2024-09-02,910.24,2968.63,Delivered,Local
SHP4356,ORD4356,WH009,VEH003,DRV020,RT008,2024-08-05,2024-08-06,2024-08-05,895.51,6895.39,Delivered,Inter-City
SHP4357,ORD4357,WH007,VEH013,DRV048,RT020,2025-11-11,2025-11-15,2025-11-14,679.82,5076.42,Delivered,Inter-City
SHP4358,ORD4358,WH007,VEH019,DRV032,RT002,2025-05-14,2025-05-15,2025-05-15,605.61,3126.35,Delivered,Local
SHP4359,ORD4359,WH010,VEH011,DRV005,RT004,2024-04-30,2024-05-03,2024-05-03,496.62,3682.79,In Transit,Local
SHP4360,ORD4360,WH003,VEH008,DRV038,RT002,2024-07-20,2024-07-24,2024-07-25,325.36,1370.97,Delayed,Inter-City
SHP4361,ORD4361,WH009,VEH013,DRV001,RT006,2025-02-15,2025-02-18,2025-02-18,214.18,1546.48,Delivered,Inter-City
SHP4362,ORD4362,WH005,VEH011,DRV033,RT018,2024-10-19,2024-10-25,2024-10-24,742.06,5271.64,Delivered,Inter-City
SHP4363,ORD4363,WH008,VEH003,DRV018,RT015,2025-10-24,2025-10-29,2025-10-28,349.66,753.46,Delivered,Local
SHP4364,ORD4364,WH001,VEH012,DRV042,RT015,2025-10-04,2025-10-05,2025-10-05,889.53,6150.97,Delivered,Inter-City
SHP4365,ORD4365,WH008,VEH017,DRV017,RT010,2024-10-12,2024-10-13,2024-10-13,160.37,789.68,Delivered,Inter-City
SHP4366,ORD4366,WH005,VEH017,DRV039,RT009,2024-06-23,2024-06-26,2024-06-29,937.5,4358.78,Delayed,Inter-City
SHP4367,ORD4367,WH004,VEH013,DRV025,RT014,2024-02-23,2024-02-26,2024-02-25,541.04,2371.62,Delivered,Inter-City
SHP4368,ORD4368,WH008,VEH004,DRV008,RT018,2025-06-20,2025-06-21,2025-06-20,72.51,218.46,Delivered,Inter-City
SHP4369,ORD4369,WH008,VEH015,DRV042,RT008,2024-10-29,2024-11-05,2024-11-04,466.33,2578.21,Delivered,Inter-City
SHP4370,ORD4370,WH008,VEH017,DRV048,RT010,2025-01-18,2025-01-24,2025-01-24,465.5,1587.51,Delivered,Local
SHP4371,ORD4371,WH004,VEH004,DRV041,RT017,2025-06-16,2025-06-17,2025-06-16,418.32,1657.61,Delivered,Local
SHP4372,ORD4372,WH005,VEH004,DRV014,RT011,2024-10-10,2024-10-16,2024-10-14,355.14,2120.63,Delivered,Local
SHP4373,ORD4373,WH010,VEH015,DRV041,RT001,2025-04-16,2025-04-21,2025-04-19,65.72,483.74,Delivered,Inter-City
SHP4374,ORD4374,WH001,VEH010,DRV041,RT012,2024-12-11,2024-12-13,2024-12-14,991.06,2405.72,Delayed,Local
SHP4375,ORD4375,WH004,VEH004,DRV050,RT009,2024-04-16,2024-04-18,2024-04-17,176.23,724.07,Delivered,Inter-City
SHP4376,ORD4376,WH003,VEH004,DRV041,RT006,2025-08-11,2025-08-17,2025-08-15,360.59,1690.01,Delivered,Inter-City
SHP4377,ORD4377,WH003,VEH009,DRV004,RT012,2025-01-09,2025-01-12,2025-01-10,915.53,2724.16,Delivered,Local
SHP4378,ORD4378,WH002,VEH016,DRV031,RT010,2025-10-11,2025-10-16,2025-10-15,433.91,1273.99,Delivered,Inter-City
SHP4379,ORD4379,WH007,VEH010,DRV010,RT009,2024-08-09,2024-08-13,2024-08-12,158.68,1026.1,Delivered,Local
SHP4380,ORD4380,WH003,VEH001,DRV012,RT005,2024-02-22,2024-02-25,2024-02-25,8.51,31.96,Delivered,Local
SHP4381,ORD4381,WH010,VEH013,DRV003,RT015,2024-06-14,2024-06-18,2024-06-17,160.6,380.66,Delivered,Inter-City
SHP4382,ORD4382,WH002,VEH009,DRV033,RT015,2025-03-05,2025-03-06,2025-03-04,414.14,3190.36,Delivered,Inter-City
SHP4383,ORD4383,WH008,VEH006,DRV024,RT002,2024-02-26,2024-03-02,2024-03-02,991.36,7777.67,Delivered,Inter-City
SHP4384,ORD4384,WH010,VEH011,DRV025,RT020,2024-07-18,2024-07-25,2024-07-25,63.91,408.69,Delivered,Local
SHP4385,ORD4385,WH007,VEH012,DRV003,RT013,2025-08-04,2025-08-08,2025-08-09,674.66,4458.37,Delayed,Local
SHP4386,ORD4386,WH006,VEH018,DRV034,RT009,2024-10-06,2024-10-12,2024-10-11,130.97,573.85,Delivered,Local
SHP4387,ORD4387,WH010,VEH009,DRV005,RT004,2024-01-28,2024-02-04,2024-02-04,795.79,4826.03,Delivered,Inter-City
SHP4388,ORD4388,WH001,VEH018,DRV037,RT013,2025-05-18,2025-05-22,2025-05-22,748.0,2831.07,Returned,Inter-City
SHP4389,ORD4389,WH007,VEH005,DRV016,RT006,2024-04-08,2024-04-15,2024-04-14,124.22,966.36,Delivered,Inter-City
SHP4390,ORD4390,WH008,VEH011,DRV008,RT020,2025-01-20,2025-01-24,2025-01-22,793.72,5828.64,Delivered,Local
SHP4391,ORD4391,WH007,VEH001,DRV022,RT017,2025-03-16,2025-03-19,2025-03-19,85.21,308.77,Delivered,Local
SHP4392,ORD4392,WH004,VEH009,DRV012,RT006,2024-02-03,2024-02-07,2024-02-07,902.57,2980.22,Delivered,Local
SHP4393,ORD4393,WH001,VEH015,DRV030,RT006,2024-06-18,2024-06-20,2024-06-18,469.45,2679.34,Delivered,Inter-City
SHP4394,ORD4394,WH010,VEH011,DRV033,RT019,2024-07-16,2024-07-22,2024-07-21,489.21,1838.62,Delivered,Inter-City
SHP4395,ORD4395,WH009,VEH013,DRV003,RT003,2025-05-12,2025-05-19,2025-05-18,984.56,6050.83,Delivered,Inter-City
SHP4396,ORD4396,WH008,VEH017,DRV029,RT007,2025-05-29,2025-06-05,2025-06-03,62.07,162.81,Delivered,Local
SHP4397,ORD4397,WH004,VEH002,DRV042,RT012,2024-06-25,2024-07-01,2024-06-29,154.64,502.16,Delivered,Inter-City
SHP4398,ORD4398,WH004,VEH012,DRV011,RT005,2024-08-03,2024-08-07,2024-08-07,496.33,1124.39,Returned,Local
SHP4399,ORD4399,WH005,VEH017,DRV002,RT013,2025-10-30,2025-11-01,2025-10-30,191.18,702.0,Delivered,Inter-City
SHP4400,ORD4400,WH010,VEH013,DRV036,RT009,2025-02-23,2025-02-24,2025-02-23,845.02,6386.33,Delivered,Inter-City
SHP4401,ORD4401,WH003,VEH014,DRV007,RT013,2025-01-10,2025-01-13,2025-01-11,314.44,1510.1,Delivered,Inter-City
SHP4402,ORD4402,WH004,VEH007,DRV043,RT019,2025-08-07,2025-08-11,2025-08-11,136.61,1001.03,Delivered,Inter-City
SHP4403,ORD4403,WH005,VEH013,DRV005,RT013,2025-09-19,2025-09-26,2025-09-24,759.09,2938.6,Delivered,Inter-City
SHP4404,ORD4404,WH007,VEH003,DRV004,RT005,2025-09-17,2025-09-24,2025-09-24,430.13,2816.09,Returned,Inter-City
SHP4405,ORD4405,WH006,VEH009,DRV019,RT003,2025-08-24,2025-08-30,2025-08-31,758.79,2724.89,Delayed,Inter-City
SHP4406,ORD4406,WH008,VEH015,DRV003,RT006,2025-09-24,2025-09-30,2025-09-30,417.36,3150.14,Returned,Inter-City
SHP4407,ORD4407,WH001,VEH011,DRV001,RT007,2024-11-25,2024-11-29,2024-11-29,241.48,1136.56,Delivered,Inter-City
SHP4408,ORD4408,WH003,VEH009,DRV026,RT009,2024-11-29,2024-12-06,2024-12-05,14.56,76.06,Delivered,Inter-City
SHP4409,ORD4409,WH006,VEH003,DRV006,RT019,2025-08-30,2025-08-31,2025-08-31,911.86,3575.73,Returned,Inter-City
SHP4410,ORD4410,WH007,VEH008,DRV012,RT006,2025-11-20,2025-11-24,2025-11-24,487.79,1184.21,Returned,Inter-City
SHP4411,ORD4411,WH002,VEH003,DRV032,RT017,2024-12-10,2024-12-11,2024-12-13,350.9,2199.63,Delayed,Inter-City
SHP4412,ORD4412,WH008,VEH006,DRV038,RT003,2025-02-19,2025-02-24,2025-02-23,944.41,6210.97,Delivered,Inter-City
SHP4413,ORD4413,WH003,VEH020,DRV010,RT012,2024-09-09,2024-09-14,2024-09-14,260.96,1386.16,In Transit,Inter-City
SHP4414,ORD4414,WH006,VEH016,DRV025,RT003,2025-05-16,2025-05-20,2025-05-23,681.24,2023.81,Delayed,Inter-City
SHP4415,ORD4415,WH005,VEH012,DRV034,RT017,2024-08-29,2024-09-02,2024-09-01,18.99,104.67,Delivered,Local
SHP4416,ORD4416,WH004,VEH008,DRV043,RT010,2024-02-18,2024-02-23,2024-02-23,205.02,1410.92,In Transit,Inter-City
SHP4417,ORD4417,WH004,VEH016,DRV033,RT007,2025-02-05,2025-02-12,2025-02-10,116.82,817.65,Delivered,Local
SHP4418,ORD4418,WH010,VEH006,DRV025,RT014,2025-06-18,2025-06-22,2025-06-26,646.23,1383.95,Delayed,Inter-City
SHP4419,ORD4419,WH001,VEH016,DRV038,RT012,2025-03-03,2025-03-06,2025-03-08,55.6,127.7,Delayed,Inter-City
SHP4420,ORD4420,WH003,VEH016,DRV024,RT001,2025-09-22,2025-09-24,2025-09-22,412.12,2837.56,Delivered,Inter-City
SHP4421,ORD4421,WH005,VEH016,DRV001,RT020,2024-06-08,2024-06-13,2024-06-13,238.69,795.48,Delivered,Inter-City
SHP4422,ORD4422,WH002,VEH009,DRV010,RT004,2024-08-09,2024-08-16,2024-08-15,292.24,2029.35,Delivered,Inter-City
SHP4423,ORD4423,WH008,VEH019,DRV015,RT019,2024-06-28,2024-07-04,2024-07-04,686.81,5450.64,Delivered,Inter-City
SHP4424,ORD4424,WH009,VEH020,DRV018,RT019,2024-12-01,2024-12-04,2024-12-04,162.01,1124.25,In Transit,Local
SHP4425,ORD4425,WH003,VEH020,DRV016,RT008,2025-02-08,2025-02-14,2025-02-12,872.79,4420.3,Delivered,Local
SHP4426,ORD4426,WH003,VEH010,DRV002,RT016,2024-06-27,2024-07-04,2024-07-02,90.05,716.15,Delivered,Inter-City
SHP4427,ORD4427,WH006,VEH020,DRV033,RT004,2025-10-07,2025-10-13,2025-10-12,920.57,5513.07,Delivered,Inter-City
SHP4428,ORD4428,WH001,VEH019,DRV033,RT001,2025-09-06,2025-09-11,2025-09-09,725.21,2593.82,Delivered,Local
SHP4429,ORD4429,WH010,VEH007,DRV015,RT013,2024-06-30,2024-07-04,2024-07-04,995.3,6634.93,Delivered,Inter-City
SHP4430,ORD4430,WH006,VEH005,DRV012,RT016,2025-01-03,2025-01-08,2025-01-11,140.41,692.38,Delayed,Inter-City
SHP4431,ORD4431,WH003,VEH016,DRV012,RT006,2024-05-31,2024-06-01,2024-05-31,996.69,3417.33,Delivered,Inter-City
SHP4432,ORD4432,WH006,VEH002,DRV050,RT004,2025-02-05,2025-02-10,2025-02-08,191.66,1388.1,Delivered,Local
SHP4433,ORD4433,WH010,VEH015,DRV017,RT012,2024-04-08,2024-04-09,2024-04-07,666.78,2686.8,Delivered,Inter-City
SHP4434,ORD4434,WH002,VEH014,DRV001,RT018,2025-02-12,2025-02-14,2025-02-13,834.08,5588.0,Delivered,Inter-City
SHP4435,ORD4435,WH002,VEH008,DRV013,RT019,2025-03-11,2025-03-15,2025-03-15,814.28,1651.29,Returned,Local
SHP4436,ORD4436,WH006,VEH015,DRV021,RT005,2025-10-18,2025-10-23,2025-10-23,409.07,2643.91,Returned,Inter-City
SHP4437,ORD4437,WH008,VEH003,DRV044,RT003,2025-06-08,2025-06-09,2025-06-09,913.0,2563.38,Delivered,Local
SHP4438,ORD4438,WH001,VEH015,DRV010,RT007,2025-08-10,2025-08-11,2025-08-09,711.27,3715.69,Delivered,Inter-City
SHP4439,ORD4439,WH007,VEH011,DRV024,RT002,2025-02-24,2025-02-26,2025-02-25,582.4,3486.53,Delivered,Local
SHP4440,ORD4440,WH009,VEH011,DRV005,RT013,2025-04-14,2025-04-20,2025-04-19,650.56,2708.93,Delivered,Local
SHP4441,ORD4441,WH010,VEH020,DRV049,RT019,2024-03-18,2024-03-23,2024-03-23,382.2,2655.7,Returned,Inter-City
SHP4442,ORD4442,WH010,VEH015,DRV026,RT002,2024-07-07,2024-07-09,2024-07-09,381.35,3012.91,Delivered,Inter-City
SHP4443,ORD4443,WH010,VEH019,DRV023,RT004,2024-10-23,2024-10-25,2024-10-25,453.06,918.44,In Transit,Inter-City
SHP4444,ORD4444,WH005,VEH007,DRV044,RT009,2024-06-07,2024-06-10,2024-06-08,108.07,487.24,Delivered,Inter-City
SHP4445,ORD4445,WH007,VEH007,DRV008,RT016,2025-04-24,2025-04-28,2025-04-27,709.66,2583.51,Delivered,Inter-City
SHP4446,ORD4446,WH003,VEH005,DRV007,RT006,2025-11-27,2025-11-30,2025-11-30,967.23,2559.57,Delivered,Inter-City
SHP4447,ORD4447,WH010,VEH016,DRV013,RT017,2024-04-04,2024-04-10,2024-04-08,874.51,5330.01,Delivered,Inter-City
SHP4448,ORD4448,WH001,VEH008,DRV017,RT015,2024-07-27,2024-07-28,2024-07-27,330.03,721.95,Delivered,Inter-City
SHP4449,ORD4449,WH003,VEH019,DRV024,RT018,2024-08-30,2024-09-05,2024-09-10,330.29,1663.57,Delayed,Inter-City
SHP4450,ORD4450,WH004,VEH008,DRV011,RT016,2024-04-13,2024-04-14,2024-04-13,317.5,2037.17,Delivered,Inter-City
SHP4451,ORD4451,WH006,VEH003,DRV014,RT011,2025-10-27,2025-10-31,2025-11-02,984.78,6158.62,Delayed,Local
SHP4452,ORD4452,WH004,VEH003,DRV045,RT015,2024-03-20,2024-03-25,2024-03-23,963.84,7515.6,Delivered,Inter-City
SHP4453,ORD4453,WH007,VEH008,DRV013,RT012,2024-09-24,2024-09-28,2024-09-26,89.69,372.31,Delivered,Inter-City
SHP4454,ORD4454,WH005,VEH007,DRV016,RT017,2024-06-19,2024-06-22,2024-06-21,112.21,763.57,Delivered,Local
SHP4455,ORD4455,WH009,VEH019,DRV010,RT005,2024-02-03,2024-02-07,2024-02-05,137.29,1054.33,Delivered,Inter-City
SHP4456,ORD4456,WH010,VEH009,DRV022,RT018,2025-12-05,2025-12-06,2025-12-06,177.86,902.34,Returned,Inter-City
SHP4457,ORD4457,WH005,VEH012,DRV030,RT004,2025-11-21,2025-11-26,2025-11-25,575.04,3519.33,Delivered,Local
SHP4458,ORD4458,WH002,VEH019,DRV043,RT017,2024-03-28,2024-04-01,2024-04-01,744.83,3139.37,Returned,Inter-City
SHP4459,ORD4459,WH005,VEH020,DRV039,RT007,2024-04-19,2024-04-22,2024-04-21,252.56,1138.89,Delivered,Inter-City
SHP4460,ORD4460,WH002,VEH007,DRV014,RT017,2025-03-20,2025-03-21,2025-03-21,417.2,2567.45,Delivered,Local
SHP4461,ORD4461,WH007,VEH003,DRV028,RT004,2025-03-15,2025-03-22,2025-03-23,322.12,1110.04,Delayed,Inter-City
SHP4462,ORD4462,WH008,VEH001,DRV031,RT008,2025-01-26,2025-01-30,2025-01-30,131.42,815.43,Delivered,Inter-City
SHP4463,ORD4463,WH008,VEH001,DRV027,RT020,2025-01-18,2025-01-20,2025-01-20,178.21,841.25,Delivered,Inter-City
SHP4464,ORD4464,WH009,VEH020,DRV020,RT001,2025-11-09,2025-11-15,2025-11-15,390.93,2587.05,In Transit,Inter-City
SHP4465,ORD4465,WH003,VEH020,DRV028,RT015,2024-05-24,2024-05-31,2024-05-31,276.49,1473.05,Delivered,Local
SHP4466,ORD4466,WH003,VEH020,DRV013,RT003,2025-09-22,2025-09-29,2025-09-29,646.64,4741.95,Delivered,Inter-City
SHP4467,ORD4467,WH009,VEH015,DRV021,RT018,2025-01-29,2025-02-04,2025-02-03,493.94,1753.94,Delivered,Inter-City
SHP4468,ORD4468,WH002,VEH020,DRV010,RT012,2024-12-18,2024-12-20,2024-12-20,455.79,1827.37,Delivered,Inter-City
SHP4469,ORD4469,WH001,VEH009,DRV026,RT004,2025-03-20,2025-03-21,2025-03-20,707.47,3713.52,Delivered,Inter-City
SHP4470,ORD4470,WH005,VEH002,DRV015,RT020,2025-04-22,2025-04-24,2025-04-23,479.38,1767.98,Delivered,Inter-City
SHP4471,ORD4471,WH008,VEH014,DRV038,RT002,2025-08-18,2025-08-21,2025-08-22,261.71,1082.09,Delayed,Inter-City
SHP4472,ORD4472,WH001,VEH020,DRV023,RT013,2024-07-20,2024-07-24,2024-07-22,732.59,2423.71,Delivered,Local
SHP4473,ORD4473,WH006,VEH011,DRV011,RT017,2025-06-19,2025-06-21,2025-06-21,120.31,392.3,Delivered,Inter-City
SHP4474,ORD4474,WH010,VEH020,DRV028,RT016,2025-06-08,2025-06-10,2025-06-09,206.66,858.38,Delivered,Inter-City
SHP4475,ORD4475,WH006,VEH020,DRV038,RT004,2025-09-13,2025-09-17,2025-09-16,412.25,2091.54,Delivered,Inter-City
SHP4476,ORD4476,WH009,VEH013,DRV046,RT019,2024-05-31,2024-06-02,2024-06-01,714.06,4417.09,Delivered,Inter-City
SHP4477,ORD4477,WH005,VEH008,DRV032,RT014,2024-07-19,2024-07-23,2024-07-22,180.75,900.85,Delivered,Inter-City
SHP4478,ORD4478,WH002,VEH015,DRV008,RT014,2025-01-14,2025-01-21,2025-01-21,965.38,3914.57,Delivered,Inter-City
SHP4479,ORD4479,WH006,VEH012,DRV013,RT020,2024-10-02,2024-10-05,2024-10-06,427.87,2314.23,Delayed,Inter-City
SHP4480,ORD4480,WH010,VEH011,DRV033,RT005,2025-09-13,2025-09-16,2025-09-16,540.43,1844.4,In Transit,Inter-City
SHP4481,ORD4481,WH001,VEH020,DRV037,RT015,2025-12-21,2025-12-23,2025-12-23,522.91,2066.34,In Transit,Inter-City
SHP4482,ORD4482,WH005,VEH004,DRV029,RT019,2024-07-28,2024-08-03,2024-08-01,302.71,1003.8,Delivered,Local
SHP4483,ORD4483,WH005,VEH019,DRV046,RT004,2024-09-26,2024-09-28,2024-09-28,359.44,1387.49,Delivered,Local
SHP4484,ORD4484,WH001,VEH019,DRV026,RT015,2025-02-02,2025-02-04,2025-02-03,910.23,4825.56,Delivered,Inter-City
SHP4485,ORD4485,WH006,VEH016,DRV017,RT002,2024-11-12,2024-11-13,2024-11-13,948.73,4003.96,Returned,Inter-City
SHP4486,ORD4486,WH008,VEH015,DRV002,RT007,2025-01-12,2025-01-15,2025-01-14,433.85,3298.79,Delivered,Inter-City
SHP4487,ORD4487,WH004,VEH002,DRV029,RT015,2025-08-07,2025-08-14,2025-08-19,491.06,1208.75,Delayed,Local
SHP4488,ORD4488,WH001,VEH019,DRV002,RT013,2025-12-21,2025-12-27,2025-12-26,767.72,5986.1,Delivered,Inter-City
SHP4489,ORD4489,WH002,VEH020,DRV019,RT001,2025-05-14,2025-05-16,2025-05-16,284.09,1939.9,Delivered,Inter-City
SHP4490,ORD4490,WH002,VEH012,DRV047,RT002,2024-10-05,2024-10-06,2024-10-07,501.53,2547.89,Delayed,Inter-City
SHP4491,ORD4491,WH010,VEH005,DRV009,RT002,2025-08-24,2025-08-26,2025-08-25,92.6,574.12,Delivered,Inter-City
SHP4492,ORD4492,WH010,VEH001,DRV001,RT006,2025-08-22,2025-08-28,2025-08-27,49.54,331.83,Delivered,Inter-City
SHP4493,ORD4493,WH002,VEH010,DRV029,RT009,2025-11-21,2025-11-28,2025-11-27,180.6,981.23,Delivered,Local
SHP4494,ORD4494,WH006,VEH012,DRV021,RT005,2024-09-03,2024-09-07,2024-09-05,191.85,1095.12,Delivered,Local
SHP4495,ORD4495,WH005,VEH020,DRV032,RT012,2025-05-06,2025-05-12,2025-05-15,316.74,2397.59,Delayed,Inter-City
SHP4496,ORD4496,WH005,VEH010,DRV009,RT013,2024-08-25,2024-08-27,2024-08-27,824.23,2863.2,Delivered,Inter-City
SHP4497,ORD4497,WH009,VEH018,DRV020,RT014,2024-12-16,2024-12-17,2024-12-15,919.32,2981.41,Delivered,Local
SHP4498,ORD4498,WH005,VEH018,DRV013,RT002,2025-07-26,2025-07-28,2025-07-27,93.75,210.64,Delivered,Inter-City
SHP4499,ORD4499,WH007,VEH002,DRV026,RT009,2025-11-08,2025-11-15,2025-11-13,266.63,1463.78,Delivered,Inter-City
SHP4500,ORD4500,WH004,VEH012,DRV041,RT019,2024-09-05,2024-09-12,2024-09-11,927.63,2516.25,Delivered,Inter-City
SHP4501,ORD4501,WH008,VEH016,DRV048,RT007,2024-07-27,2024-07-30,2024-07-28,688.83,2343.63,Delivered,Local
SHP4502,ORD4502,WH001,VEH015,DRV008,RT018,2024-06-04,2024-06-11,2024-06-11,627.43,3255.05,Delivered,Inter-City
SHP4503,ORD4503,WH002,VEH013,DRV043,RT001,2025-03-20,2025-03-26,2025-03-26,571.13,4437.39,Delivered,Inter-City
SHP4504,ORD4504,WH002,VEH017,DRV025,RT015,2025-10-12,2025-10-18,2025-10-16,117.92,295.95,Delivered,Inter-City
SHP4505,ORD4505,WH001,VEH018,DRV004,RT005,2024-08-29,2024-09-03,2024-09-01,244.79,1075.78,Delivered,Local
SHP4506,ORD4506,WH010,VEH016,DRV001,RT005,2025-11-17,2025-11-24,2025-11-23,452.48,3301.53,Delivered,Local
SHP4507,ORD4507,WH004,VEH012,DRV028,RT010,2024-10-03,2024-10-09,2024-10-09,904.0,5093.45,Delivered,Inter-City
SHP4508,ORD4508,WH004,VEH012,DRV019,RT015,2025-12-11,2025-12-13,2025-12-11,393.74,2185.65,Delivered,Local
SHP4509,ORD4509,WH010,VEH013,DRV011,RT010,2024-01-18,2024-01-24,2024-01-24,161.03,807.27,Returned,Inter-City
SHP4510,ORD4510,WH005,VEH020,DRV010,RT002,2024-08-18,2024-08-19,2024-08-18,635.51,3646.71,Delivered,Inter-City
SHP4511,ORD4511,WH005,VEH011,DRV001,RT020,2024-02-15,2024-02-20,2024-02-18,28.45,89.55,Delivered,Inter-City
SHP4512,ORD4512,WH006,VEH016,DRV009,RT017,2025-01-20,2025-01-25,2025-01-25,616.79,2105.31,Delivered,Inter-City
SHP4513,ORD4513,WH002,VEH001,DRV025,RT016,2024-08-19,2024-08-21,2024-08-21,920.08,2857.65,Delivered,Inter-City
SHP4514,ORD4514,WH007,VEH011,DRV014,RT010,2025-07-07,2025-07-13,2025-07-13,57.2,175.49,Returned,Inter-City
SHP4515,ORD4515,WH005,VEH019,DRV025,RT013,2025-06-17,2025-06-22,2025-06-20,705.8,2408.77,Delivered,Local
SHP4516,ORD4516,WH009,VEH012,DRV036,RT012,2024-12-05,2024-12-11,2024-12-11,32.08,64.47,Delivered,Local
SHP4517,ORD4517,WH002,VEH012,DRV044,RT010,2024-11-06,2024-11-13,2024-11-12,552.82,2134.03,Delivered,Inter-City
SHP4518,ORD4518,WH010,VEH005,DRV001,RT015,2024-10-04,2024-10-05,2024-10-04,109.32,696.03,Delivered,Inter-City
SHP4519,ORD4519,WH009,VEH015,DRV001,RT007,2025-11-25,2025-11-27,2025-11-27,174.21,1103.7,Returned,Local
SHP4520,ORD4520,WH008,VEH015,DRV022,RT020,2025-09-18,2025-09-19,2025-09-19,347.67,1219.23,Delivered,Local
SHP4521,ORD4521,WH010,VEH017,DRV016,RT019,2024-03-17,2024-03-18,2024-03-18,180.07,1106.86,Delivered,Inter-City
SHP4522,ORD4522,WH002,VEH002,DRV015,RT016,2024-05-14,2024-05-19,2024-05-20,59.52,172.67,Delayed,Inter-City
SHP4523,ORD4523,WH010,VEH015,DRV012,RT020,2024-12-15,2024-12-22,2024-12-21,330.1,1367.67,Delivered,Inter-City
SHP4524,ORD4524,WH002,VEH005,DRV028,RT007,2025-04-19,2025-04-20,2025-04-20,645.38,3203.16,In Transit,Inter-City
SHP4525,ORD4525,WH010,VEH014,DRV050,RT007,2024-07-31,2024-08-06,2024-08-06,797.77,2353.55,Delivered,Inter-City
SHP4526,ORD4526,WH002,VEH015,DRV025,RT014,2025-03-23,2025-03-30,2025-03-28,624.88,1903.2,Delivered,Local
SHP4527,ORD4527,WH003,VEH016,DRV019,RT014,2024-06-13,2024-06-14,2024-06-14,218.01,912.71,Delivered,Local
SHP4528,ORD4528,WH006,VEH018,DRV012,RT020,2025-01-11,2025-01-15,2025-01-14,400.77,955.27,Delivered,Inter-City
SHP4529,ORD4529,WH003,VEH020,DRV047,RT011,2025-09-04,2025-09-05,2025-09-03,896.7,4843.01,Delivered,Inter-City
SHP4530,ORD4530,WH005,VEH003,DRV049,RT010,2025-05-25,2025-05-28,2025-05-28,762.2,3479.87,Delivered,Inter-City
SHP4531,ORD4531,WH004,VEH015,DRV049,RT018,2025-12-28,2026-01-04,2026-01-04,352.11,1586.09,Delivered,Inter-City
SHP4532,ORD4532,WH005,VEH017,DRV023,RT018,2025-03-14,2025-03-17,2025-03-16,439.78,2419.38,Delivered,Inter-City
SHP4533,ORD4533,WH006,VEH016,DRV032,RT001,2024-11-25,2024-11-26,2024-11-24,409.8,1717.94,Delivered,Inter-City
SHP4534,ORD4534,WH001,VEH013,DRV030,RT020,2025-08-18,2025-08-22,2025-08-21,864.98,2075.71,Delivered,Inter-City
SHP4535,ORD4535,WH006,VEH019,DRV042,RT001,2024-11-16,2024-11-21,2024-11-21,874.14,6171.25,Delivered,Inter-City
SHP4536,ORD4536,WH007,VEH017,DRV030,RT001,2024-11-13,2024-11-20,2024-11-22,427.63,1824.88,Delayed,Inter-City
SHP4537,ORD4537,WH010,VEH016,DRV040,RT012,2024-02-17,2024-02-24,2024-02-22,547.73,3675.79,Delivered,Inter-City
SHP4538,ORD4538,WH005,VEH013,DRV027,RT001,2025-12-10,2025-12-16,2025-12-15,224.27,1396.02,Delivered,Inter-City
SHP4539,ORD4539,WH003,VEH017,DRV024,RT002,2024-10-29,2024-10-30,2024-10-29,146.51,701.51,Delivered,Local
SHP4540,ORD4540,WH001,VEH006,DRV002,RT020,2024-06-10,2024-06-12,2024-06-11,178.91,555.81,Delivered,Local
SHP4541,ORD4541,WH004,VEH018,DRV001,RT006,2025-08-17,2025-08-24,2025-08-27,269.13,1862.56,Delayed,Inter-City
SHP4542,ORD4542,WH003,VEH016,DRV025,RT008,2024-11-27,2024-12-03,2024-12-03,887.43,3338.39,Delivered,Inter-City
SHP4543,ORD4543,WH008,VEH009,DRV038,RT016,2025-10-07,2025-10-08,2025-10-07,672.02,1874.48,Delivered,Local
SHP4544,ORD4544,WH010,VEH011,DRV018,RT012,2025-07-27,2025-08-01,2025-08-01,731.48,3860.11,Delivered,Inter-City
SHP4545,ORD4545,WH004,VEH008,DRV022,RT017,2025-11-07,2025-11-10,2025-11-08,611.06,4287.14,Delivered,Inter-City
SHP4546,ORD4546,WH010,VEH003,DRV028,RT019,2024-12-21,2024-12-23,2024-12-22,922.64,5416.61,Delivered,Inter-City
SHP4547,ORD4547,WH010,VEH011,DRV010,RT005,2025-07-17,2025-07-23,2025-07-22,654.01,2570.36,Delivered,Inter-City
SHP4548,ORD4548,WH003,VEH001,DRV037,RT002,2024-03-08,2024-03-13,2024-03-13,499.06,1902.2,Delivered,Inter-City
SHP4549,ORD4549,WH010,VEH015,DRV016,RT003,2024-05-05,2024-05-06,2024-05-09,894.22,4059.43,Delayed,Inter-City
SHP4550,ORD4550,WH004,VEH014,DRV002,RT019,2025-07-09,2025-07-14,2025-07-15,929.67,2159.43,Delayed,Inter-City
SHP4551,ORD4551,WH001,VEH010,DRV044,RT011,2025-09-11,2025-09-18,2025-09-17,636.94,1663.65,Delivered,Inter-City
SHP4552,ORD4552,WH008,VEH009,DRV004,RT001,2025-12-22,2025-12-25,2025-12-23,493.3,3285.01,Delivered,Inter-City
SHP4553,ORD4553,WH004,VEH009,DRV044,RT010,2025-01-01,2025-01-06,2025-01-04,276.19,699.89,Delivered,Inter-City
SHP4554,ORD4554,WH005,VEH006,DRV002,RT017,2024-10-28,2024-11-04,2024-11-04,877.03,2737.91,Delivered,Inter-City
SHP4555,ORD4555,WH007,VEH011,DRV018,RT019,2024-02-06,2024-02-13,2024-02-12,549.45,1672.75,Delivered,Inter-City
SHP4556,ORD4556,WH006,VEH002,DRV046,RT012,2024-11-14,2024-11-15,2024-11-18,992.68,2704.84,Delayed,Inter-City
SHP4557,ORD4557,WH001,VEH019,DRV014,RT015,2025-01-13,2025-01-20,2025-01-19,760.33,5997.71,Delivered,Inter-City
SHP4558,ORD4558,WH008,VEH019,DRV025,RT001,2025-11-29,2025-12-03,2025-12-03,908.65,4127.63,Delivered,Inter-City
SHP4559,ORD4559,WH005,VEH004,DRV014,RT012,2024-04-12,2024-04-14,2024-04-12,266.24,1909.87,Delivered,Inter-City
SHP4560,ORD4560,WH004,VEH013,DRV039,RT011,2025-01-03,2025-01-08,2025-01-07,540.4,1599.97,Delivered,Inter-City
SHP4561,ORD4561,WH008,VEH002,DRV045,RT014,2025-08-20,2025-08-25,2025-08-25,886.77,3986.16,Delivered,Inter-City
SHP4562,ORD4562,WH002,VEH012,DRV025,RT019,2025-11-19,2025-11-25,2025-11-24,600.04,2766.05,Delivered,Inter-City
SHP4563,ORD4563,WH001,VEH017,DRV042,RT006,2025-05-24,2025-05-28,2025-05-28,24.34,73.46,Delivered,Local
SHP4564,ORD4564,WH004,VEH012,DRV005,RT005,2024-01-28,2024-02-02,2024-02-01,368.61,2034.04,Delivered,Inter-City
SHP4565,ORD4565,WH007,VEH019,DRV008,RT011,2025-04-25,2025-04-27,2025-04-25,264.62,944.2,Delivered,Inter-City
SHP4566,ORD4566,WH004,VEH018,DRV023,RT014,2024-07-24,2024-07-26,2024-07-25,361.73,2604.28,Delivered,Local
SHP4567,ORD4567,WH005,VEH019,DRV045,RT003,2024-09-05,2024-09-11,2024-09-09,736.79,5410.69,Delivered,Local
SHP4568,ORD4568,WH009,VEH016,DRV001,RT004,2025-07-28,2025-08-02,2025-08-02,631.73,3773.88,Delivered,Local
SHP4569,ORD4569,WH002,VEH004,DRV047,RT008,2024-08-27,2024-09-03,2024-09-02,612.05,4446.22,Delivered,Inter-City
SHP4570,ORD4570,WH003,VEH007,DRV013,RT004,2024-09-29,2024-10-01,2024-10-01,170.59,424.64,Returned,Inter-City
SHP4571,ORD4571,WH008,VEH001,DRV043,RT015,2024-04-10,2024-04-12,2024-04-16,505.71,3353.5,Delayed,Local
SHP4572,ORD4572,WH007,VEH008,DRV016,RT017,2025-05-11,2025-05-18,2025-05-23,647.65,4565.98,Delayed,Inter-City
SHP4573,ORD4573,WH002,VEH007,DRV044,RT006,2024-06-25,2024-07-01,2024-07-01,831.38,6342.94,Delivered,Inter-City
SHP4574,ORD4574,WH003,VEH002,DRV020,RT010,2025-06-15,2025-06-18,2025-06-16,815.05,2799.97,Delivered,Inter-City
SHP4575,ORD4575,WH006,VEH004,DRV039,RT016,2025-06-11,2025-06-18,2025-06-16,102.6,747.36,Delivered,Inter-City
SHP4576,ORD4576,WH010,VEH012,DRV031,RT004,2024-02-05,2024-02-12,2024-02-12,294.46,838.44,Returned,Local
SHP4577,ORD4577,WH006,VEH020,DRV038,RT001,2024-01-16,2024-01-22,2024-01-20,190.45,717.6,Delivered,Inter-City
SHP4578,ORD4578,WH003,VEH009,DRV049,RT004,2025-05-25,2025-05-26,2025-05-26,707.97,3706.26,In Transit,Inter-City
SHP4579,ORD4579,WH004,VEH004,DRV016,RT016,2025-05-19,2025-05-25,2025-05-24,213.56,471.86,Delivered,Inter-City
SHP4580,ORD4580,WH001,VEH011,DRV048,RT016,2025-08-10,2025-08-12,2025-08-11,708.67,4134.88,Delivered,Local
SHP4581,ORD4581,WH008,VEH008,DRV015,RT008,2024-12-21,2024-12-26,2024-12-26,236.48,1183.58,Delivered,Local
SHP4582,ORD4582,WH003,VEH002,DRV006,RT011,2024-06-08,2024-06-13,2024-06-11,489.08,2206.11,Delivered,Inter-City
SHP4583,ORD4583,WH006,VEH010,DRV026,RT006,2024-03-24,2024-03-25,2024-03-24,953.3,1956.31,Delivered,Local
SHP4584,ORD4584,WH001,VEH014,DRV011,RT002,2025-06-10,2025-06-12,2025-06-12,945.28,6560.89,In Transit,Inter-City
SHP4585,ORD4585,WH005,VEH001,DRV030,RT013,2025-03-19,2025-03-22,2025-03-20,638.53,2571.42,Delivered,Inter-City
SHP4586,ORD4586,WH004,VEH013,DRV010,RT019,2024-05-10,2024-05-11,2024-05-09,249.01,1579.34,Delivered,Local
SHP4587,ORD4587,WH001,VEH004,DRV007,RT008,2024-10-04,2024-10-07,2024-10-05,380.09,2856.15,Delivered,Local
SHP4588,ORD4588,WH010,VEH011,DRV002,RT019,2024-05-15,2024-05-22,2024-05-22,565.6,3988.1,In Transit,Inter-City
SHP4589,ORD4589,WH009,VEH010,DRV033,RT019,2025-08-30,2025-09-02,2025-09-01,275.22,2055.53,Delivered,Inter-City
SHP4590,ORD4590,WH010,VEH009,DRV048,RT020,2025-03-25,2025-03-27,2025-03-27,355.04,1703.19,In Transit,Inter-City
SHP4591,ORD4591,WH003,VEH002,DRV019,RT016,2024-09-13,2024-09-20,2024-09-20,835.2,6639.66,Returned,Local
SHP4592,ORD4592,WH002,VEH015,DRV024,RT014,2024-08-24,2024-08-29,2024-08-28,588.87,4503.63,Delivered,Inter-City
SHP4593,ORD4593,WH007,VEH011,DRV007,RT010,2024-11-04,2024-11-07,2024-11-06,423.54,2882.52,Delivered,Local
SHP4594,ORD4594,WH008,VEH010,DRV034,RT003,2024-10-26,2024-11-01,2024-10-31,164.25,461.18,Delivered,Inter-City
SHP4595,ORD4595,WH009,VEH017,DRV035,RT013,2024-11-01,2024-11-05,2024-11-08,865.27,6323.98,Delayed,Inter-City
SHP4596,ORD4596,WH010,VEH008,DRV002,RT009,2024-08-31,2024-09-01,2024-09-05,928.79,3494.55,Delayed,Inter-City
SHP4597,ORD4597,WH002,VEH008,DRV039,RT004,2024-08-17,2024-08-24,2024-08-28,704.39,4018.35,Delayed,Inter-City
SHP4598,ORD4598,WH008,VEH011,DRV017,RT017,2024-08-12,2024-08-17,2024-08-17,490.24,2403.29,Delivered,Inter-City
SHP4599,ORD4599,WH003,VEH015,DRV048,RT004,2025-01-05,2025-01-08,2025-01-08,167.41,450.92,Delivered,Inter-City
SHP4600,ORD4600,WH006,VEH001,DRV046,RT007,2025-06-23,2025-06-29,2025-06-29,278.68,721.13,Delivered,Inter-City
SHP4601,ORD4601,WH005,VEH016,DRV009,RT006,2024-08-23,2024-08-30,2024-08-29,914.19,2067.35,Delivered,Local
SHP4602,ORD4602,WH005,VEH003,DRV039,RT016,2024-12-19,2024-12-21,2024-12-20,54.05,326.93,Delivered,Inter-City
SHP4603,ORD4603,WH007,VEH008,DRV011,RT008,2025-09-02,2025-09-07,2025-09-05,665.72,3550.42,Delivered,Inter-City
SHP4604,ORD4604,WH008,VEH015,DRV014,RT008,2025-01-16,2025-01-18,2025-01-18,992.27,5145.78,Delivered,Inter-City
SHP4605,ORD4605,WH009,VEH007,DRV041,RT015,2025-01-09,2025-01-12,2025-01-10,929.21,6834.59,Delivered,Local
SHP4606,ORD4606,WH003,VEH014,DRV015,RT006,2024-03-30,2024-04-04,2024-04-02,284.74,2257.09,Delivered,Inter-City
SHP4607,ORD4607,WH006,VEH004,DRV047,RT002,2025-07-24,2025-07-29,2025-07-28,766.39,4125.88,Delivered,Inter-City
SHP4608,ORD4608,WH010,VEH017,DRV046,RT003,2025-06-24,2025-06-25,2025-06-25,912.37,6198.69,In Transit,Inter-City
SHP4609,ORD4609,WH010,VEH020,DRV018,RT006,2025-07-28,2025-07-29,2025-07-28,818.81,5129.58,Delivered,Inter-City
SHP4610,ORD4610,WH004,VEH010,DRV009,RT001,2025-02-25,2025-02-28,2025-02-28,204.47,1535.45,Delivered,Local
SHP4611,ORD4611,WH006,VEH011,DRV013,RT010,2024-07-19,2024-07-21,2024-07-24,566.02,2673.01,Delayed,Inter-City
SHP4612,ORD4612,WH002,VEH020,DRV029,RT005,2025-10-02,2025-10-03,2025-10-02,55.23,417.18,Delivered,Inter-City
SHP4613,ORD4613,WH010,VEH007,DRV012,RT010,2024-05-31,2024-06-03,2024-06-05,828.82,6487.07,Delayed,Inter-City
SHP4614,ORD4614,WH001,VEH001,DRV040,RT003,2025-11-28,2025-12-04,2025-12-03,228.85,974.23,Delivered,Local
SHP4615,ORD4615,WH004,VEH005,DRV019,RT008,2024-01-04,2024-01-10,2024-01-08,657.06,3935.56,Delivered,Inter-City
SHP4616,ORD4616,WH003,VEH010,DRV017,RT016,2025-05-29,2025-05-31,2025-06-05,738.06,5562.57,Delayed,Inter-City
SHP4617,ORD4617,WH002,VEH005,DRV006,RT006,2025-01-09,2025-01-13,2025-01-18,812.12,6216.46,Delayed,Inter-City
SHP4618,ORD4618,WH007,VEH020,DRV005,RT002,2024-05-30,2024-06-02,2024-06-02,571.06,2865.99,Delivered,Inter-City
SHP4619,ORD4619,WH003,VEH016,DRV049,RT006,2024-10-14,2024-10-17,2024-10-15,625.37,1912.94,Delivered,Inter-City
SHP4620,ORD4620,WH001,VEH015,DRV025,RT019,2025-08-19,2025-08-25,2025-08-25,358.88,2475.09,Delivered,Inter-City
SHP4621,ORD4621,WH009,VEH007,DRV006,RT003,2025-08-02,2025-08-06,2025-08-05,509.2,2108.61,Delivered,Inter-City
SHP4622,ORD4622,WH007,VEH013,DRV023,RT002,2024-04-19,2024-04-24,2024-04-24,57.38,209.8,Delivered,Inter-City
SHP4623,ORD4623,WH001,VEH005,DRV030,RT015,2025-02-03,2025-02-04,2025-02-04,667.04,1840.19,Delivered,Inter-City
SHP4624,ORD4624,WH002,VEH013,DRV009,RT011,2025-04-27,2025-04-30,2025-04-30,29.38,64.69,Delivered,Local
SHP4625,ORD4625,WH004,VEH013,DRV027,RT018,2024-12-23,2024-12-27,2024-12-26,242.96,1621.12,Delivered,Inter-City
SHP4626,ORD4626,WH008,VEH008,DRV036,RT009,2025-04-06,2025-04-12,2025-04-12,817.96,2082.91,Returned,Inter-City
SHP4627,ORD4627,WH009,VEH009,DRV024,RT017,2024-03-17,2024-03-24,2024-03-24,391.46,2805.18,In Transit,Local
SHP4628,ORD4628,WH003,VEH004,DRV012,RT019,2024-03-20,2024-03-25,2024-03-25,196.04,619.91,Delivered,Inter-City
SHP4629,ORD4629,WH008,VEH005,DRV022,RT004,2024-04-05,2024-04-07,2024-04-05,665.45,5061.01,Delivered,Inter-City
SHP4630,ORD4630,WH004,VEH003,DRV004,RT005,2025-01-24,2025-01-26,2025-01-26,443.46,1852.59,Delivered,Inter-City
SHP4631,ORD4631,WH007,VEH015,DRV044,RT010,2025-07-24,2025-07-30,2025-07-30,678.11,2007.49,Delivered,Inter-City
SHP4632,ORD4632,WH003,VEH019,DRV011,RT011,2024-10-15,2024-10-22,2024-10-21,339.98,2346.24,Delivered,Local
SHP4633,ORD4633,WH005,VEH016,DRV025,RT008,2024-03-19,2024-03-23,2024-03-21,96.78,408.75,Delivered,Inter-City
SHP4634,ORD4634,WH010,VEH002,DRV014,RT013,2024-12-12,2024-12-14,2024-12-13,999.04,7545.27,Delivered,Inter-City
SHP4635,ORD4635,WH005,VEH006,DRV014,RT015,2024-06-12,2024-06-15,2024-06-14,427.02,3075.2,Delivered,Inter-City
SHP4636,ORD4636,WH003,VEH006,DRV027,RT016,2025-02-03,2025-02-04,2025-02-03,307.61,1427.71,Delivered,Local
SHP4637,ORD4637,WH001,VEH009,DRV023,RT011,2024-06-19,2024-06-26,2024-06-26,297.77,1947.68,Delivered,Local
SHP4638,ORD4638,WH001,VEH012,DRV039,RT014,2024-09-23,2024-09-25,2024-09-24,292.53,1374.71,Delivered,Local
SHP4639,ORD4639,WH001,VEH013,DRV018,RT008,2025-05-08,2025-05-09,2025-05-07,842.75,6538.91,Delivered,Inter-City
SHP4640,ORD4640,WH007,VEH002,DRV045,RT007,2024-10-24,2024-10-31,2024-10-29,624.25,4666.39,Delivered,Inter-City
SHP4641,ORD4641,WH004,VEH003,DRV007,RT014,2024-02-17,2024-02-18,2024-02-17,383.18,1555.46,Delivered,Inter-City
SHP4642,ORD4642,WH010,VEH020,DRV024,RT006,2024-04-04,2024-04-05,2024-04-08,283.56,879.42,Delayed,Inter-City
SHP4643,ORD4643,WH001,VEH003,DRV023,RT001,2025-11-23,2025-11-29,2025-11-28,217.61,1269.96,Delivered,Inter-City
SHP4644,ORD4644,WH010,VEH002,DRV046,RT017,2025-03-01,2025-03-08,2025-03-06,31.62,215.89,Delivered,Inter-City
SHP4645,ORD4645,WH004,VEH011,DRV034,RT012,2024-12-26,2024-12-31,2024-12-29,947.64,3171.21,Delivered,Inter-City
SHP4646,ORD4646,WH005,VEH011,DRV017,RT018,2025-04-04,2025-04-07,2025-04-05,451.71,2435.14,Delivered,Inter-City
SHP4647,ORD4647,WH008,VEH009,DRV009,RT012,2024-10-26,2024-10-28,2024-10-26,583.0,4606.32,Delivered,Inter-City
SHP4648,ORD4648,WH005,VEH007,DRV025,RT017,2024-06-20,2024-06-27,2024-06-26,329.98,1679.86,Delivered,Inter-City
SHP4649,ORD4649,WH010,VEH016,DRV044,RT017,2024-12-01,2024-12-02,2024-11-30,890.38,4201.48,Delivered,Inter-City
SHP4650,ORD4650,WH007,VEH016,DRV012,RT011,2024-08-26,2024-08-27,2024-08-25,111.46,577.32,Delivered,Inter-City
SHP4651,ORD4651,WH009,VEH013,DRV029,RT017,2025-11-21,2025-11-28,2025-12-03,265.23,702.82,Delayed,Inter-City
SHP4652,ORD4652,WH010,VEH008,DRV044,RT006,2024-10-17,2024-10-21,2024-10-20,75.67,475.46,Delivered,Local
SHP4653,ORD4653,WH010,VEH020,DRV038,RT005,2025-04-20,2025-04-23,2025-04-23,220.28,1629.74,Delivered,Inter-City
SHP4654,ORD4654,WH001,VEH001,DRV047,RT005,2025-09-29,2025-10-06,2025-10-05,869.12,5078.94,Delivered,Inter-City
SHP4655,ORD4655,WH004,VEH011,DRV005,RT018,2025-05-12,2025-05-15,2025-05-14,60.31,194.41,Delivered,Inter-City
SHP4656,ORD4656,WH003,VEH002,DRV037,RT008,2025-01-20,2025-01-21,2025-01-21,685.58,1453.97,Delivered,Inter-City
SHP4657,ORD4657,WH005,VEH010,DRV027,RT009,2024-04-20,2024-04-25,2024-04-24,161.93,872.21,Delivered,Inter-City
SHP4658,ORD4658,WH005,VEH003,DRV043,RT002,2024-08-04,2024-08-08,2024-08-07,331.47,2558.21,Delivered,Local
SHP4659,ORD4659,WH007,VEH019,DRV050,RT008,2024-06-06,2024-06-12,2024-06-10,773.16,4900.73,Delivered,Inter-City
SHP4660,ORD4660,WH010,VEH009,DRV003,RT003,2024-04-03,2024-04-07,2024-04-07,833.31,6089.75,Delivered,Inter-City
SHP4661,ORD4661,WH004,VEH016,DRV002,RT020,2025-04-15,2025-04-16,2025-04-14,268.16,1877.39,Delivered,Inter-City
SHP4662,ORD4662,WH010,VEH002,DRV036,RT015,2025-05-02,2025-05-09,2025-05-07,237.96,784.52,Delivered,Inter-City
SHP4663,ORD4663,WH002,VEH014,DRV037,RT005,2025-04-03,2025-04-06,2025-04-04,173.55,669.41,Delivered,Inter-City
SHP4664,ORD4664,WH001,VEH003,DRV003,RT001,2025-02-13,2025-02-19,2025-02-17,912.54,6286.82,Delivered,Inter-City
SHP4665,ORD4665,WH008,VEH010,DRV004,RT001,2025-08-31,2025-09-06,2025-09-05,59.77,303.74,Delivered,Local
SHP4666,ORD4666,WH003,VEH012,DRV041,RT013,2025-01-25,2025-01-31,2025-02-01,546.46,2332.05,Delayed,Local
SHP4667,ORD4667,WH001,VEH017,DRV022,RT008,2025-04-09,2025-04-10,2025-04-10,502.13,3502.9,Delivered,Inter-City
SHP4668,ORD4668,WH002,VEH001,DRV010,RT005,2024-05-15,2024-05-21,2024-05-21,173.43,758.69,Delivered,Inter-City
SHP4669,ORD4669,WH004,VEH020,DRV003,RT011,2024-04-08,2024-04-15,2024-04-13,40.58,305.82,Delivered,Local
SHP4670,ORD4670,WH002,VEH018,DRV005,RT013,2025-08-02,2025-08-04,2025-08-04,790.76,5027.4,In Transit,Inter-City
SHP4671,ORD4671,WH002,VEH001,DRV025,RT015,2025-03-22,2025-03-27,2025-03-25,901.49,6363.19,Delivered,Inter-City
SHP4672,ORD4672,WH001,VEH004,DRV019,RT020,2024-11-08,2024-11-09,2024-11-09,792.52,6055.5,Delivered,Inter-City
SHP4673,ORD4673,WH007,VEH008,DRV012,RT018,2024-06-02,2024-06-08,2024-06-08,365.99,1978.0,Delivered,Local
SHP4674,ORD4674,WH005,VEH005,DRV038,RT011,2025-06-03,2025-06-09,2025-06-08,125.94,588.95,Delivered,Local
SHP4675,ORD4675,WH002,VEH003,DRV032,RT001,2024-06-08,2024-06-15,2024-06-14,256.92,978.49,Delivered,Inter-City
SHP4676,ORD4676,WH010,VEH013,DRV021,RT011,2024-02-06,2024-02-08,2024-02-06,279.04,1795.04,Delivered,Local
SHP4677,ORD4677,WH002,VEH017,DRV043,RT005,2024-11-29,2024-12-06,2024-12-05,638.33,1469.7,Delivered,Local
SHP4678,ORD4678,WH008,VEH012,DRV040,RT011,2024-01-03,2024-01-05,2024-01-04,145.94,512.39,Delivered,Inter-City
SHP4679,ORD4679,WH003,VEH014,DRV014,RT008,2025-01-18,2025-01-20,2025-01-20,119.79,572.32,Delivered,Inter-City
SHP4680,ORD4680,WH006,VEH010,DRV033,RT015,2025-05-24,2025-05-25,2025-05-23,961.88,2810.42,Delivered,Local
SHP4681,ORD4681,WH003,VEH001,DRV026,RT003,2025-12-07,2025-12-09,2025-12-07,802.97,2233.5,Delivered,Inter-City
SHP4682,ORD4682,WH004,VEH004,DRV050,RT017,2025-03-01,2025-03-05,2025-03-04,832.54,5590.57,Delivered,Inter-City
SHP4683,ORD4683,WH008,VEH009,DRV020,RT017,2024-06-20,2024-06-22,2024-06-20,746.83,3978.99,Delivered,Local
SHP4684,ORD4684,WH008,VEH007,DRV040,RT002,2024-02-14,2024-02-21,2024-02-20,614.08,2077.03,Delivered,Inter-City
SHP4685,ORD4685,WH010,VEH013,DRV027,RT013,2025-04-04,2025-04-11,2025-04-10,178.76,763.31,Delivered,Inter-City
SHP4686,ORD4686,WH003,VEH020,DRV028,RT010,2025-09-16,2025-09-21,2025-09-21,907.39,5285.2,Delivered,Inter-City
SHP4687,ORD4687,WH005,VEH016,DRV008,RT014,2024-10-31,2024-11-07,2024-11-07,997.7,3956.75,In Transit,Inter-City
SHP4688,ORD4688,WH005,VEH011,DRV041,RT017,2024-09-28,2024-10-04,2024-10-03,909.74,3698.12,Delivered,Local
SHP4689,ORD4689,WH008,VEH004,DRV016,RT015,2024-04-23,2024-04-26,2024-04-26,201.53,605.37,In Transit,Inter-City
SHP4690,ORD4690,WH009,VEH019,DRV014,RT006,2025-06-17,2025-06-24,2025-06-23,770.9,2217.21,Delivered,Inter-City
SHP4691,ORD4691,WH003,VEH015,DRV050,RT013,2025-03-12,2025-03-15,2025-03-14,757.4,3942.85,Delivered,Inter-City
SHP4692,ORD4692,WH005,VEH005,DRV032,RT010,2025-08-31,2025-09-07,2025-09-06,980.88,6014.32,Delivered,Inter-City
SHP4693,ORD4693,WH006,VEH009,DRV042,RT002,2024-07-12,2024-07-18,2024-07-18,721.48,2115.34,Delivered,Inter-City
SHP4694,ORD4694,WH002,VEH010,DRV015,RT013,2025-03-01,2025-03-04,2025-03-02,297.42,2199.34,Delivered,Inter-City
SHP4695,ORD4695,WH004,VEH018,DRV036,RT006,2024-08-08,2024-08-10,2024-08-10,309.13,2392.21,Delivered,Inter-City
SHP4696,ORD4696,WH004,VEH007,DRV023,RT013,2025-03-03,2025-03-08,2025-03-08,985.92,6551.59,Delivered,Local
SHP4697,ORD4697,WH009,VEH020,DRV047,RT014,2025-01-08,2025-01-15,2025-01-14,672.49,2568.64,Delivered,Inter-City
SHP4698,ORD4698,WH003,VEH001,DRV015,RT020,2025-07-14,2025-07-15,2025-07-15,205.83,1411.35,Delivered,Inter-City
SHP4699,ORD4699,WH008,VEH013,DRV005,RT020,2024-03-20,2024-03-23,2024-03-21,459.65,3596.71,Delivered,Inter-City
SHP4700,ORD4700,WH002,VEH010,DRV006,RT004,2024-03-21,2024-03-24,2024-03-22,773.17,2047.15,Delivered,Inter-City
SHP4701,ORD4701,WH007,VEH005,DRV014,RT003,2024-12-28,2024-12-30,2024-12-28,276.96,1465.92,Delivered,Local
SHP4702,ORD4702,WH002,VEH012,DRV035,RT015,2025-02-18,2025-02-21,2025-02-21,578.97,1380.98,Delivered,Inter-City
SHP4703,ORD4703,WH004,VEH020,DRV029,RT012,2024-01-24,2024-01-27,2024-01-26,821.17,4625.67,Delivered,Inter-City
SHP4704,ORD4704,WH003,VEH004,DRV024,RT003,2024-02-09,2024-02-15,2024-02-20,558.88,1427.86,Delayed,Inter-City
SHP4705,ORD4705,WH001,VEH019,DRV017,RT010,2024-08-14,2024-08-15,2024-08-15,143.45,707.03,Delivered,Inter-City
SHP4706,ORD4706,WH003,VEH001,DRV044,RT013,2024-12-09,2024-12-13,2024-12-11,292.66,1369.3,Delivered,Inter-City
SHP4707,ORD4707,WH007,VEH007,DRV036,RT001,2025-10-10,2025-10-15,2025-10-17,385.73,1228.95,Delayed,Local
SHP4708,ORD4708,WH003,VEH013,DRV029,RT014,2024-08-19,2024-08-25,2024-08-23,104.96,404.77,Delivered,Inter-City
SHP4709,ORD4709,WH002,VEH002,DRV030,RT011,2024-08-22,2024-08-29,2024-08-27,505.42,3598.3,Delivered,Inter-City
SHP4710,ORD4710,WH008,VEH003,DRV018,RT004,2024-09-29,2024-10-06,2024-10-06,434.71,3204.26,Delivered,Inter-City
SHP4711,ORD4711,WH003,VEH019,DRV015,RT001,2025-01-20,2025-01-26,2025-01-26,994.86,3525.45,Returned,Inter-City
SHP4712,ORD4712,WH007,VEH004,DRV019,RT007,2025-06-02,2025-06-08,2025-06-08,834.56,5313.54,Delivered,Local
SHP4713,ORD4713,WH002,VEH014,DRV032,RT010,2025-12-26,2026-01-01,2026-01-01,692.07,4399.88,Delivered,Inter-City
SHP4714,ORD4714,WH006,VEH010,DRV004,RT012,2025-06-29,2025-07-02,2025-06-30,477.2,1659.11,Delivered,Local
SHP4715,ORD4715,WH010,VEH010,DRV032,RT011,2024-05-16,2024-05-23,2024-05-21,948.9,4655.24,Delivered,Inter-City
SHP4716,ORD4716,WH003,VEH010,DRV022,RT020,2025-04-14,2025-04-19,2025-04-17,942.89,4958.85,Delivered,Inter-City
SHP4717,ORD4717,WH003,VEH010,DRV022,RT012,2025-12-09,2025-12-12,2025-12-12,31.25,184.61,Returned,Inter-City
SHP4718,ORD4718,WH005,VEH005,DRV008,RT001,2024-01-10,2024-01-11,2024-01-10,638.0,3615.24,Delivered,Inter-City
SHP4719,ORD4719,WH002,VEH004,DRV049,RT016,2025-04-01,2025-04-06,2025-04-05,801.21,3389.59,Delivered,Inter-City
SHP4720,ORD4720,WH010,VEH002,DRV047,RT012,2025-03-26,2025-04-01,2025-03-30,548.66,2362.54,Delivered,Inter-City
SHP4721,ORD4721,WH003,VEH014,DRV039,RT006,2024-08-08,2024-08-10,2024-08-10,568.69,3871.21,In Transit,Inter-City
SHP4722,ORD4722,WH001,VEH002,DRV048,RT005,2025-11-01,2025-11-04,2025-11-02,354.49,1124.44,Delivered,Inter-City
SHP4723,ORD4723,WH006,VEH006,DRV041,RT012,2025-02-13,2025-02-19,2025-02-19,457.16,3169.81,Delivered,Inter-City
SHP4724,ORD4724,WH004,VEH004,DRV012,RT012,2024-06-10,2024-06-13,2024-06-12,533.18,3754.46,Delivered,Local
SHP4725,ORD4725,WH001,VEH004,DRV015,RT004,2024-04-29,2024-04-30,2024-04-29,354.3,1751.38,Delivered,Local
SHP4726,ORD4726,WH004,VEH012,DRV036,RT007,2025-02-25,2025-02-27,2025-02-26,833.15,4825.5,Delivered,Inter-City
SHP4727,ORD4727,WH002,VEH011,DRV006,RT011,2025-03-15,2025-03-20,2025-03-19,314.91,1675.06,Delivered,Local
SHP4728,ORD4728,WH009,VEH016,DRV005,RT015,2024-03-11,2024-03-13,2024-03-12,951.17,6947.41,Delivered,Local
SHP4729,ORD4729,WH004,VEH012,DRV045,RT017,2025-11-28,2025-12-03,2025-12-03,913.42,6835.94,Delivered,Inter-City
SHP4730,ORD4730,WH005,VEH018,DRV050,RT006,2024-12-04,2024-12-08,2024-12-08,722.98,3545.1,Delivered,Local
SHP4731,ORD4731,WH010,VEH014,DRV018,RT007,2025-11-20,2025-11-27,2025-11-27,856.35,3924.45,Delivered,Local
SHP4732,ORD4732,WH003,VEH001,DRV042,RT020,2025-09-23,2025-09-25,2025-09-25,933.67,4224.1,Returned,Inter-City
SHP4733,ORD4733,WH009,VEH016,DRV036,RT010,2024-06-05,2024-06-11,2024-06-15,484.01,1266.85,Delayed,Inter-City
SHP4734,ORD4734,WH004,VEH013,DRV043,RT015,2024-05-20,2024-05-21,2024-05-19,591.97,4243.2,Delivered,Inter-City
SHP4735,ORD4735,WH006,VEH002,DRV025,RT013,2025-09-22,2025-09-27,2025-09-27,685.65,4010.98,Delivered,Inter-City
SHP4736,ORD4736,WH009,VEH011,DRV048,RT013,2025-06-14,2025-06-17,2025-06-15,861.91,3230.32,Delivered,Inter-City
SHP4737,ORD4737,WH007,VEH010,DRV037,RT008,2024-07-29,2024-07-30,2024-07-30,91.72,393.4,Delivered,Inter-City
SHP4738,ORD4738,WH009,VEH011,DRV020,RT001,2024-06-23,2024-06-27,2024-06-25,843.82,2190.81,Delivered,Inter-City
SHP4739,ORD4739,WH001,VEH013,DRV046,RT001,2024-09-08,2024-09-15,2024-09-14,253.57,858.43,Delivered,Inter-City
SHP4740,ORD4740,WH006,VEH004,DRV036,RT011,2024-06-24,2024-06-26,2024-06-24,660.88,3017.08,Delivered,Inter-City
SHP4741,ORD4741,WH006,VEH013,DRV006,RT007,2025-12-12,2025-12-13,2025-12-12,736.0,2533.83,Delivered,Inter-City
SHP4742,ORD4742,WH010,VEH017,DRV029,RT003,2025-10-25,2025-10-31,2025-10-30,513.61,3127.73,Delivered,Inter-City
SHP4743,ORD4743,WH005,VEH010,DRV013,RT001,2024-01-05,2024-01-09,2024-01-07,295.79,1189.54,Delivered,Inter-City
SHP4744,ORD4744,WH008,VEH016,DRV031,RT010,2024-05-04,2024-05-10,2024-05-09,899.2,6232.33,Delivered,Inter-City
SHP4745,ORD4745,WH006,VEH004,DRV033,RT007,2024-04-09,2024-04-13,2024-04-15,204.64,624.18,Delayed,Inter-City
SHP4746,ORD4746,WH006,VEH008,DRV016,RT014,2024-07-20,2024-07-21,2024-07-20,459.47,1892.61,Delivered,Local
SHP4747,ORD4747,WH009,VEH013,DRV026,RT002,2025-04-09,2025-04-10,2025-04-10,828.15,5961.18,Delivered,Inter-City
SHP4748,ORD4748,WH001,VEH015,DRV047,RT013,2025-03-13,2025-03-17,2025-03-17,936.66,5108.05,Delivered,Inter-City
SHP4749,ORD4749,WH006,VEH001,DRV033,RT012,2025-12-29,2025-12-31,2025-12-30,86.47,197.46,Delivered,Inter-City
SHP4750,ORD4750,WH009,VEH020,DRV027,RT012,2024-12-20,2024-12-27,2024-12-25,213.14,919.26,Delivered,Inter-City
SHP4751,ORD4751,WH005,VEH016,DRV018,RT004,2025-10-26,2025-11-01,2025-11-04,68.79,415.14,Delayed,Inter-City
SHP4752,ORD4752,WH001,VEH009,DRV013,RT019,2025-03-22,2025-03-27,2025-03-26,517.22,1687.22,Delivered,Inter-City
SHP4753,ORD4753,WH010,VEH013,DRV004,RT001,2024-01-06,2024-01-07,2024-01-05,661.79,1940.56,Delivered,Inter-City
SHP4754,ORD4754,WH009,VEH016,DRV007,RT013,2025-10-09,2025-10-11,2025-10-09,887.95,2424.56,Delivered,Inter-City
SHP4755,ORD4755,WH004,VEH019,DRV041,RT005,2025-05-03,2025-05-04,2025-05-02,99.61,553.28,Delivered,Inter-City
SHP4756,ORD4756,WH004,VEH018,DRV007,RT020,2025-07-01,2025-07-05,2025-07-03,132.93,595.51,Delivered,Local
SHP4757,ORD4757,WH001,VEH004,DRV034,RT003,2025-04-21,2025-04-27,2025-04-26,459.32,2970.33,Delivered,Local
SHP4758,ORD4758,WH002,VEH017,DRV003,RT017,2025-03-17,2025-03-23,2025-03-22,685.26,2683.78,Delivered,Inter-City
SHP4759,ORD4759,WH003,VEH005,DRV027,RT005,2024-11-09,2024-11-14,2024-11-14,337.12,2062.08,Delivered,Inter-City
SHP4760,ORD4760,WH010,VEH008,DRV011,RT017,2024-04-19,2024-04-26,2024-04-25,872.94,3510.94,Delivered,Inter-City
SHP4761,ORD4761,WH002,VEH016,DRV032,RT007,2024-03-20,2024-03-22,2024-03-22,88.03,500.52,In Transit,Local
SHP4762,ORD4762,WH008,VEH010,DRV037,RT008,2024-04-28,2024-04-30,2024-04-29,141.94,1111.17,Delivered,Local
SHP4763,ORD4763,WH008,VEH014,DRV012,RT012,2024-12-16,2024-12-21,2024-12-21,250.8,1241.74,In Transit,Inter-City
SHP4764,ORD4764,WH006,VEH003,DRV006,RT017,2024-05-10,2024-05-13,2024-05-12,754.69,3428.67,Delivered,Inter-City
SHP4765,ORD4765,WH006,VEH004,DRV025,RT007,2025-09-02,2025-09-03,2025-09-02,173.66,446.97,Delivered,Inter-City
SHP4766,ORD4766,WH006,VEH009,DRV035,RT007,2025-02-27,2025-03-01,2025-02-27,97.54,627.02,Delivered,Inter-City
SHP4767,ORD4767,WH004,VEH010,DRV008,RT008,2024-12-07,2024-12-08,2024-12-08,205.68,907.77,Delivered,Local
SHP4768,ORD4768,WH008,VEH010,DRV038,RT014,2025-10-11,2025-10-16,2025-10-15,329.13,1253.7,Delivered,Local
SHP4769,ORD4769,WH005,VEH014,DRV045,RT011,2024-11-07,2024-11-13,2024-11-16,541.15,1455.37,Delayed,Local
SHP4770,ORD4770,WH008,VEH007,DRV040,RT018,2025-11-06,2025-11-08,2025-11-08,759.35,5593.16,Delivered,Inter-City
SHP4771,ORD4771,WH006,VEH017,DRV035,RT016,2025-04-27,2025-04-30,2025-04-30,900.37,3698.87,Delivered,Inter-City
SHP4772,ORD4772,WH004,VEH003,DRV022,RT003,2024-07-31,2024-08-03,2024-08-01,382.35,888.32,Delivered,Inter-City
SHP4773,ORD4773,WH007,VEH011,DRV045,RT014,2025-09-26,2025-10-01,2025-09-30,691.28,2291.49,Delivered,Inter-City
SHP4774,ORD4774,WH008,VEH009,DRV019,RT016,2025-05-18,2025-05-19,2025-05-19,311.38,931.66,Delivered,Inter-City
SHP4775,ORD4775,WH004,VEH017,DRV045,RT008,2024-09-26,2024-10-03,2024-10-03,30.38,127.96,Delivered,Local
SHP4776,ORD4776,WH008,VEH005,DRV040,RT020,2025-04-01,2025-04-05,2025-04-04,369.85,2436.05,Delivered,Local
SHP4777,ORD4777,WH001,VEH014,DRV032,RT002,2024-08-29,2024-09-03,2024-09-03,217.93,927.32,Delivered,Inter-City
SHP4778,ORD4778,WH008,VEH015,DRV017,RT010,2024-04-07,2024-04-08,2024-04-13,255.67,1409.37,Delayed,Inter-City
SHP4779,ORD4779,WH002,VEH004,DRV034,RT006,2025-12-22,2025-12-23,2025-12-23,221.75,1663.72,Delivered,Inter-City
SHP4780,ORD4780,WH005,VEH002,DRV040,RT008,2024-12-09,2024-12-15,2024-12-13,187.26,1201.47,Delivered,Local
SHP4781,ORD4781,WH002,VEH016,DRV013,RT005,2024-02-24,2024-02-26,2024-02-26,665.99,3078.78,Delivered,Inter-City
SHP4782,ORD4782,WH007,VEH010,DRV028,RT012,2024-04-08,2024-04-15,2024-04-15,946.45,7185.99,In Transit,Local
SHP4783,ORD4783,WH008,VEH017,DRV033,RT016,2025-10-19,2025-10-24,2025-10-23,528.32,2679.61,Delivered,Inter-City
SHP4784,ORD4784,WH005,VEH012,DRV033,RT016,2025-09-26,2025-10-02,2025-10-01,467.92,2566.94,Delivered,Inter-City
SHP4785,ORD4785,WH002,VEH004,DRV019,RT020,2024-03-29,2024-04-02,2024-03-31,843.4,3795.65,Delivered,Inter-City
SHP4786,ORD4786,WH010,VEH002,DRV025,RT019,2025-12-26,2025-12-28,2025-12-28,640.42,3475.18,Delivered,Local
SHP4787,ORD4787,WH006,VEH004,DRV002,RT018,2025-10-26,2025-11-02,2025-10-31,782.32,5844.7,Delivered,Inter-City
SHP4788,ORD4788,WH003,VEH016,DRV043,RT017,2025-02-11,2025-02-15,2025-02-13,857.36,4502.85,Delivered,Local
SHP4789,ORD4789,WH010,VEH019,DRV034,RT010,2024-05-29,2024-05-30,2024-05-30,232.83,1781.71,Delivered,Inter-City
SHP4790,ORD4790,WH006,VEH002,DRV042,RT008,2024-02-20,2024-02-23,2024-02-25,265.22,684.23,Delayed,Inter-City
SHP4791,ORD4791,WH003,VEH002,DRV047,RT015,2025-02-20,2025-02-23,2025-02-23,998.46,3332.59,Delivered,Inter-City
SHP4792,ORD4792,WH006,VEH006,DRV037,RT010,2025-09-06,2025-09-09,2025-09-09,479.0,1110.45,In Transit,Local
SHP4793,ORD4793,WH010,VEH014,DRV045,RT003,2024-02-01,2024-02-06,2024-02-05,787.63,6026.41,Delivered,Local
SHP4794,ORD4794,WH010,VEH006,DRV049,RT019,2025-05-04,2025-05-05,2025-05-04,773.91,2504.41,Delivered,Local
SHP4795,ORD4795,WH007,VEH018,DRV029,RT013,2024-03-12,2024-03-14,2024-03-12,752.29,3529.64,Delivered,Inter-City
SHP4796,ORD4796,WH008,VEH013,DRV010,RT004,2025-10-13,2025-10-20,2025-10-20,338.6,1959.18,Delivered,Inter-City
SHP4797,ORD4797,WH007,VEH003,DRV018,RT008,2024-05-03,2024-05-06,2024-05-04,201.39,1206.5,Delivered,Inter-City
SHP4798,ORD4798,WH009,VEH007,DRV044,RT010,2025-07-25,2025-08-01,2025-07-30,578.5,3191.16,Delivered,Inter-City
SHP4799,ORD4799,WH006,VEH008,DRV005,RT006,2024-02-21,2024-02-22,2024-02-20,767.13,4189.96,Delivered,Inter-City
SHP4800,ORD4800,WH001,VEH010,DRV004,RT001,2024-06-28,2024-07-01,2024-07-01,108.48,657.87,In Transit,Local
SHP4801,ORD4801,WH001,VEH007,DRV026,RT009,2024-07-06,2024-07-08,2024-07-07,724.22,2394.54,Delivered,Inter-City
SHP4802,ORD4802,WH004,VEH010,DRV041,RT005,2024-11-14,2024-11-15,2024-11-15,295.89,1703.64,Returned,Local
SHP4803,ORD4803,WH002,VEH017,DRV037,RT016,2025-02-06,2025-02-08,2025-02-08,760.85,5099.21,Delivered,Inter-City
SHP4804,ORD4804,WH008,VEH020,DRV043,RT010,2024-05-24,2024-05-30,2024-05-28,181.77,401.78,Delivered,Inter-City
SHP4805,ORD4805,WH002,VEH016,DRV009,RT016,2024-09-30,2024-10-05,2024-10-05,85.5,345.75,Delivered,Inter-City
SHP4806,ORD4806,WH002,VEH016,DRV050,RT011,2024-01-21,2024-01-27,2024-01-26,685.44,3105.72,Delivered,Inter-City
SHP4807,ORD4807,WH002,VEH008,DRV010,RT009,2025-12-04,2025-12-05,2025-12-03,867.02,6591.71,Delivered,Inter-City
SHP4808,ORD4808,WH010,VEH013,DRV006,RT020,2025-03-05,2025-03-11,2025-03-09,973.95,3811.96,Delivered,Local
SHP4809,ORD4809,WH010,VEH013,DRV026,RT006,2025-05-07,2025-05-08,2025-05-07,354.15,817.76,Delivered,Local
SHP4810,ORD4810,WH007,VEH011,DRV045,RT018,2025-12-06,2025-12-10,2025-12-08,438.7,3077.64,Delivered,Inter-City
SHP4811,ORD4811,WH004,VEH015,DRV033,RT012,2025-12-14,2025-12-21,2025-12-20,465.18,2817.39,Delivered,Local
SHP4812,ORD4812,WH008,VEH004,DRV012,RT003,2025-08-12,2025-08-17,2025-08-15,967.58,6894.61,Delivered,Inter-City
SHP4813,ORD4813,WH010,VEH003,DRV032,RT013,2025-05-04,2025-05-05,2025-05-05,667.53,4347.39,Returned,Inter-City
SHP4814,ORD4814,WH008,VEH001,DRV001,RT005,2024-06-24,2024-06-30,2024-06-29,579.53,2633.01,Delivered,Local
SHP4815,ORD4815,WH003,VEH009,DRV020,RT011,2024-07-06,2024-07-10,2024-07-08,990.47,3705.67,Delivered,Local
SHP4816,ORD4816,WH004,VEH001,DRV045,RT001,2024-08-12,2024-08-17,2024-08-15,499.49,2908.41,Delivered,Local
SHP4817,ORD4817,WH001,VEH014,DRV019,RT014,2024-12-14,2024-12-21,2024-12-19,310.98,1735.52,Delivered,Inter-City
SHP4818,ORD4818,WH009,VEH014,DRV035,RT010,2025-09-07,2025-09-13,2025-09-11,489.13,1775.76,Delivered,Inter-City
SHP4819,ORD4819,WH004,VEH006,DRV001,RT007,2025-08-18,2025-08-20,2025-08-20,381.2,2727.05,Delivered,Inter-City
SHP4820,ORD4820,WH007,VEH017,DRV031,RT001,2025-10-25,2025-10-31,2025-10-31,473.09,2002.56,Delivered,Inter-City
SHP4821,ORD4821,WH008,VEH018,DRV024,RT010,2024-12-01,2024-12-05,2024-12-05,706.65,5216.55,Returned,Local
SHP4822,ORD4822,WH006,VEH007,DRV001,RT019,2024-05-26,2024-05-29,2024-05-27,953.55,3554.09,Delivered,Local
SHP4823,ORD4823,WH001,VEH017,DRV008,RT008,2024-05-12,2024-05-14,2024-05-14,349.28,1663.61,Delivered,Inter-City
SHP4824,ORD4824,WH001,VEH009,DRV005,RT005,2024-06-16,2024-06-20,2024-06-24,309.38,1061.54,Delayed,Inter-City
SHP4825,ORD4825,WH006,VEH001,DRV037,RT009,2024-11-18,2024-11-21,2024-11-19,648.63,3023.37,Delivered,Inter-City
SHP4826,ORD4826,WH002,VEH010,DRV050,RT019,2024-06-03,2024-06-09,2024-06-08,424.78,1220.36,Delivered,Inter-City
SHP4827,ORD4827,WH005,VEH016,DRV029,RT014,2024-01-03,2024-01-05,2024-01-03,156.46,951.61,Delivered,Local
SHP4828,ORD4828,WH009,VEH002,DRV031,RT003,2024-03-03,2024-03-04,2024-03-04,258.79,1333.73,Delivered,Inter-City
SHP4829,ORD4829,WH009,VEH014,DRV018,RT004,2025-10-06,2025-10-10,2025-10-08,589.6,3294.04,Delivered,Inter-City
SHP4830,ORD4830,WH007,VEH020,DRV031,RT020,2024-09-07,2024-09-13,2024-09-11,227.72,1542.28,Delivered,Local
SHP4831,ORD4831,WH004,VEH008,DRV033,RT007,2024-07-19,2024-07-24,2024-07-24,448.88,2054.72,In Transit,Inter-City
SHP4832,ORD4832,WH009,VEH007,DRV036,RT013,2025-06-18,2025-06-23,2025-06-28,153.9,781.25,Delayed,Local
SHP4833,ORD4833,WH008,VEH007,DRV036,RT014,2025-07-05,2025-07-06,2025-07-05,351.85,2271.78,Delivered,Inter-City
SHP4834,ORD4834,WH004,VEH011,DRV003,RT016,2025-10-12,2025-10-17,2025-10-22,239.45,1259.63,Delayed,Local
SHP4835,ORD4835,WH008,VEH008,DRV047,RT012,2024-05-16,2024-05-17,2024-05-15,605.61,1302.3,Delivered,Inter-City
SHP4836,ORD4836,WH009,VEH009,DRV039,RT013,2024-02-01,2024-02-07,2024-02-09,929.91,7044.06,Delayed,Inter-City
SHP4837,ORD4837,WH003,VEH020,DRV050,RT020,2024-12-25,2024-12-26,2024-12-26,543.48,2599.02,Returned,Inter-City
SHP4838,ORD4838,WH003,VEH014,DRV043,RT014,2024-07-08,2024-07-13,2024-07-13,898.77,4221.65,Delivered,Local
SHP4839,ORD4839,WH008,VEH015,DRV048,RT015,2025-07-05,2025-07-12,2025-07-11,962.02,5795.34,Delivered,Inter-City
SHP4840,ORD4840,WH004,VEH020,DRV031,RT003,2025-06-29,2025-06-30,2025-07-05,50.18,296.68,Delayed,Inter-City
SHP4841,ORD4841,WH008,VEH009,DRV028,RT017,2025-08-10,2025-08-15,2025-08-15,221.12,921.92,Delivered,Inter-City
SHP4842,ORD4842,WH008,VEH009,DRV003,RT014,2024-06-10,2024-06-13,2024-06-13,144.58,390.96,In Transit,Inter-City
SHP4843,ORD4843,WH004,VEH008,DRV010,RT009,2025-07-23,2025-07-29,2025-07-28,500.61,2171.24,Delivered,Inter-City
SHP4844,ORD4844,WH002,VEH017,DRV035,RT009,2025-09-12,2025-09-13,2025-09-11,538.84,2399.53,Delivered,Inter-City
SHP4845,ORD4845,WH007,VEH003,DRV014,RT005,2025-08-17,2025-08-20,2025-08-20,403.22,3091.28,Delivered,Local
SHP4846,ORD4846,WH008,VEH006,DRV017,RT015,2025-02-16,2025-02-23,2025-02-23,207.87,1102.62,Returned,Inter-City
SHP4847,ORD4847,WH008,VEH005,DRV026,RT017,2024-11-26,2024-11-27,2024-11-27,467.75,2486.81,Delivered,Inter-City
SHP4848,ORD4848,WH005,VEH008,DRV033,RT012,2025-06-21,2025-06-28,2025-06-28,31.88,182.72,Delivered,Local
SHP4849,ORD4849,WH010,VEH017,DRV028,RT014,2025-12-04,2025-12-10,2025-12-15,165.24,1021.78,Delayed,Local
SHP4850,ORD4850,WH005,VEH011,DRV045,RT001,2024-11-30,2024-12-01,2024-11-30,618.26,2388.19,Delivered,Local
SHP4851,ORD4851,WH008,VEH008,DRV023,RT020,2025-05-14,2025-05-17,2025-05-16,229.55,854.52,Delivered,Inter-City
SHP4852,ORD4852,WH006,VEH008,DRV025,RT010,2025-09-25,2025-09-30,2025-09-29,104.83,248.34,Delivered,Inter-City
SHP4853,ORD4853,WH008,VEH019,DRV039,RT015,2025-04-12,2025-04-14,2025-04-14,164.9,1020.04,Delivered,Inter-City
SHP4854,ORD4854,WH005,VEH013,DRV047,RT003,2024-11-27,2024-11-29,2024-11-29,950.05,1959.83,Delivered,Local
SHP4855,ORD4855,WH008,VEH001,DRV009,RT015,2025-01-07,2025-01-13,2025-01-14,856.79,4161.88,Delayed,Inter-City
SHP4856,ORD4856,WH007,VEH020,DRV031,RT014,2025-12-11,2025-12-16,2025-12-16,857.1,5272.26,Delivered,Inter-City
SHP4857,ORD4857,WH006,VEH004,DRV017,RT012,2024-09-03,2024-09-10,2024-09-08,380.45,2117.59,Delivered,Inter-City
SHP4858,ORD4858,WH001,VEH004,DRV028,RT017,2024-03-13,2024-03-15,2024-03-15,500.47,3620.46,Delivered,Local
SHP4859,ORD4859,WH001,VEH001,DRV026,RT020,2025-09-24,2025-09-30,2025-09-30,951.17,3990.81,Delivered,Inter-City
SHP4860,ORD4860,WH006,VEH019,DRV015,RT019,2025-11-08,2025-11-10,2025-11-10,867.3,3067.49,Delivered,Local
SHP4861,ORD4861,WH006,VEH014,DRV022,RT006,2024-08-05,2024-08-07,2024-08-07,100.44,648.68,Delivered,Inter-City
SHP4862,ORD4862,WH009,VEH020,DRV020,RT009,2024-03-26,2024-03-28,2024-03-26,802.69,4359.3,Delivered,Inter-City
SHP4863,ORD4863,WH006,VEH003,DRV029,RT013,2025-07-31,2025-08-05,2025-08-05,212.57,491.2,Delivered,Inter-City
SHP4864,ORD4864,WH009,VEH003,DRV021,RT014,2025-08-20,2025-08-23,2025-08-21,912.6,4462.38,Delivered,Inter-City
SHP4865,ORD4865,WH006,VEH014,DRV039,RT012,2025-12-26,2025-12-27,2025-12-27,840.28,5825.94,Delivered,Inter-City
SHP4866,ORD4866,WH004,VEH014,DRV008,RT003,2024-05-23,2024-05-28,2024-05-28,852.34,3194.24,In Transit,Inter-City
SHP4867,ORD4867,WH009,VEH004,DRV005,RT015,2024-07-14,2024-07-15,2024-07-15,688.4,3763.79,In Transit,Inter-City
SHP4868,ORD4868,WH010,VEH008,DRV034,RT005,2024-03-11,2024-03-14,2024-03-13,136.67,634.81,Delivered,Inter-City
SHP4869,ORD4869,WH009,VEH019,DRV039,RT019,2025-08-01,2025-08-05,2025-08-05,507.79,3945.85,Delivered,Inter-City
SHP4870,ORD4870,WH004,VEH001,DRV050,RT006,2025-07-19,2025-07-22,2025-07-22,363.82,890.74,Delivered,Inter-City
SHP4871,ORD4871,WH006,VEH002,DRV021,RT013,2024-02-23,2024-02-28,2024-02-28,745.33,4043.96,Delivered,Inter-City
SHP4872,ORD4872,WH003,VEH014,DRV004,RT009,2025-12-19,2025-12-25,2025-12-23,357.12,2854.43,Delivered,Inter-City
SHP4873,ORD4873,WH010,VEH014,DRV021,RT009,2025-09-19,2025-09-24,2025-09-24,550.19,1997.7,Delivered,Inter-City
SHP4874,ORD4874,WH001,VEH020,DRV016,RT018,2025-03-14,2025-03-17,2025-03-17,990.11,4707.31,In Transit,Local
SHP4875,ORD4875,WH010,VEH006,DRV032,RT002,2025-12-04,2025-12-07,2025-12-06,512.8,1967.26,Delivered,Inter-City
SHP4876,ORD4876,WH008,VEH002,DRV022,RT013,2025-01-24,2025-01-26,2025-01-26,228.91,1636.11,Returned,Inter-City
SHP4877,ORD4877,WH001,VEH012,DRV026,RT001,2025-08-21,2025-08-27,2025-08-26,275.85,1199.4,Delivered,Inter-City
SHP4878,ORD4878,WH002,VEH012,DRV001,RT004,2024-05-21,2024-05-28,2024-05-26,779.75,2594.24,Delivered,Local
SHP4879,ORD4879,WH006,VEH002,DRV027,RT013,2025-10-05,2025-10-08,2025-10-07,435.6,1015.72,Delivered,Inter-City
SHP4880,ORD4880,WH006,VEH001,DRV023,RT020,2024-01-22,2024-01-29,2024-02-03,853.31,5003.4,Delayed,Local
SHP4881,ORD4881,WH008,VEH014,DRV022,RT016,2025-07-04,2025-07-09,2025-07-09,216.7,1479.32,Returned,Inter-City
SHP4882,ORD4882,WH010,VEH008,DRV038,RT004,2025-09-08,2025-09-11,2025-09-10,270.22,1288.95,Delivered,Local
SHP4883,ORD4883,WH010,VEH019,DRV003,RT007,2024-11-29,2024-12-06,2024-12-06,87.24,588.39,Delivered,Inter-City
SHP4884,ORD4884,WH010,VEH013,DRV002,RT019,2024-05-07,2024-05-08,2024-05-08,458.29,3409.27,Delivered,Local
SHP4885,ORD4885,WH005,VEH016,DRV005,RT010,2024-07-10,2024-07-13,2024-07-11,654.05,1968.7,Delivered,Inter-City
SHP4886,ORD4886,WH002,VEH003,DRV041,RT019,2024-02-20,2024-02-22,2024-02-21,649.79,4270.09,Delivered,Inter-City
SHP4887,ORD4887,WH003,VEH008,DRV032,RT015,2024-07-15,2024-07-21,2024-07-19,113.52,376.35,Delivered,Inter-City
SHP4888,ORD4888,WH004,VEH001,DRV040,RT018,2024-09-06,2024-09-07,2024-09-06,373.14,1110.05,Delivered,Inter-City
SHP4889,ORD4889,WH008,VEH018,DRV050,RT001,2024-07-31,2024-08-03,2024-08-02,220.78,701.31,Delivered,Local
SHP4890,ORD4890,WH003,VEH017,DRV029,RT009,2025-10-10,2025-10-12,2025-10-12,804.11,3619.36,Returned,Inter-City
SHP4891,ORD4891,WH007,VEH018,DRV026,RT014,2025-06-28,2025-06-29,2025-06-27,660.11,2641.74,Delivered,Inter-City
SHP4892,ORD4892,WH009,VEH002,DRV003,RT002,2025-01-03,2025-01-08,2025-01-06,659.31,4960.96,Delivered,Inter-City
SHP4893,ORD4893,WH004,VEH018,DRV008,RT011,2025-04-25,2025-05-02,2025-05-01,865.83,2007.7,Delivered,Inter-City
SHP4894,ORD4894,WH002,VEH011,DRV018,RT008,2025-12-02,2025-12-07,2025-12-05,747.6,5855.46,Delivered,Local
SHP4895,ORD4895,WH008,VEH018,DRV007,RT018,2025-10-12,2025-10-13,2025-10-12,456.82,3563.1,Delivered,Local
SHP4896,ORD4896,WH005,VEH020,DRV047,RT004,2024-10-15,2024-10-20,2024-10-18,871.97,2342.77,Delivered,Inter-City
SHP4897,ORD4897,WH002,VEH010,DRV018,RT014,2025-02-20,2025-02-21,2025-02-19,659.53,2668.95,Delivered,Local
SHP4898,ORD4898,WH002,VEH015,DRV006,RT002,2024-01-04,2024-01-11,2024-01-10,919.12,4126.99,Delivered,Inter-City
SHP4899,ORD4899,WH003,VEH013,DRV026,RT014,2025-07-03,2025-07-08,2025-07-07,294.04,1970.84,Delivered,Inter-City
SHP4900,ORD4900,WH006,VEH008,DRV050,RT013,2024-08-13,2024-08-17,2024-08-16,428.43,1783.75,Delivered,Inter-City
SHP4901,ORD4901,WH010,VEH012,DRV040,RT020,2024-02-16,2024-02-18,2024-02-16,232.49,857.76,Delivered,Inter-City
SHP4902,ORD4902,WH003,VEH008,DRV036,RT004,2025-03-14,2025-03-16,2025-03-16,384.29,3010.89,Delivered,Inter-City
SHP4903,ORD4903,WH009,VEH010,DRV040,RT004,2025-06-23,2025-06-29,2025-06-28,101.21,436.17,Delivered,Inter-City
SHP4904,ORD4904,WH003,VEH018,DRV034,RT008,2025-02-17,2025-02-19,2025-02-17,338.48,2586.95,Delivered,Inter-City
SHP4905,ORD4905,WH006,VEH007,DRV013,RT003,2025-11-05,2025-11-08,2025-11-08,631.8,1556.37,Delivered,Inter-City
SHP4906,ORD4906,WH004,VEH012,DRV028,RT004,2024-04-21,2024-04-25,2024-04-26,168.04,847.01,Delayed,Local
SHP4907,ORD4907,WH008,VEH007,DRV020,RT010,2025-04-12,2025-04-19,2025-04-17,789.78,3691.19,Delivered,Local
SHP4908,ORD4908,WH003,VEH008,DRV050,RT020,2024-04-22,2024-04-26,2024-04-30,80.76,500.2,Delayed,Local
SHP4909,ORD4909,WH007,VEH018,DRV011,RT006,2024-12-20,2024-12-25,2024-12-30,344.42,2645.84,Delayed,Inter-City
SHP4910,ORD4910,WH005,VEH007,DRV008,RT007,2025-10-11,2025-10-17,2025-10-16,697.74,4245.63,Delivered,Inter-City
SHP4911,ORD4911,WH005,VEH001,DRV034,RT015,2024-11-10,2024-11-14,2024-11-13,32.47,152.93,Delivered,Inter-City
SHP4912,ORD4912,WH010,VEH016,DRV010,RT019,2025-10-05,2025-10-09,2025-10-09,747.13,3050.74,Delivered,Inter-City
SHP4913,ORD4913,WH006,VEH015,DRV032,RT019,2025-08-08,2025-08-15,2025-08-15,387.94,1955.49,Delivered,Inter-City
SHP4914,ORD4914,WH004,VEH010,DRV017,RT005,2024-12-02,2024-12-03,2024-12-04,508.51,2839.48,Delayed,Inter-City
SHP4915,ORD4915,WH005,VEH011,DRV021,RT003,2025-08-22,2025-08-28,2025-08-30,292.95,1234.72,Delayed,Local
SHP4916,ORD4916,WH003,VEH017,DRV028,RT008,2024-11-14,2024-11-19,2024-11-22,11.03,85.78,Delayed,Inter-City
SHP4917,ORD4917,WH002,VEH015,DRV004,RT013,2024-09-14,2024-09-19,2024-09-19,307.76,1216.44,Delivered,Inter-City
SHP4918,ORD4918,WH004,VEH016,DRV045,RT012,2024-07-02,2024-07-03,2024-07-03,100.89,419.35,In Transit,Inter-City
SHP4919,ORD4919,WH010,VEH004,DRV018,RT014,2025-11-20,2025-11-21,2025-11-20,686.46,2603.56,Delivered,Local
SHP4920,ORD4920,WH002,VEH012,DRV031,RT008,2024-07-11,2024-07-15,2024-07-14,896.09,4575.65,Delivered,Inter-City
SHP4921,ORD4921,WH001,VEH020,DRV006,RT007,2024-09-30,2024-10-01,2024-09-29,493.94,1191.78,Delivered,Inter-City
SHP4922,ORD4922,WH010,VEH001,DRV032,RT004,2025-08-10,2025-08-13,2025-08-12,644.14,3827.43,Delivered,Inter-City
SHP4923,ORD4923,WH005,VEH012,DRV007,RT010,2025-08-19,2025-08-22,2025-08-22,103.14,566.71,In Transit,Inter-City
SHP4924,ORD4924,WH006,VEH011,DRV035,RT007,2025-07-09,2025-07-13,2025-07-13,386.74,857.67,Delivered,Inter-City
SHP4925,ORD4925,WH008,VEH006,DRV039,RT013,2025-03-12,2025-03-18,2025-03-18,845.68,4316.99,Delivered,Inter-City
SHP4926,ORD4926,WH009,VEH009,DRV016,RT017,2025-06-15,2025-06-16,2025-06-15,828.64,3203.19,Delivered,Local
SHP4927,ORD4927,WH003,VEH015,DRV046,RT006,2024-07-19,2024-07-25,2024-07-26,824.06,4635.21,Delayed,Local
SHP4928,ORD4928,WH008,VEH001,DRV020,RT013,2024-10-09,2024-10-12,2024-10-12,343.68,1174.22,In Transit,Local
SHP4929,ORD4929,WH001,VEH013,DRV043,RT001,2024-09-24,2024-09-27,2024-09-25,725.11,4382.88,Delivered,Local
SHP4930,ORD4930,WH010,VEH002,DRV033,RT003,2025-06-09,2025-06-13,2025-06-13,214.95,466.69,Delivered,Inter-City
SHP4931,ORD4931,WH008,VEH013,DRV016,RT005,2025-04-12,2025-04-14,2025-04-14,210.7,1048.75,Delivered,Inter-City
SHP4932,ORD4932,WH007,VEH020,DRV021,RT002,2024-09-25,2024-10-02,2024-10-04,150.41,886.51,Delayed,Inter-City
SHP4933,ORD4933,WH001,VEH011,DRV038,RT002,2024-09-23,2024-09-27,2024-09-27,359.85,1426.53,Delivered,Inter-City
SHP4934,ORD4934,WH003,VEH006,DRV027,RT012,2024-09-23,2024-09-28,2024-09-28,57.16,386.56,Delivered,Inter-City
SHP4935,ORD4935,WH006,VEH007,DRV037,RT015,2024-07-13,2024-07-20,2024-07-19,844.25,2177.57,Delivered,Inter-City
SHP4936,ORD4936,WH006,VEH020,DRV038,RT014,2024-10-30,2024-11-01,2024-10-31,63.94,273.6,Delivered,Inter-City
SHP4937,ORD4937,WH001,VEH001,DRV040,RT018,2025-09-29,2025-10-05,2025-10-04,160.55,566.99,Delivered,Inter-City
SHP4938,ORD4938,WH001,VEH011,DRV006,RT009,2025-11-01,2025-11-07,2025-11-07,246.14,1846.34,In Transit,Inter-City
SHP4939,ORD4939,WH007,VEH010,DRV006,RT003,2025-09-14,2025-09-19,2025-09-19,702.7,3236.11,Delivered,Local
SHP4940,ORD4940,WH007,VEH010,DRV046,RT002,2025-10-18,2025-10-25,2025-10-27,699.64,5278.96,Delayed,Local
SHP4941,ORD4941,WH003,VEH014,DRV003,RT002,2025-02-26,2025-02-28,2025-02-26,753.71,4108.51,Delivered,Inter-City
SHP4942,ORD4942,WH003,VEH006,DRV013,RT017,2024-09-22,2024-09-24,2024-09-23,851.68,4816.51,Delivered,Inter-City
SHP4943,ORD4943,WH010,VEH007,DRV035,RT020,2024-11-22,2024-11-27,2024-11-26,370.45,2751.76,Delivered,Local
SHP4944,ORD4944,WH010,VEH006,DRV010,RT011,2024-03-06,2024-03-12,2024-03-11,282.34,1388.22,Delivered,Local
SHP4945,ORD4945,WH003,VEH020,DRV018,RT020,2025-03-31,2025-04-04,2025-04-03,401.16,1559.75,Delivered,Local
SHP4946,ORD4946,WH003,VEH017,DRV050,RT017,2025-11-20,2025-11-25,2025-11-28,995.26,3195.87,Delayed,Local
SHP4947,ORD4947,WH004,VEH014,DRV032,RT014,2025-03-09,2025-03-12,2025-03-11,62.94,156.2,Delivered,Inter-City
SHP4948,ORD4948,WH001,VEH003,DRV011,RT005,2025-10-04,2025-10-05,2025-10-05,228.38,1498.4,Delivered,Inter-City
SHP4949,ORD4949,WH009,VEH016,DRV023,RT007,2025-10-18,2025-10-25,2025-10-23,786.24,2414.8,Delivered,Inter-City
SHP4950,ORD4950,WH005,VEH010,DRV048,RT017,2024-08-07,2024-08-14,2024-08-13,292.08,1943.23,Delivered,Inter-City
SHP4951,ORD4951,WH006,VEH015,DRV019,RT019,2025-06-02,2025-06-07,2025-06-05,630.56,3600.87,Delivered,Local
SHP4952,ORD4952,WH009,VEH007,DRV036,RT005,2025-01-05,2025-01-07,2025-01-07,374.79,1393.51,Returned,Inter-City
SHP4953,ORD4953,WH001,VEH020,DRV013,RT011,2025-12-06,2025-12-08,2025-12-07,177.01,422.06,Delivered,Inter-City
SHP4954,ORD4954,WH002,VEH016,DRV013,RT010,2025-01-23,2025-01-27,2025-01-28,940.62,4322.45,Delayed,Local
SHP4955,ORD4955,WH009,VEH019,DRV041,RT019,2025-12-30,2026-01-05,2026-01-05,972.26,3436.49,Delivered,Inter-City
SHP4956,ORD4956,WH002,VEH012,DRV031,RT011,2025-03-01,2025-03-02,2025-03-02,547.82,3279.68,Delivered,Inter-City
SHP4957,ORD4957,WH002,VEH002,DRV014,RT001,2024-06-15,2024-06-17,2024-06-17,717.16,2336.43,Delivered,Local
SHP4958,ORD4958,WH006,VEH012,DRV007,RT006,2024-04-08,2024-04-15,2024-04-19,598.33,2002.46,Delayed,Inter-City
SHP4959,ORD4959,WH004,VEH005,DRV036,RT012,2024-09-22,2024-09-23,2024-09-26,976.3,7432.45,Delayed,Inter-City
SHP4960,ORD4960,WH007,VEH008,DRV041,RT005,2025-02-26,2025-03-04,2025-03-02,131.98,497.54,Delivered,Inter-City
SHP4961,ORD4961,WH006,VEH007,DRV031,RT004,2024-12-10,2024-12-16,2024-12-16,270.34,742.85,Delivered,Inter-City
SHP4962,ORD4962,WH010,VEH013,DRV032,RT018,2025-03-27,2025-03-31,2025-03-29,502.54,1102.29,Delivered,Local
SHP4963,ORD4963,WH002,VEH004,DRV041,RT012,2025-09-12,2025-09-13,2025-09-13,182.72,953.87,Delivered,Local
SHP4964,ORD4964,WH003,VEH007,DRV012,RT013,2024-07-13,2024-07-16,2024-07-15,794.13,3563.36,Delivered,Inter-City
SHP4965,ORD4965,WH001,VEH007,DRV013,RT013,2025-07-30,2025-08-05,2025-08-05,192.34,425.18,Returned,Local
SHP4966,ORD4966,WH006,VEH015,DRV006,RT019,2025-04-10,2025-04-12,2025-04-12,204.25,1080.31,Delivered,Local
SHP4967,ORD4967,WH006,VEH010,DRV022,RT011,2024-05-20,2024-05-24,2024-05-22,730.93,3378.53,Delivered,Inter-City
SHP4968,ORD4968,WH003,VEH013,DRV001,RT006,2024-08-08,2024-08-11,2024-08-10,287.76,2280.4,Delivered,Inter-City
SHP4969,ORD4969,WH010,VEH008,DRV001,RT020,2025-09-18,2025-09-25,2025-09-30,536.4,2710.42,Delayed,Local
SHP4970,ORD4970,WH002,VEH020,DRV047,RT012,2024-01-13,2024-01-17,2024-01-15,562.88,2799.01,Delivered,Inter-City
SHP4971,ORD4971,WH010,VEH013,DRV037,RT019,2025-09-13,2025-09-18,2025-09-18,669.54,5158.27,Delivered,Local
SHP4972,ORD4972,WH010,VEH004,DRV041,RT019,2024-10-24,2024-10-29,2024-10-27,462.82,2005.24,Delivered,Inter-City
SHP4973,ORD4973,WH003,VEH008,DRV043,RT003,2025-09-04,2025-09-10,2025-09-08,13.74,39.19,Delivered,Inter-City
SHP4974,ORD4974,WH002,VEH012,DRV022,RT004,2025-05-21,2025-05-28,2025-05-27,522.11,2286.17,Delivered,Local
SHP4975,ORD4975,WH004,VEH015,DRV014,RT011,2024-07-28,2024-07-30,2024-07-30,880.15,1941.23,Delivered,Inter-City
SHP4976,ORD4976,WH009,VEH019,DRV039,RT013,2025-02-22,2025-02-26,2025-02-26,504.11,3456.04,Returned,Inter-City
SHP4977,ORD4977,WH009,VEH012,DRV035,RT009,2024-08-05,2024-08-06,2024-08-06,388.28,2905.37,Delivered,Inter-City
SHP4978,ORD4978,WH001,VEH013,DRV023,RT003,2024-11-08,2024-11-14,2024-11-12,256.79,1224.87,Delivered,Inter-City
SHP4979,ORD4979,WH010,VEH013,DRV047,RT012,2025-12-01,2025-12-08,2025-12-07,750.31,1852.54,Delivered,Inter-City
SHP4980,ORD4980,WH006,VEH012,DRV029,RT016,2024-03-08,2024-03-14,2024-03-14,932.58,5671.91,Delivered,Local
SHP4981,ORD4981,WH003,VEH015,DRV022,RT019,2025-02-28,2025-03-01,2025-02-27,921.06,4858.37,Delivered,Inter-City
SHP4982,ORD4982,WH010,VEH011,DRV036,RT013,2025-09-16,2025-09-20,2025-09-25,193.11,770.6,Delayed,Inter-City
SHP4983,ORD4983,WH009,VEH010,DRV014,RT009,2024-06-13,2024-06-15,2024-06-15,265.44,971.31,Delivered,Local
SHP4984,ORD4984,WH006,VEH006,DRV048,RT004,2024-06-21,2024-06-24,2024-06-22,870.47,6614.49,Delivered,Inter-City
SHP4985,ORD4985,WH007,VEH002,DRV028,RT005,2025-10-20,2025-10-27,2025-10-27,757.81,5586.79,Delivered,Inter-City
SHP4986,ORD4986,WH002,VEH018,DRV003,RT009,2024-02-18,2024-02-24,2024-02-22,873.44,5523.07,Delivered,Inter-City
SHP4987,ORD4987,WH010,VEH019,DRV008,RT011,2024-05-07,2024-05-14,2024-05-13,746.43,2799.76,Delivered,Inter-City
SHP4988,ORD4988,WH006,VEH002,DRV036,RT012,2024-01-15,2024-01-21,2024-01-21,705.52,4266.28,Delivered,Local
SHP4989,ORD4989,WH008,VEH009,DRV046,RT006,2025-09-07,2025-09-13,2025-09-12,909.33,6093.96,Delivered,Inter-City
SHP4990,ORD4990,WH005,VEH003,DRV012,RT006,2025-02-25,2025-02-28,2025-02-27,139.98,861.23,Delivered,Inter-City
SHP4991,ORD4991,WH004,VEH019,DRV048,RT006,2024-10-19,2024-10-22,2024-10-22,601.7,3816.82,Delivered,Inter-City
SHP4992,ORD4992,WH001,VEH010,DRV009,RT009,2024-01-27,2024-02-01,2024-02-01,954.59,4506.9,In Transit,Local
SHP4993,ORD4993,WH005,VEH005,DRV024,RT008,2025-08-07,2025-08-13,2025-08-11,823.41,5624.61,Delivered,Inter-City
SHP4994,ORD4994,WH007,VEH017,DRV042,RT011,2025-10-02,2025-10-04,2025-10-03,794.52,6103.85,Delivered,Inter-City
SHP4995,ORD4995,WH007,VEH017,DRV012,RT001,2025-08-05,2025-08-06,2025-08-04,649.28,1696.33,Delivered,Inter-City
SHP4996,ORD4996,WH003,VEH010,DRV050,RT013,2025-02-03,2025-02-04,2025-02-03,884.3,5903.64,Delivered,Local
SHP4997,ORD4997,WH009,VEH002,DRV039,RT016,2024-01-02,2024-01-04,2024-01-04,609.94,4301.53,Delivered,Inter-City
SHP4998,ORD4998,WH010,VEH001,DRV039,RT014,2025-11-21,2025-11-23,2025-11-22,867.45,2263.26,Delivered,Inter-City
SHP4999,ORD4999,WH006,VEH020,DRV005,RT003,2025-04-25,2025-04-28,2025-04-26,217.16,587.15,Delivered,Local
SHP5000,ORD5000,WH001,VEH005,DRV043,RT012,2024-07-27,2024-07-29,2024-07-28,600.57,1207.28,Delivered,Inter-City
